text,true_claims
"That is truly amazing, considering that the center of the ice sheet didnt make it above freezing at any time this summer, and that the Petermann Glacier has grown a kilometer since 2010.","['1_1_2,', '1_1_3']"
"Dr. Hansen and his colleagues cite the observed surface temperatures of Mars and, particularly, Venus as support for their predicted greenhouse effect . The surface of Venus, with an atmosphere formed largely of carbon dioxide, is at about 900 degrees Fahrenheit.",['0_0_0']
"The wind turbines would have a significant visual impact on the mountains and other wild land, and adversely affect a broad swathe of Scotlands finest landscapes.",['4_1_3']
"Using a host of different model specifications and alternative measures of drought, heat, and civil war, the paper concludes that climate variability is a poor predictor of armed conflict. Instead, African civil wars can be explained by generic structural and contextual conditions: prevalent ethno-political exclusion, poor national economy, and the collapse of the Cold War system.",['3_5_0']
The U.S. was already a climate leader long before the IIJA and the IRA became law.,['4_4_1']
"It was supposed to be the next big thing. At the turn of the century, green jobs were supposed to be the wave of the future. How is that going for them? According to the best numbers from the Bureau of Labor Statistics, fewer than 2,500 green jobs have been created in California since 2010.",['4_2_1']
"Evidence is quickly mounting against the idea that Antarctic melt will contribute to global sea level rise during the 21st century. In fact, the real debate might be concerning the degree to which an increase in mass balance on Antarctica will counterbalance melt elsewhere across Earth.","['1_1_1,', '1_6_0']"
"Examination of several proxy records (e.g., sediment cores) of sea ice indicateice-free or near ice-free summer conditions for at least some time during the period of 15,000 to 5,000 years ago.",['2_1_4']
There hasn't been any sea level rise in the San Francisco Bay for at least 70 years.,['1_6_0']
"Even assuming the worse-case scenarios, delaying substantial cuts in CO2 emissions for the next 25 years would produce an additional global temperature rise of no more than a few tenths of a degree C by the year 2100.",['3_4_0']
"Arctic sea ice area is currently almost 2 million square kilometers higher than one year ago. It is near normal for the end of October, humiliating some would-be ""predictions.",['1_1_3']
"Using data from the Intergovernmental Panel on Climate Change (IPCC), a Science and Public Policy Institute paper published last month found that if the United States eliminated all carbon dioxide emissions, the overall impact on global temperature rise would be only 0.08 degrees Celsius by 2050.",['4_2_2']
"Oil and natural gas demand is expected to continue to grow for the 
foreseeable future. Alternative energy sources, such as wind and solar 
power, are being pursued but will not alter this outlook for decades to 
come, again making the point that for those who say do not worry about 
these three major sources of energy, we are going to make it up with 
nonrenewables, we can see the large discrepancy.","['7_3_0', '4_2_7_2']"
"The duplicity and hypocrisy of environmental pressure groups seem to be matched only by their consummate skill at manipulating public opinion, amassing political power, securing taxpayer-funded government grants, and persuading people to send them money and invest in ethical stock funds.",['6_1_4']
"The net effect of a warming of the climate of Shanghai would likely be reduced mortality on the order of 0.5% per degree Celsius increase in temperature, or perhaps even more.",['3_6_0']
"As country after country abandons, curtails or reneges on once-generous support for renewable energy, Europe is beginning to realise that its green energy strategy is dying on the vine. Green dreams are giving way to hard economic realities.","['4_2_7,', '4_1_1']"
"Of course, the chance of editors at Science allowing such a response paper to get published is virtually zero. The editors at Science choose which scientists will be asked to provide peer review, and they already  know who they can count on to reject a skeptics paper.",['6_1_5']
"In introducing their study, the authors write that ""whether and how ocean acidification will affect marine organisms, ecosystems and the goods and services they provide is currently a topic of great concern,"" and in their specific case that concern is directed towards juvenile clams of coastal marine ecosystems, since they say these shellfish ""link primary productivity with upper trophic levels"" and ""are also important economic resources for fisheries and aquaculture."" What was done",['0_0_0']
"CO2 is a greenhouse gas, and it warms the planet. The modellers guessed that as the world warmed, more water would evaporate, and the rising humidity would lock in more heat. Makes sense. Humid nights are warmer than clear nights.",['0_0_0']
"(2) The radiative forcing by the non-condensing greenhouse gases is accurately known, and fully understood. Of the GHGs, atmospheric CO 2 is the principal contributor, hence the principal control knob that governs the strength of the greenhouse effect and global temperature. The greenhouse physics, and the increase of atmospheric greenhouse gases as the fundamental basis for global warming, are well founded.",['0_0_0']
"They conclude that there is a 'heavy extinction risk' given current global warming predictions of a 0.4C rise over two decades, which cuts the chance of survival from 95 per cent to 80 per cent.",['0_0_0']
"Further, satellites show atmospheric trends that are smaller than surface trends even though atmospheric theory (and the models incorporating that theory), show the opposite. Instead, models predict that there should be an ""amplification"" of the surface warming trend to produce a ""hot spot"" in the tropical troposphere. Instead, both satellite data and independent balloon data show a near-zero trend from 1979 to 1997, followed by a well-known 1998 temp ""spike"" which is universally attributed to a Super-El-Nino. This absence of an observed hot spot suggests that the land-surface temperature warming trend (1979-1997) is greatly overestimated, and should be close to zero in the Tropics.","['5_4_0,', '2_3_5']"
"Naturally they claim this ancient forest was wiped out by global warming, somehow forgetting to mention that for hundreds of millions of years  prior  to the Carboniferous age atmospheric carbon dioxide had been somewhere north of 3,000ppm, possibly  far north.",['2_3_6_1']
"So why is climate change a priority? Because it is so easy to blame everything on it, however tenuously, and thereby attach your own agenda  even a nuclear energy or a trading paper agenda. However the downside that few people want to look for is the huge chance of unintended consequences from bad policy.",['4_1_4']
Concentrations of greenhouse gases in the atmosphere have reached new highs and are very rapidly approaching levels consistent with a 2 to 2.4 Celsius rise in average global temperatures.,['0_0_0']
Future generations will be richer and will be better able to solve climate change,['4_2_10']
"Climate change is such an immense, complex problem that involves almost every aspect of modern life—energy, transportation, industry—that it feels impossible to solve. Given how difficult it is to make the necessary changes on a global scale, maybe it’s not worth pouring resources into an issue we’re unlikely to fix, especially when we could be focusing on other immediate challenges.","['4_3_0,', '4_2_14']"
Global Warming Not a National Security Threat,['3_5_0']
"The greatest climate change the world has seen in the last 100,000 years was the transition from the ice age to the warm interglacial period. New research from the Niels Bohr Instituteat the University of Copenhagen indicates that, contrary to previous opinion, the rise in temperature and the rise in the atmospheric CO 2 follow each other closely in terms of time. The results have been published in the scientific journal, Climate of the Past.",['0_0_0']
"A central conceit in the climate change debate is not just that experts can forecast the planet's weather a century from now. It is the implicit, and explicit, assumption that anyone might forecast technology in the year 2110. The world's future energy choices and appetites are the central features of all climate mitigation schemes. But it is not today's technology that is relevant here, but the technology of the 22nd century that will determine how we will then obtain energy and what kind, how it is used, how much is used and for what.",['4_2_10']
"They conclude that their results ""offer compelling evidence that climate change has already produced observable adaptive shifts in morphology, behavior, and phenology of a great many species,"" as, we might add, birds  do what they need to do  to successfully cope with the climate changes they encounter.",['3_2_1']
"""It needs to be emphasised that any masking is short-lived, and the increased CO2 from the same coal will remain in the atmosphere for many decades and dominate the long-term warming over the next decades.""",['0_0_0']
"In 2011 the Congressional Research Service reported that America's reserves of coal are unsurpassed, accounting for more than 28% of the world's coal. It estimated that U.S. recoverable coal reserves were approximately 262 billion tons.",['7_1_0']
"Simply making our homes, cars, and industries more energy-efficient can drastically reduce emissions without the need for drastic lifestyle changes or expensive technologies.",['4_2_12']
"""The increase of global average temperature has to be limited to 2 degrees Celsius compared to the pre-industrial level."" Again, this temperature increase is principally of natural origin.  Unfortunately humans cannot end sunspot activities.",['2_1_1']
"As we know, the usual suspects have been trying to pretend that the Houston floods are unprecedented and caused by climate change.","['1_7_0,', '6_1_0']"
"Next here are three proxies all with t-values in the seemingly uninformative 0.6-0.65 range: an Argentine tree ring series, a French tree ring series and a Greenland dO!8 series (the last one being used over and over again in these studies.) At very low confidence intervals, each of these ""proxies"" yields only very wide ""confidence"" intervals, none of which actually overlap the observed value.",['5_2_0']
"Using airborne radars flown during NASAs Operation IceBridge, Koenig and her colleagues were surprised to see the signature of liquid water under snow. They now report these buried lakes are common and extensive on the western margins of the Greenland Ice Sheet. The volume of water retained in buried lakes is small compared with the total mass of water melting from the ice sheet every year, but the lakes can warm the ice and prime the system for melt in spring and summer.",['0_0_0']
"Carbon dioxide, a trace gas absolutely essential for human and other life, is currently four one-hundredths of 1 percent of the atmosphere.","['2_3_1,', '3_3_0']"
"Since ACO2 cannot be distinguished from natural CO2 the amount of ACO2 accumulating and contributing to the increase in CO2 is 3.67% of 1.5% which is 0.055%; a miniscule amount. So, even if CO2 did have a warming effect, as AGW predicts, the anthropogenic contribution to this warming would be negligible.",['2_3_6']
There isn't any doubt in the scientific community that the temperature increase associated with an interglacial period precedes an increase in carbon dioxide concentrations.,['2_3_3']
Greenlands surface gained mass yesterday for the first time this summer. The net surface gain over the past year has been 300 billion tons,['1_1_2']
"Like Penny Wong before him, Minister Combet has been captured by the self-seeking, alarmist global warming rhetoric of the United Nations IPCC and its supporters. Surely the Government should conduct an inquiry before acting on such impaired advice, yet the advice stands unaudited? There are no checks and balances, and no formal oversight. ",['6_1_3']
"And if you STILL don't see how this demonstrates the greenhouse effect, imagine what would happen if you suddenly removed all of that atmosphere and clouds: there would be a sudden increase in the rate of net IR flow from the surface of the Earth to outer space, and temperatures would drop. THAT is the greenhouse effect.",['0_0_0']
The planet is warming due to increased concentrations of heat-trapping gases in our atmosphere. A snowy winter in Washington does not alter this fact.,['0_0_0']
"Between 30 and 65 percent of the ice gain due toenhanced snowfall in Antarctica is countervailed by enhanced iceloss along the coastline, says lead-author Ricarda Winkelmann.",['0_0_0']
"This means climate change places equatorial marine species most at risk, as oceans are projected to warm by two to three degrees Celsius by the end of this century.",['0_0_0']
The recently released paper by Steig et al (2009) Warming of the Antarctic ice-sheet surface since the 1957 International Geophysical Year generated a lot of buzz on the climate blogs today.,['0_0_0']
"Furthermore, we're nowhere near the peak reached by the interglacial of 125,000 years ago, when temperatures were 1-3C higher than today and sea levels up to 20 feet higher, according to the Intergovernmental Panel  on Climate Change itself. In other words, the Globe might as well have  had a headline reading Signs of changing weather unmistakable.",['2_1_4']
"I say let's forget this legislation, let's get busy doing things that 
will work. I and the American people are fed up with a dependence on 
foreign oil and the resulting high prices driven by the OPEC cartel 
that meets to decide how much they want to tax the American economy. 
They want to fight back. They are willing to take strong action now. 
But they are not understanding what this bill does. They do not expect 
the Congress to pass a bill that is going to cause them to pay even 
higher prices; that is going to create a huge bureaucracy with more 
regulations, lawsuits, lobbyists, and trillions of new taxes going to 
people who are not accountable to the American people--and they should 
not.","['4_1_1', '4_1_5']"
The Russian cutoff of natural gas to Europe was also a reminder of the geopolitical risk of discouraging domestic coal under cap and trade.,"['7_2_2,', '4_1_2']"
"We will certainly tend to import refined product from countries who do not have caps on emissions, so we will see leakage, not only of the jobs, but of the carbon emissions, and have less energy security.","['4_1_1_1,', '4_1_2']"
"America needs to embrace a true energy policy that supports every 
type, from natural gas, oil drilling, nuclear, hydroelectric, and the 
other renewables. We cannot simply declare that some methods of power 
generation are off limits like the Biden administration and others have 
been trying to do to natural gas and oil.","['7_2_0', '7_3_0']"
"In attendance at the press conference was a journalist from Die Zeit, who, never having read the book, immediately attacked the two authors and their message. The good news that there was lots of science emerging showing no coming climate catastrophe was just too upsetting for him to handle. Just think about that.","['6_1_2,', '3_0_0']"
Arctic melting is a good thing. The alternative would be a real problem.,['3_0_0']
"This week, after reviewing his own new data, NASA climate scientist Jay Zwally said: At this rate, the Arctic Ocean could be nearly ice-free at the end of summer by 2012, much faster than previous predictions.",['0_0_0']
"In its 2001 report on global climate, the Intergovernmental Panel on Climate Change of the United Nations prominently featured the Hockey Stick, a chart showing global temperature data over the past one thousand years. The Hockey Stick demonstrated that temperature had risen with the increase in industrialization and use of fossil fuels. The inescapable conclusion was that worldwide human activity since the industrial age had raised CO2 levels, trapping greenhouse gases in the atmosphere and warming the planet.",['0_0_0']
"*We probably don't agree on what has caused the warming up to now, but it seemed that Prof Lockwood and Svensmark actually agreed it was not due to solar changes, because although they disagreed on how much of the variability in the climate records is solar, they both showed solar records without a rising trend in the late 20th century.",['0_0_0']
"A study published in Science reconstructs global temperatures further back than ever before a full 11,300 years. The new analysis finds that the only problem with Manns hockey stick was that its handle was about 9,000 years too short. The rate of warming over the last 100 yearshasntbeen seen for as far back as the advent of agriculture .",['0_0_0']
"Climate change is an engineering problem--not social engineering but 
the real kind. It is a challenge of creativity, ingenuity, and most of 
all, technical innovation. Problems of human imagination are not solved 
by more laws; they are solved by more humans, more people, meaning 
bigger markets for innovation. More babies will mean more forward-
looking adults, the sort we need to tackle long-term, large-scale 
problems.","['4_2_10_2', '4_2_8']"
"By 2100, the BAU projected rise is 37.1cm and the Kerry-Lieberman rise is 36.0cm. At century's end sea level rise savings of 1.1cm, or 0.43 inches. Too small to be of consequence.",['4_2_2']
Many countries are unwilling to sign a treaty when greenhouse gas emission reductions cannot be independently verified.,['4_2_6']
"In the Arctic, climate change is happening at an accelerated pace,' Pratt said. 'A big question is what will happen to atmospheric composition in the Arctic as the temperatures rise and snow and ice decline even further'",['0_0_0']
"Even at the very high end of the UN's estimates of CO2's warming potential, replacing 4.7 with 5.7 as our coefficient in the ""global warming"" equation, we still won't expect warming of much more than a quarter of a Celsius degree, or a fraction over half a Fahrenheit degree.",['3_4_0']
"Wrong. The British Antarctic Survey, working with NASA, last week confirmed ice around Antarctica has grown 100,000 sq km each decade for the past 30 years",['1_1_1']
"According to NASAs top climate scientist, the oceans are gaining heat (due to man made global warming) at a rate of 400,000 A-Bombs per day. He also tells us that the warmer water causes more frequent and powerful hurricanes.",['0_0_0']
This sequestration of CO2 by living things is far more important than trivial additions to the atmosphere caused by human activity.,['2_3_6']
"I'm dreaming of a white...climate change protest. As you might have seen on the Drudge Report, a demonstration in support of cap-and-trade legislation in Annapolis ended up covered in chilly snow yesterday. Where's your global warming, now?",['1_3_0']
"By investing in energy-efficient appliances, buildings, and transportation, we can meet climate goals without disrupting our daily lives or imposing strict regulations.",['4_2_12']
Leaked United Nations report reveals the world's temperature hasn't risen for the last 15 years.,['1_4_0']
Climates always change -- why are we so worried?,['2_1_4']
"Now, there's a lot of creative things. But they are little niche players. They are little niche markets. They are not huge volumes. So it is important that Americans understand that whether we like it or not, fossil fuels are going to be our major energy source a lot longer than we want them. If we continue to not produce our own, then we are going to have to buy them from foreign countries.","['7_3_0,', '7_2_2']"
"To paraphrase Gavin Schmidt, the individual ensemble members contain random noise that is inherent in each model. That noise limits the value of each individual ensemble member. The model mean, through averaging, minimizes model noise, revealing the forced component. In other words, the model mean is the best-guess approximation of the modelers assumptions about how climate on Earth is supposed to respond to human-induced global warming.",['0_0_0']
"It turns out that the belief in a sensitive climate is not because of the observational evidence, but in spite of it.  There is considerable evidence for low climate sensitivity.",['3_1_0']
The six scientists report their study found that the offspring of female turtles nesting on the naturally hot (black sand) beach survived better and grew larger at hot incubation temperatures compared with the offspring of females nesting on the cooler (pale sand) beach,['3_2_1']
"Well, I think it is manmade. I think its clearly manmade. And, look, this probably explains the biggest fundamental difference between John McCain and Barack Obama and Sarah Palin and Joe Biden Governor Palin and Joe Biden. If you dont understand what the cause is, its virtually impossible to come up with a solution. We know what the cause is. The cause is manmade. Thats the cause. Thats why the polar icecap is melting. Now, lets look at the facts. We have 3 percent of the worlds oil reserves. We consume 25 percent of the oil in the world.",['0_0_0']
We have at least 25 years to research this issue before CO2 emission cuts need to be considered.,['4_2_10']
"For example, in the new report, the IPCC says it is extremely likely 95 per cent certain that human influence caused more than half the temperature rises from 1951 to 2010, up from very confident 90 per cent certain in 2007.",['0_0_0']
"The strong relationship between global temperature and CO2, documented by ice-core studies, makes scientific sense only if the CO2 is the effect rather than the cause.",['2_3_3']
"One way that we can do this is by bringing clean energy manufacturing 
jobs to our State. My clean energy jobs bill does just that, by 
transforming our State's abundant wind, sun, and geothermal energy into 
good-paying jobs that can't be shipped overseas. It does this by 
getting our priorities lined up with our values.",['0_0_0']
There’s no clear evidence linking climate change to melting glaciers or thawing permafrost.,['1_1_0']
MSNBC host Chris Hayes : The scientific consensus is that human civilization cannot survive in any recognizable form a temperature increase this century more than 2 degrees Celsius.,['0_0_0']
"First it was birds and now it is bees that are finding their numbers under increasing pressure from sources as diverse as habitat loss, insecticide use and changing weather patterns.",['0_0_0']
"Then, in the late 19th century, the graph shows temperatures shooting up, driven by humanity's greenhouse gas emissions.",['0_0_0']
"In the U.S., discussions from advocates for action on climate change usually begin with the premise that the U.S. is “behind” or “not taking action” to reduce CO2 emissions. The reality is that such concerns about the U.S. are misplaced – and were misplaced long before the passage of the Infrastructure Investment and Jobs Act (IIJA) and the Inflation Reduction Act (IRA) – recent legislation touted as historic action on climate.",['4_4_2']
"Rapid loss of ice-mass from glacers are cited as proof positive of global warming's onslaught. The latest measurements, however, suggest significantly smaller overall ice-mass losses than previous estimates.",['1_1_4']
There is strong psychological evidence that alarmist fears of climate change are far more the result of groupthink and the group polarization process than scientific evidence.,['6_1_0']
"Climate change has long been thought to be the main culprit in coral degradation. The report shows that  the loss of parrotfish and sea urchin the areas two main grazers has, in fact, been the key driver of coral decline in the region . ",['3_2_3']
Thirty-five percent of Americans say there is not enough solid evidence to suggest mankind is warming the earth while another 18 percent says the world has warmed due to natural patterns and not human activity.,"['5_0_0,', '2_1_0']"
"But the phrase ocean acidification has led many to believe — as that CNN story headline implies — that the oceans are acidic. They are not, nor are they likely to become acidic.",['3_2_3']
In 1990 the IPCC predicted on its business-as-usual Scenario A that from the Industrial Revolution till the present there would have been 4 Watts per square meter of radiative forcing caused by Man (Fig. T7):,['0_0_0']
"When one cuts through EPAs propaganda, the health benefits the Agency touts are virtually nonexistent.  In reality, Utility MACT is designed to kill coal.  As EPA admits, this extension of Obamas cap-and-trade agenda will cost American families up to $11 billion in electricity rate increases (over 11 percent increase, on average), and destroy up to 1.4 million jobs.","['4_1_1,', '4_1_2']"
A record-high 41% now say that global warming is exaggerated. This represents the highest level of public skepticism about mainstream reporting on global warming seen in more than a decade of Gallup polling on the subject.,['6_1_2']
"Contrary to Smiths assertions, there is conclusive evidence that climate change worsened the damage caused by Superstorm Sandy . Sea levels in New York City harbors have risen by more than a foot since the beginning of the 20th century. Had the storm surge not been riding on higher seas, there would have been less flooding and less damage. Warmer air also allows storms such as Sandy to hold more moisture and dump more rainfall, exacerbating flooding.",['0_0_0']
"Why is Water Vapour, the Most Important Greenhouse Gas, Ignored?",['2_3_4']
"More importantly, climate models suffer from the limitations of current scientific understanding of the forces that determine weather patterns and climate change. Climate modelers cannot avoid making assumptions about the operation and effects of such key variables as water vapor, clouds, ocean-atmosphere interaction, solar cycles, ocean currents, and the natural carbon cycle. Those assumptions are fraught with uncertainties and may be little better than educated guesses. It is not surprising, therefore, that the models have been notoriously poor at replicating current and past climate.",['5_4_0']
"The adjustments do seem to be very aggressive in identifying any effects that might have artificially created a cooling trendbut lax in finding and correcting effects that mighthave artificially created a warming trend. First and foremost, the changing urban heat island effect in growing cities seems to be under-corrected (Again there is debate on this -- the proprietors of the model believe they have fixed this with a geographic normalizing, correcting biases from nearby thermometers. I and others believe all they are doing is mathematically smearing the error over a larger geography).",['5_3_0']
"According to theUniversity of Nebraska-Lincolns National Drought Mitigation Center, western and central parts of the state experienced the worst conditions . Droughts in these areas were categorized as Extreme and Exceptional.",['0_0_0']
"The team found that, at the current rate that atmospheric carbon dioxide is increasing, such extreme events are likely to occur more frequently, Goddard said.",['0_0_0']
"Emissions of greenhouse gases have grown dramatically over the past two centuries, as have concentrations of CO2 in the atmosphere",['0_0_0']
"Reporters Notes: Redesigning the Bay The most recent estimate looks pretty dire. The Bay Conservation and Development Commission (BCDC), a state planning agency, says it expects San Francisco Bay to rise about 16 inches by 2050, and 55 inches by the end of the century. Recent Climate Change - Sea Level Changes ...sea level has risen worldwide approximately 4.8-8.8 inches (12-22 cm) during the last century (IPCC, 2007).",['0_0_0']
EPA Administrator Gina McCarthy admitted that the new regulations are unlikely to have measurable impact on world climate.,['4_2_2']
Global warming became climate change so as to be able to take the blame for cold spells and wet seasons as well as hot days.,['1_8_0']
"Even if zero emissions of greenhouse gases were to be achieved, the worlds temperature would continue to rise by about a quarter of a degree over a decade. Thats a best-case scenario.","['4_2_0,', '4_3_0']"
"Solving climate change requires global cooperation and unprecedented economic restructuring, which just isn’t realistic given the diverse interests of different countries and industries. ",['4_3_1']
Carbon capture is the real game-changer we need to reverse climate change. Let’s focus on scalable solutions that remove CO₂! #CarbonCapture,['4_2_13']
"As I pointed out earlier there are many uncertainties associated with adopting carbon caps, including the fact that the targets will continually tighten. If we go down that path, it's going to be very hard to get off of it.",['4_1_4']
"More important, the ""hottest year"" rhetoric is based on the surface temperature record, a collection of data that is deeply problematic, with heat-island effects difficult to expunge from the data, poor placement and shifts in the measurement stations, etc. ",['5_3_0']
These diving instruments suggest that the oceans have not warmed up at all over the past four or five years. That could mean global warming has taken a breather.,"['1_5_0,', '1_4_0']"
"The number of bears along the western shore of Hudson Bay, believed to be among the most threatened bear subpopulations, stands at 1,013 and could be even higher, according to the results of an aerial survey released Wednesday by the Government of Nunavut.",['3_2_2']
"If you look at the temperature of the Earth, we have to measure the oceans, the air and the land. And there, we see a continually strong rise in temperature.",['0_0_0']
"However, the main gases of the atmosphere are oxygen and nitrogen, non-greenhouse gases, and they are also excellent insulators against the conduction of heat (like a blanket); adding additional trace amounts of carbon dioxide will have no appreciable impact on the insulating properties of the atmosphere.",['2_3_1']
Making the ignorance and arrogance of the Administration all the more absurd are the repeated claims that the plan will save the consumers money  as if major urban black-outs can be labeled as money saving opportunities.,['4_1_1']
Continue with the high economic growth (and hence emission growth) strategy and invest in more accurately identifying the nature and extent of climate change.,['4_3_1']
"Wow. It is amazing that the discussion of how trace atmospheric gasses might affect global temperature, and whether the climactic reaction to this is one of positive or negative feedback, has become a moral rather than a scientific question.","['2_3_1,', '6_1_1']"
"And the tragedy is if we were allowed to produce, if this Congress 
would stop locking up the Outer Continental Shelf, if they would open 
up the reserves in the Midwest which some of them are taking off in the 
energy bill, we could have adequate natural gas in this country; the 
price could be affordable; Americans could be warm; and, the very best 
jobs in America like petrochemical and polymers and plastic and 
fertilizer and glass and steel plants and bricks could be made in 
America, and middle-class working Americans could continue to have the 
jobs that have historically allowed them to live a quality of life and 
raise their families.","['7_3_0', '7_1_0', '7_2_1', '4_1_1_2']"
"Water vapor, thanks to the sheer quantity of it in the atmosphere, is the most important of the greenhouse gases, accounting for 65-85% of the natural greenhouse effect without which the Earth would be an ice planet.",['2_3_4']
Let the market decide how to generate more power efficiently.,['4_2_8']
"Exploiting these underground resources, though, will mean a lot of noisy, water-intensive and potentially harmful fracking, or hydraulic fracturing, the process of shooting chemical solutions mixed with sand into the shale to prize it open and release the gas. Its a controversial practice: Concern about ill effects such as groundwater contamination has led to a ban on fracking in countries such as France and Bulgaria and in the state of Vermont.",['0_0_0']
"Global warming is a new religion and blasphemy against that religion is not a laughing matter, Lord Lawson has said, adding that there is a great gap in Europe with the decline of any real belief in Marxism and any real belief in Christianity. This has filled the vacuum.",['6_1_1']
This means that we should prioritize adaptation over mitigation strategies as we may deny the right to affordable energy desperately needed.,"['4_2_11,', '4_3_2']"
"What we really need to have in this country in this time of very 
severe economic turmoil when people are losing their jobs and the 
economy is suffering is we need to be looking at producing more 
domestic sources of energy of all kinds. And yet this legislation is 
going to discourage the production of most of the principal sources of 
energy that we utilize in our country today, including coal production 
and nuclear power.","['7_1_0', '4_1_1']"
"Steig says that surface temperatures are reliable, yet GISS has massively altered them over the past decade. In fact, GISS has nearly doubled reported 1880 to 2000 warming since their 2003 version. They have altered the data so much, they had to stretch the scale at both ends to fit their alterations on to the graph. This is not reliable data.",['5_3_0']
"Scientists have only begun assessments, with dive teams looking for 'bleaching' that is a telltale indicator of temperature stress in sensitive corals, but initial reports are bleak. The impact could extend from Key Largo through the Dry Tortugas west of Key West, a vast expanse that covers some of the prettiest and healthiest reefs in North America.",['0_0_0']
"The classic demonstration for this involves adding CO2 to the air in only one of a pair of similar, closed, containers; exposing both to a radiant heat source until the containers reach equilibrium with the surrounding atmosphere; and then comparing one or both of the internal temperature and/or duration of the cool down period for the two. Do it, and you'll find that the one containing some additional CO2 retains more heat and the claim is that this demonstrates the greenhouse effect.",['0_0_0']
"I would just like to say that climate change is obviously, as we all recognize, a global problem and there will be many ways to approach emission reductions and alterative technologies. But we have to keep in mind climate change is not the world's worst problem. There are many others, as obviously the Copenhagen Consensus came up with. Governments have need for strong economic growth to fund a variety of programs, not the least of which is fighting terrorism, I think.","['4_2_14,', '4_1_1']"
So Global Warming causes droughts up until a week ago. No doubt they are  working on a paper that proves that Global Warming can cause a flood now and then. A peer reviewed article in Nature will appear soon. Data freely available on request except of course to anyone who has dealings with CA. Thats the way science is done after all.,"['1_7_0,', '6_1_5']"
"Since the discovery and generation of energy with coal, oil, and natural gas, generations have lived lives not only different from all who preceded them, but better in so many ways, not the least of which is extended life expectancy. Nations with energy are places where people live longer, healthier lives. They are also wealthier nations where the energy translates into industry, jobs, transportation, and all the other attributes of modern life.","['7_2_1,', '7_3_0']"
Temperatures in the interior of Greenland have gotten nowhere near the melting point this summer.,['1_1_2']
"A book of academic essays just published by Cambridge University Press on the United States, concludes that the moderate amount of global warming now predicted will produce more benefits than costs.",['3_0_0']
"Man-made sources have increased global levels of CO2, however scientific analysis shows part of the increase is natural and no one is certain how much or little of this rise is man-made.",['2_3_6_2']
"Last month, the Seattle Times ran a glossy, three-part story called "" Sea Change: The Pacific's Perilous Turn "" where it discussed the impacts of ocean acidification resulting from increasing CO2 in the atmosphere. The article made some strong claims that increasing atmospheric CO2 and the resulting acidification of the oceans and coastal waters were causing acute problems today for the shellfish industry in the Northwest. The third part of this series described how oyster larvae grown in Northwest shellfish farms had high mortality in 2005-2009, mortality that the ST blames on CO2-induced acidification of the coastal ocean by the atmosphere.",['0_0_0']
The Houston Chronicle editorial page is one of the most biased in the nation when it comes to climate alarmism and associated public-policy activism. And it maintained that unenviable reputation with last Sunday's Op Ed.,['6_1_2']
"But now that global warming alarm has been rebranded as ""climate change,"" what about a warning posted by Office of Science and Technology Director on the White House website that global warming will cause cold winters to happen with greater regularity?","['1_8_0,', '1_3_0']"
"This is particularly so when one accounts for another form of prior information: theory and models. While some disagreement remains about projections of the weakest storms, which seldom do much damage, both theory and models are now in good agreement that the frequency of high category hurricanes should increase, as should hurricane rainfall and the flooding it produces.",['0_0_0']
"This is complete nonsense. If the absorption of relevant wavelengths is already saturated, there is no mechanism for the Earth to warm in response to  increased levels of greenhouse gases.",['2_3_2']
There has been much alarmist speculation recently that global warming could trigger the collapse of the Gulf Stream.,['6_1_0']
"The U.S. Environmental Protection Agency estimates that, between 1979 and 2003, heat exposure has caused more than the number of mortalities resulting from hurricanes, lightning, tornadoes, floods, and earthquakes combined.",['0_0_0']
"With cap and trade projected to cost an average of 1.15 million jobs annually between 2012 and 2030, this could translate into tens of millions of Americans losing their health insurance coverage.",['4_1_1_2']
"The real discussion here is if you couldn't do it better later on, then maybe you should do it right now, yes. But the point is we expect that all of the costs in complying--for instance, we know, for instance, renewables have been coming down in price about 50 percent per decade. So if we could postpone investing in renewables and make up for it by investing more in them, we at least know there is a backstop technology that would make it much much cheaper to do it in 10, 20, 30 years.",['4_2_10']
"In the mountainous Karakoram region of Asia the glaciers aren't melting. If anything, some are expanding.",['1_1_4']
"However, the strong rise in global temperatures faded after year 2000 and was replaced by a rather steady level or even small decreases in the global temperatures from around 2001 to present (2013). This development took away some of the incitement to cut down on human-induced growth in greenhouse gasses.",['1_4_0']
"Having assessed the relevant scientific evidence, we do not find convincing support for the hypothesis that human emissions of carbon dioxide are causing, or will in the foreseeable future cause, dangerous global warming.",['2_3_0']
"Michael Gooseff follows water to the end of the earth. The Pennsylvania State University hydrologist works in remote regions of the Arctic and Antarctic, where ice and frozen ground are thawing. He expects polar warming and melting to continue at an accelerating pace if no significant reductions are made in climate-changing greenhouse-gas emissions.",['0_0_0']
"Misguided environmental regulations, green obstructionism, and the NIMBY (not in my backyard) syndrome have combined to delay the construction of desperately needed new power plants and transmission lines. Needless economic regulation has prevented the development of more appropriate pricing structures.","['4_1_1,', '4_1_5']"
Scenario 2: The earths temperature increases year-over-year at a rate equal to the observed rise in the temperature observed during the period 1951-2012 (a rate of 0.0107C/decade). This represents a continuation of the observed trend.,['0_0_0']
"Green hypocrisy: Fighting climate change by slaughtering eagles, financed by taxpayers",['4_1_3']
"In a statement accompanying the release of the study, Dr. Huber said the results were important because the overall measure of cyclone activity, whether through more intense storms or more frequent storms, had doubled with a one-quarter-degree increase in average global temperature.",['0_0_0']
"Pio XI Glacier, the largest glacier of the Patagonian ice field, has been advancing for years.",['1_1_4']
"The recently released National Academy of Sciences report on climate change has wrongly been characterized as proving humans are a significant culprit. The reality is, it does no such thing.","['2_0_0,', '5_1_0']"
"We have witnessed Antarctic ice grow to records levels since 
satellite monitoring began in the 1970s. We have witnessed NASA 
temperature data errors that have made 1934--instead of 1998--the 
hottest year on record in the United States. We have seen global 
average temperatures flat line since 1998 and the Southern Hemisphere 
cool in recent years.","['1_4_0', '5_3_0', '1_1_1']"
"shows that climate models can and do simulate short, 10- to 12-year hiatus periods with minimal warming, even when the models are run with historical increases in greenhouse gases and sulfate aerosol particles. tropospheric temperature records must be at least 17 years long to discriminate between internal climate noise and the signal of human-caused changes in the chemical composition of the atmosphere.",['0_0_0']
"Of most concern, Harig said, is that this massive and accelerating loss occurred along West Antarctica's Amundsen Sea, particularly Pine Island and the Thwaites Glacier, where heavy losses had already been recorded. An iceberg more than 2,000 square miles in size broke off from the Thwaites Glacier in 2002.",['0_0_0']
"Michaels analyzed recent scientific articles that have been claimed as evidence that rising temperatures are reducing habitats for butterflies, penguins, polar bears, and toads. In each case, he showed that either temperatures were not rising in the specific habitats or habitat for the specific species had actually expanded.",['3_2_0']
"emagazineindia.com - Global warming killing 150,000 more people in poor countries: WHO Copenhagen, March 12 Around 150,000 deaths now occur in low-income countries each year due to climate change that causes crop failure and malnutrition, diarrhoea, malaria and flooding, says the World Health Organisation (WHO). Almost 85 percent of these excess deaths are among young children, WHO spokesperson Sari Setiogi said Thursday.",['0_0_0']
"Finally, there is the problem of enforcement of any international agreement. If countries do not adhere, then global mitigation objectives cannot be met, and new rounds of negotiations become necessary. Global GHG emissions-detection technologies may be insufficient to identify breaches when there are many sources of the GHG that vary in size, location, timing, production technologies, and sectors.",['4_2_6']
"EPA Offers Draconian ""Guidance"" for Global Warming Energy Restrictions",['4_1_5']
Scientists say it is too late to stop climate change. Greenhouse gas emissions are expected to heat the planet’s surface by another three or four degrees by 2100,['4_3_2']
"Carbon is an essential part of natural and man-made systems. However, carbon dioxide becomes a pollutant when the concentration in the atmosphere results in harm to the functioning of the Earths climate system. The current global concentration of carbon dioxide is almost 400 parts per million (ppm), well beyond the natural range of the last 800,000 years of between 172 and 300 ppm. While many pollutants occur naturally, it is not until they reach a certain level of concentration that they become harmful. The harmful impacts of increases in carbon dioxide are already being observed, including warming of the Earths climate system and increasing acidity of the oceans. Coal-fired power stations are a major source of anthropogenic carbon dioxide emissions globally.",['0_0_0']
"The legislation I am introducing today represents a necessary first 
step toward the implementation of such a cap and trade system to 
address global climate change. If severe emissions reduction 
requirements in a cap and trade system take effect before the carbon 
capture and storage technologies are available, the effect on coal 
fired utilities in particular would be severe. They would rapidly 
switch from coal to other fuels. Such fuel switching would 
significantly increase electricity prices to the severe detriment of 
both residential and industrial electricity consumers. Fuel switching 
from coal would most likely result in far greater uses of natural gas 
for electricity generation, severely stressing an already constrained 
natural gas supply and dramatically increasing natural gas prices.
","['4_1_1', '7_3_0']"
Reliance on mechanisms like the Asia-Pacific Partnership to transfer technology to developing countries can also be a strong factor in global greenhouse gas reductions.,['4_2_15']
"On and on it has gone, throughout Earth and human history: wild weather and climate swings on a recurring basis. But now, climate advocatate want us to believe such events began only recently, and we could stop today's climate and weather aberrations, if we would just eliminate fossil fuels.","['2_1_4,', '4_2_0']"
"If we want to keep oil (and coal) in the ground, we need to make other forms of energy cheaper. That means promoting another technology that environmentalists love to hate.",['4_1_1_3']
"Even if the climate is changing, who are we to think that our actions are the cause? Clearly, we play a minor role.",['2_0_0']
"Without wanting to sound too impolite, is it asking too much of environmentalists that they begin to act their age? Making shrill demands and showing no regard for the rights of other people was, perhaps, acceptable when the movement was still in its infancy, trying to get attention and to be taken seriously. But today, over 70 percent of Americans call themselves “environmentalists.” Today, over $150 billion is spent each year complying with environmental regulations. (Over $1 trillion has been spent on pollution abatement since the first Earth Day in 1970.) Maybe today, a more mature and rational approach to protecting the environment is in order.","['4_1_0,', '4_1_5']"
The AP report on eagle deaths was published just one day after the Fish and Wildlife Service revealed that it will not prosecute the operator of a proposed wind project.,['4_1_3_2']
"A paper published today finds that prior claims about the effects of ocean ""acidification"" on calcifying plankton are highly exaggerated because the artificial laboratory conditions utilized do not correctly simulate the effects in natural seawater.",['3_2_3']
"There are a number of things it does not do. It does not prohibit 
States from regulating greenhouse gases and addressing climate change. 
The amendment expressly allows States to keep existing policies in 
place and allows States to regulate greenhouse gas emissions as they 
see fit. The bill also makes clear that any changes States have adopted 
in their State implementation programs and title V operating permit 
programs pertaining to greenhouse gases are not federally enforceable.",['0_0_0']
And until the models can explain what happened in the past they should not be trusted for guiding policy into the future.,['5_4_0']
There are a number of ways to present how poorly climate models simulate global surface temperatures. Normally they are compared in a time-series graph.,['5_4_0']
"I am disappointed, however, that the United States remained on the 
sidelines of this latest round of negotiations. I urged the Bush 
administration not to abandon the negotiation process. I think that we 
have seen, in last week's agreement, proof that the rest of the world 
will not sit idly by and wait for the United States. Perhaps this is a 
good lesson for the administration to learn. America must make an 
effort, in concert with both industrialized and developing countries, 
to address the real and serious problem of global climate change.",['0_0_0']
"Even under projected high concentrations of atmospheric CO2, the pH remains above that of an acid.",['1_9_0']
The records show that changes in global temperature do not always follow changes in atmospheric CO2 levels.,['2_3_3']
The 15-year pause myth is completely debunked surface warming over the past decade turns out to be more than double previous estimates.,['0_0_0']
"Glacier growth is causing ice to accumulate in some areas, which contradicts the idea that climate change is causing universal ice loss.",['1_1_4']
"It was global warming, until our planet stopped warming around 1995. The alarmist mantra then became climate change or climate disruption or extreme weather.","['1_4_0,', '1_8_0,', '6_1_0']"
"One of the most promising avenues for reducing our national dependence on imported oil, lowering greenhouse gases and boosting domestic fuel production is biofuel from non-food plant seed oils.",['0_0_0']
"Exotic warm water marine species such as anchovy, bluefin tuna, stingray, and thresher shark are spreading northwards into British coastal waters, where average sea temperatures are now moving closer to the warmer conditions of southern Europe.",['0_0_0']
"in a different way or would not have occurred at all in the absence of climate change. For example, the likelihood of the 2003 European heatwave occurring was probably substantially increased by rising global temperatures.",['0_0_0']
"aku Glacier is monitored by the Juneau Icefield Research Program, which has documented its rate of advance since 1988 at 56feet (17 meters) per year.",['1_1_4']
"Between advances in renewable energy, stricter emissions regulations, and companies adopting green practices, we’re already making great strides against climate change. Additional measures would only add unnecessary costs when we’re already on the right track.","['4_4_2,', '4_1_1']"
"We cannot prevent natural factors from causing a countervailing cooling from time to time, which is why we have had the 17-year pause in global warming.","['1_4_0,', '2_1_0']"
"Further, if India and China don't also sign up to cut their carbon emissions-and they did not embrace Kyoto-these proposed dramatic cuts in American carbon emissions alone would not solve the problems of climate change.",['4_2_4']
"The authors write that ""increasing dissolution of anthropogenic-released carbon dioxide into the world's oceans is causing ocean acidification (OA),"" which they say ""is thought to negatively affect most marine-calcifying organisms, notably cold-water corals (CWC),"" which might be expected to be especially sensitive to OA, due to the deep and cold waters in which they are typically found. What was done",['0_0_0']
"I've searched sea surface temperature records for more than 4 years, and I can find no evidence of an anthropogenic greenhouse gas signal. That is, the warming of the global oceans has been caused by Mother Nature, not anthropogenic greenhouse gases.",['2_1_3']
"Since 1987, environmental pressure groups have blocked every attempt to open ANWR with a collection of bogus arguments, false claims, and irrelevant facts",['6_1_4']
I noted that there are now sufficient reserves of shale gas to power the US economy for the next five hundred years (at current consumption levels) and that after that we've got at least another five hundred years worth of viable energy from the clathrates (concentrated methane deposits) on the ocean floor.,"['7_1_0,', '7_3_0']"
"The current increase in malaria is alarming, but the principal factors involved are deforestation, new agricultural practices, population increase, urbanization, poverty, civil conflict, war, AIDS, resistance to antimalarials, and resistance to insecticides. In my opinion, we should give priority to a creative and organized effort to stem the burgeoning tragedy of uncontrolled malaria, rather than worrying about the weather.",['4_2_14']
Global warming campaigners see this presidency and the Paris U.N. Summit as the best chance they are likely to see to take control of American energy. The ramifications are disastrous for American freedom and prosperity.,"['4_1_5,', '6_1_0']"
The good news is that our research provides crucial new evidence of how swift action to reduce CO2 and other greenhouse gases can prevent the biodiversity loss by reducing the amount of global warming to 2 degrees Celsius rather than 4 degrees. This would also buy time up to four decades ' for plants and animals to adapt to the remaining 2 degrees of climate change.,['0_0_0']
Unilaterally cutting U.S. emissions would be pointless and would handicap negotiators in any effort to reach an agreement with developing economies like China and India.,['4_2_4']
The number of days over 35C in Cairns is expected to triple and the Gulf and Cape can expect longer drier spells interrupted by more intense rainfall.,['0_0_0']
"The bears will do their best to keep up with a changing climate, just as they have done since their species grew separate from brown bears some 200,000 years ago.","['3_2_1,', '3_2_2']"
"Climate change deaths have no correlation with CO2, and have declined over the last hundred years.","['3_6_0,', '2_3_0']"
"Though the sunspots are affecting the radiation received from the sun, they are not the only thing affecting our climate. Much closer to home, there are thousands of volcanos and volcanic vents spewing volcanic ash and gases into the atmosphere.","['2_1_1,', '2_1_2']"
"He stresses the importance of keeping land, air and water free of real pollution, particulates, heavy metals, pathogens and explains why CO2 should not be considered a pollutant.",['3_3_0']
33 percent disagree that the U.S. government is not doing enough to address global warming.,['4_4_2']
The Sun is a crucial factor that warming campaigners ignore. The assertion that humans influence the climate and nature need not be considered is absurd.,['2_1_1']
Thus some of the global warming since 1850 could be a recovery from the Little Ice Age rather than a direct result of human activities. So it is important to recognise that natural variations of climate are appreciable and will modulate any future changes induced by man.,['2_1_4']
Honest climate scientists need to realise that their profession isn't going to completely emerge from the quagmire until bad science and bad scientists are called out.,"['6_1_5,', '5_1_0']"
New Zealand emits just 0.11% of global emissions. Im going to write it BIG so people can see it.,['4_2_3']
"If CO2 plays this role it is surprising that climatic proxies indicate that Antarctica seems to have warmed prior to the Northern Hemisphere, yet glacial cycles follow in phase with Northern insolation.","['2_3_4,', '2_3_1']"
"However, it may not be paradise for long. The Intergovernmental Panel on Climate Change says sea levels could rise by as much as 59cm by 2100 in Vanuatu, which would obliterate much of beachfront property. ( source )",['0_0_0']
"Corals, trees, birds, mammals, and butterflies are adapting well to the routine reality of changing climate.",['3_2_1']
"With the U.S. contributing billions to humanitarian causes, healthcare, and poverty alleviation worldwide, our resources are better spent on pressing issues rather than additional climate policies.",['4_2_14']
"I would say one other thing about this. A woman scientist from Sandia 
National Laboratory testified before a subcommittee that I chaired, and 
she said: You think of carbon, CO2 emissions, as a problem. 
Why don't you think of carbon as a product? Then she described what you 
can do with carbon as a value-added product. She is absolutely right.",['3_3_0']
"In addition, there is very clear evidence that investing in the transition to a low-carbon economy will not only allow the world to avoid the worst risks of climate change, but could also drive decades of economic growth. Just what the doctor ordered.",['0_0_0']
The science that predicts the extent of Anthropogenic Global Warming (AGW) is not settled science.,['5_1_0']
"For a world dependent on fossil fuels, carbon capture and storage (CCS) could be a key to controlling greenhouse gas emissions.","['7_2_4,4_2_10_2']"
"Well, certainly, and it is not just in the list that I was referring to. It is in the program itself. The House bill has a very much more structured program with USDA authority to implement it. And this bill is much vaguer, leaves the implementation of offsets, frankly, up to the President through an advisory committee. We think that creates too much uncertainty.",['4_1_4']
"The new research takes a closer look at how multi-year ice, ice that has made it through at least two summers, has diminished with each passing winter over the last three decades. Multi-year ice 'extent' which includes all areas of the Arctic Ocean where multi-year ice covers at least 15 percent of the ocean surface is diminishing at a rate of -15.1 percent per decade, the study found.",['0_0_0']
"This would take us halfway back towards the last Ice Age, and would kill hundreds of millions. Colder is far more dangerous than warmer.",['3_6_0']
"In contrast, short-sighted policies aimed at achieving U.S. energy independence can jeopardize U.S. economic and energy security. By restricting trade or picking winners and losers, government hinders investment and innovation.","['4_1_2,', '4_1_5']"
"The melting of ice and reduction in snow cover can be traced to local environmental conditions, not necessarily to climate change",['1_1_0']
"Second, an insurance policy worthy of the name should help make the insured whole after some unfortunate event has struck. Kyoto can do nothing of the kind. Quite the contrary, whatever resources we apply to prevent climate change are resources we cannot use to adapt to climate change if and when it occurs. Kyoto is all premium and no coverage.","['4_2_11,', '4_2_2']"
"We need to acknowledge the time lag between what we do to the atmosphere and its impacts on the climate. What we do now, affects the climate decades into the future. This means we need to drastically cut our emissions, now and forever, to stabilise the climate in the second half of the century.",['0_0_0']
Our newfound ability to extract hydrocarbons from shale has also been a net win in the effort to cut carbon dioxide emissions.,['7_2_4']
"As I was showing you the oil chart, oil prices continue to spike, and 
yet we hear nothing from Congress. We don't hear questions and much 
discussion in the Presidential campaigns, and I find that confounding 
because energy, reasonable, affordable energy, is why America is what 
it is today.
",['7_2_1']
"The evidence for this corruption is everywhere, but it does not mean that all of the science is bad. Climate scientists like to claim the emails represent a small problem in a local group of people. The global warming isnt proven wrong they say. They contend that we still have disasters looming and we need to address them.  Its true that climate science wasnt proven wrong,  but it was proven corrupt.  The very fact that climatologists sit in groups and insist/believe they have full agreement of their peers demonstrates, not the quality of understanding the science, but rather the quality of the penetrations of politics into an uncertain and VERY YOUNG science.","['6_1_5,', '6_2_0']"
"The fact of the matter is that our country's energy future will 
continue to be multifaceted, not reliant exclusively or predominantly 
on one or two energy technologies. For one thing, different areas of 
the country will have different availability when it comes to 
renewables, like the abundance of wind on the Great Plains. Even if we 
significantly improve the storage and transmission situation, it is 
likely that it will always be most efficient for different areas of the 
country to rely most heavily on the energy resources that they have 
closest to home.","['4_2_7_2', '7_3_0']"
"All right. You know, there will be some increase in sea level. There will be some without greenhouse, without manmade greenhouse gas emissions rising. There will be some when we cut it back by, you know, 70 percent or 80 percent. All right. And I would like to have an economy that is strong enough that when we have the climate variability that we are going to have with or without climate action, that we have an economy that is strong enough to get through it, as we have done for the past couple of hundred years. We are getting stronger and stronger. We are going to be able to handle a foot and a half of sea level rise. And we are not going to stop it with this bill, and that is the problem.","['4_2_11,', '4_2_10_1']"
"His reference to climate change as a ""creeping"" national security threat (which would necessarily require collective action to address) dramatically overstates the case, unless one sees a three hundred year horizon as somehow appropriate for national security policy-making.",['3_5_0']
"The UK government has unsurprisingly been trying to alarm us all with scares ranging from rising sea levels, floods and droughts to extinctions of species, higher insurance costs and tropical diseases. Would it be too much to expect that they check the facts first?",['6_1_3']
"If warmings of 10C were really to occur in [the] next three centuries, the area of land likely rendered uninhabitable by heat stress would dwarf that affects by rising sea level, they write.",['0_0_0']
"Such a change is well within the range of the climate's natural variations whose mechanisms are not all understood. It is safe to conclude ""the natural variability of climate adds confusion to the effort to diagnose human-induced climate change. Apparent long-term trends can be artificially amplified or damped by the contaminating effects of undiagnosed natural variations.""","['2_1_4,', '5_4_0']"
"The observations cannot be explained by natural factors, Dr Stott said. Since 1980, the Earth has warmed by about 0.5C and is now warming at a rate of about 0.16C per decade, with even higher rates at higher latitudes such as in the Arctic.",['0_0_0']
"U.S. fossil fuels are produced with strict environmental standards, making them cleaner than those from other countries, so there's no harm in continuing to use them.",['7_2_3']
The Arctic region has warmed more than most other parts of the planet over the past 30 years. Satellite observations have documented a decrease of around 40% in the extent of sea ice cover in the Arctic since 1980.,['0_0_0']
Global warming and Mann have been worth millions of grant dollars and lots of publicity for Penn State. But one would think the institution's integrity is worth more.,['6_1_5']
"TAPS was completed in 1978. It has carried almost 17 billion barrels of oil to energy-thirsty American markets. Its a technological and environmental marvel and a critical component of Americas energy infrastructure. Its been a resounding success for this country, and for my state. Its the engine of growth for Alaskas economy, and has proved the safest and most environmentally responsible way to transport oil, is through a pipeline.","['7_2_1,', '7_2_2,', '7_2_3']"
"Countries that are the most economically free will also have the resources to address their climate concerns. By contrast, those with the tightest regulations will settle for having electricity — no matter how dirty.",['4_2_8']
"Unilateral imposition of such a tax would offer little to no climate benefit. The idea that China and India would follow the US ""lead"" on this issue is absurd. As I like to say, China is as likely to follow the example of the U.S. on carbon controls as it has with regard to human rights, civil rights, religious freedoms, etc. China and India will act on their economic interests, and theyve been quite honest about that.",['4_2_4']
What this implies is that even if CO2 emissions are responsible for all the warming of the past 30 years (a big if) we may reasonably expect about 1.7 degrees Celsius of warming over the next hundred years.,['3_4_0']
"Near the midpoint of the melt season, Arctic sea ice is closely tracking 2006. That was the year with the highest summer minimum of the past decade.",['1_1_3']
Competition is working in the Texas electricity market. It is government interference with the marketled by the PTC that is causing the current reliability challenges.,['4_2_8']
"Of course, Obama is still threatening to unleash the U.S. Environmental Protection Agency to regulate that harmless trace essential gas we exhale from our mouths","['2_3_1,', '3_3_0,', '4_1_0']"
"In fact extreme weather events such as tropical cyclones (hurricanes, in the US) have been at historic lows with atmospheric carbon dioxide at contemporary highs.",['1_7_0']
"I'd guess that's slim to none. The Republicans may well move to the center, and embrace some kind of domestic greenhouse gas control scheme (which would be a bad idea for the same reasons discussed earlier), but I'd say there's little or no chance they'll ever join in the United Nations process.",['4_1_0']
The world will be a barren wasteland because of the deranged profit incentive of anti-CO2 policies.,"['4_1_3,', '4_1_1']"
"Antarctica is shedding an average of 190 million tonnes of ice every day, according to a landmark study that used satellites to ""weigh"" the vast land mass.",['0_0_0']
"Mauna Kea had a large glacial ice cap of about 70 square kilometers until 14,500 years ago, which has now all disappeared, said Peter Clark, a professor of geosciences at OSU. Weve been able to use new data to determine specifically when, where and most likely why the glacier existed and then disappeared.",['0_0_0']
"Corn-based ethanol, instead of producing a 20% savings, nearly doubles greenhouse emissions over 30 years and increases greenhouse gases for 167 years.",['4_1_3_2']
"There's a lot of blowback against James Hansen's recent (non tested) PNAS paper, trying to link weather and climate, covered here on WUWT. Even NOAA scientist Dr. Martin Hoerling is panning it.",['5_0_0']
"We're not supposed to call global warming ""global warming"" any more. That's so very 20th century. Now it's ""climate change,"" just in time.",['1_8_0']
"Even if we are willing to assume very large multipliers from renewable power, its impact on employment will be trivial, whether taken as a fraction of all energy, clean economy jobs, or the entire labor force.",['4_2_1']
"Those human changes, he says, are driven by burning fossil fuels that pump out greenhouse gases like CO2, carbon dioxide. Hansen says his research shows that man has just 10 years to reduce greenhouse gases before global warming reaches what he calls a tipping point and becomes unstoppable. He says the White House is blocking that message.",['0_0_0']
"Green jobs sound great on paper, but in reality, they often don’t provide stable, long-term employment and can’t match the wages of traditional energy jobs.",['4_2_1']
One might conclude that a lot of different and contradicting assumptions go into the simulations of Earths climate. There certainly is little agreement among modeling groups about how sunlight impacted the energy imbalance in the past or might impact it in the future.,['5_4_0']
"As even EPA  admits, applying the Act literally (i.e. lawfully, statutorily) to CO2 leads to absurd results. For example, EPA and its state counterparts would have to process an estimated 41,000 pre-construction permits annually (instead of 280) and 6.1 million operating permits annually (instead of 14,700). Such workloads vastly exceed agencies administrative resources.","['4_1_4,', '4_2_0']"
"CO2 is not increasing : I agree with Cook it has been increasing: the 12-month running averages were increasing almost exactly linearly (unlike the temperature which is chaotic). About 40% of the newly emitted CO2 remains in the atmosphere today. It's likely that this percentage will increase because more properly, we shouldn't count the absorbed CO2 as a percentage of the emissions but as a percentage of the excess CO2 that is already in the atmosphere. Every year, we emit the equivalent of 5-6 ppm or so but the CO2 concentration only increases by 2 ppm or so. Clearly, the Earth has to absorb the remaining 3-4 ppm every year. It's absorbing this amount of CO2 because the CO2 concentration is elevated and the processes that absorb it beat those that emit CO2. However, this amount absorbed by Nature will get even bigger if the deviation from 280 ppm - the temperature-dependent equilibrium value - gets larger. For example, if the CO2 concentration reaches 560 ppm, the Earth may absorb 10 ppm a year which may exceed our emissions in 2100 when the concentration may reach 560 ppm. The CO2 concentrations may stabilize or start to drop at that point. If we stopped emitting CO2 completely, the concentrations would begin to drop by 3-4 ppm per year.",['0_0_0']
"If it wasn’t for machines and of course the fuel that powered them, I would be dead. Now I don’t feel as bad when people try and put the moral “right” on banning fossil fuels","['7_2_0,', '4_1_0']"
No matter how much people believe in the reality of climate change just wait till you start taking their stuff away. See how that goes.,['4_1_5']
"Historical climate change, as represented by the Roman and Medieval unprecedented warming documented in central Asia, was a global phenomenon that modern climate change has yet to rival.",['2_1_4']
Greenlands Ice Loss Triples and Raises Global Warming Awareness Fears of faster rising global sea levels as 'stable' Greenland ice sheet starts to melt Greenland's ice loss nearly tripled in a decade USA TODAY A formerly stable part of Greenland's ice sheet in the northeast has been losing ice at an accelerating rate. Regional warming triggers sustained mass loss in Northeast Greenland ice sheet,['0_0_0']
"Water Vapor accounts for the largest percentage of the greenhouse effect, between 36% and 66% for clear sky conditions and between 66% and 85% when including clouds.",['2_3_4']
A trio of oil companies led by Chevron Corp. has tapped a petroleum pool deep beneath the Gulf of Mexico that has the potential to boost the nation's reserves by more than 50 percent.,['7_1_0']
"The increased concentration of greenhouse gases in the atmosphere enhances the absorption and emission of infrared radiation. The atmospheres opacity increases so that the altitude from which the Earths radiation is effectively emitted into space becomes higher. Because the temperature is lower at higher altitudes, less energy is emitted, causing a positive radiative forcing. This effect is called the enhanced greenhouse effect, which is discussed in detail in Chapter 6.",['0_0_0']
"But, we have this graph charting the rise and fall of arctic sea ice for the last 365 days, notice that the arctic sea ice is right back where it started at in February 2007.",['1_1_3']
"The goal of the CES is ambitious a doubling of clean energy by 2035. But analysis has shown that the goal is also achievable and affordable, Bingaman said. Meeting the CES will yield substantial benefits to our health, our economy, our global competitiveness and our economy",['0_0_0']
"Perhaps more perverse is that these subsidies significantly obstruct the long-term success and viability of the very technologies and energy sources that they were intend to promote. Instead of relying on a process that rewards competition, taxpayer subsidies prevent a company from truly understanding the price point at which the technology will be economically viable.",['4_2_8']
Austria is today seeing its earliest snowfall in history with 30 to 40 centimetres already predicted in the mountains. Such dramatic falls in temperatures provide superficial evidence for those who doubt that the world is threatened by climate change.,['1_3_0']
"All of this raises the question just how much of the step up in UK temperatures since the 1980s been caused by more sunshine, rather than CO2",['2_1_1']
"The Venus syndrome is the greatest threat to the planet, to humanitys continuing existence, James Hansen declared. If we burn all the coal, there is a good chance we will initiate the runaway greenhouse effect. If we also burn all the tar sands and tar shale, I think it is a dead certainty.",['0_0_0']
"The suit accused ExxonMobil of lying to investors about its business prospects in light of the possible costs of government regulations to fight climate change. It’s time for federal and state courts to say enough is enough and block all such lawsuits. It’s the job of elected branches, not the judiciary, to determine United States climate and energy policy.",['4_1_5']
"I must say that last week, like all the rest of my colleagues, I went 
back home and had a chance to visit with a number of my constituents. 
Of course, high gasoline prices was the No. 1 issue on their minds. 
Even though my State is doing relatively well compared to the rest of 
the country, with about a 4.1-percent unemployment rate, we have seen 
some softening in the housing market, but generally speaking, my State 
is prospering. We are grateful for that. But even people who have jobs 
and feel as though they are doing pretty well otherwise are still 
feeling their paychecks shrink as a result of rising energy costs.",['0_0_0']
CO2-induced Greening of the Earth: Benefiting the Biosphere While Lifting the Poor out of Poverty.,['3_3_1']
"Climate scientists are selectively withholding key geological data, observations, and relationships allows global warming advocates to spin a pseudo-scientific explanation for polar ice melting, to efficiently provoke people to incite impassioned responses, to garner headlines, and to sway national and worldwide environmental policies.",['6_2_0']
"Studies have shown that before this drastic cooling event, Earths atmosphere contained 1000 parts per million (ppm) of CO2 or more, and by the end of the transition, it was likely lower than 600-700 ppm. Some predictions, notes Hren, suggest that Earths current CO2 concentrations, currently at close to 400 ppm and climbing, could increase to nearly 1000 ppm in the next 100 years.",['2_3_6_1']
"For instance, skeptics often cite the Little Ice Age and Medieval Warming Period as pieces of evidence not reflected in the hockey stick, yet these extremes are examples of regional, not global, phenomena .",['0_0_0']
"What is clear to me, however, and to the Chamber, is that as the Congress considers such policy options as cap and trade or carbon taxes or other approaches, we need all the facts, all the experience and a real serious consideration of the unintended results. We look forward to participating in that debate. We need to study these options carefully and we need to know where we are going before we go there. I would be glad to elaborate some more on that in the questions.",['4_3_1']
The fact that carbon emissions are going up inexorably in spite of  many projects across the globe already raises a simple question What  are we getting for our money?,['4_2_2']
"And so we have had a decade of corruption of government by 
billionaire interests who can hide who they are and operate through an 
enormous phalanx of phony front groups whom they have stood up. And if 
you want to know how real this is, look at what we have had to do in 
the reconciliation measure to address climate change--because when I 
got here, there were Republicans willing to address climate change.",['0_0_0']
"Now, you say, this is the LA Times, so surely they would blame all this on global warming? And, of course, you would be right.",['6_1_2']
"This indisputable fact is the best evidence that atmospheric global warming is not having a measurable effect on Antarcticas ice sheets and glaciers, and that the western portion of the continent is losing mass solely from powerful geothermal processes.","['1_1_1,', '2_1_2']"
Polar bears survive mainly on a diet of seals that they hunt on the sea ice - but increased melting in the summer reduces seal numbers and as a result the bears struggle to find a meal.,['0_0_0']
"Lets also be quite clear that science does not work by way of consensus, and the same is true of global warming. Science does not progress by appeal to authority; in fact, major scientific advances usually come from outside the consensus; one can cite many classic examples, from Galileo to Einstein. [Another way to phrase this issue: Scientific veracity does not depend on fashionable thinking.] In other words, the very notion of a scientific consensus is unscientific.",['5_1_0']
"The results, published online in the journal Ecology Letters, show that terrestrial vertebrate species appear to evolve too slowly to be able to adapt to the dramatically warmer climate expected by 2100. The researchers suggested that many species may face extinction if they are unable to move or acclimate.",['0_0_0']
"Denmark may have surrounded itself with wind turbines, but could not afford such feel good luxuries if it were not for the vast income and energy it derives from Danish North Sea oil and  gas.","['4_1_1_3,', '7_2_1']"
"Although cap-and-trade backers claim it will cut greenhouse gas emissions, it may perversely increase them and also result in dirtier air, as well as harming forests and water supplies.","['4_1_3_1,', '4_2_0']"
"Clean-burning natural gas has low levels of greenhouse gas emissions. According to a Natural Gas Council study, climate legislation is likely to increase the demand for natural gas. A sound climate policy should enable more supply of natural gas, not less.",['7_2_4']
"We think this is a rather generous account of environmentalism. The concept of standard of living rarely enters the environmental debate except as frankly rather spurious claims about how much better our lives would be if we had greater access to more green space. Instead, environmentalism is premised on a catastrophe occurring if we do not observe its imperatives. ",['6_1_4']
"When the cap-and-trade failed, Obama began aggressively pursuing 
these goals through an executive regulatory barrage of unelected 
bureaucrats. So companies such as Solyndra got big cash payoffs while a 
regulatory train wreck was unleashed by the EPA to destroy America's 
fossil fuel industry.","['4_1_5', '7_2_0']"
"In addition to global warming effects, when carbon dioxide is released into the atmosphere, a significant fraction is passively taken up by the ocean in a form that makes the ocean more acidic. This acidification has been shown to be harmful to marine life, especially corals and shellfish.",['0_0_0']
Climate scientists are claiming that 2003 was the hottest year Britain has seen since record-keeping began in 1659; most blame man's emissions of greenhouse gases as the prime cause. The truth is that we still don't know that the warmer summers of recent years are due to man's handiwork. The variation could be natural and there's no saying that the current trend will continue.,"['2_1_0,', '5_0_0']"
Average global atmospheric and oceanic temperatures will drop significantly beginning between 2015 and 2016 and will continue with only temporary reversals until they stabilize during a long cold temperature base lasting most of the 2030s and 2040s.,['1_2_0']
Ocean pH is not falling,['1_9_0']
"Climate on earth has become warmer by 0.7 degrees on the average over a period of ten years, while climate in Russia has warmed by 0.43 degrees in the same period, the expert said.",['0_0_0']
It is reasonable to infer that greenhouse-gas forcing is now the dominant external forcing of the climate system.,['0_0_0']
"The global average minimum nighttime temperature has risen. (This is unlikely to be caused by some variability in the sun, for example, and appears linked to the greenhouse gases that hold in heat radiating from the earths surface, even after the sun has gone down.)",['0_0_0']
"Right now, were increasing CO2 levels and temperatures anywhere from 100 to 200 times faster than anything weve seen over the last 800,000 years, said Richard Feely, a scientist at the National Oceanic and Atmospheric Administrations Pacific Marine Environmental Laboratory. And its at least 10 times faster than weve seen over the past 50 million years.",['0_0_0']
"Recent U.S. public opinion data shows declining support for aggressive climate policies, as more people worry about the economic impact on households.","['4_3_3,', '4_1_1_2']"
"The continental shelves of the Bering, Chukchi and Beaufort Seas are especially vulnerable to the effects of ocean acidification because the absorption of human-caused carbon dioxide emissions is not the only process contributing to acidity. Melting glaciers, upwelling of carbon-dioxide rich deep waters, freshwater input from rivers and the fact that cold water absorbs more carbon dioxide than warmer waters exacerbates ocean acidification in this region.",['0_0_0']
"Why would we blindly assume or agree to the torrent of lies that humans dominate the climate? The answer is that on Earth Day, Wednesday, April 22, we will be deluged with the propaganda of countless organizations worldwide that we are, in fact, endangering a ""fragile"" planet Earth.","['2_0_0,', '6_1_0,', '6_2_0']"
Didn't Hansen predict catastrophic sea level rise and increased hurricanes within 20 years in1988? Doesn't anyone look at his record of prediction? Pushing the scare seems to be the thing.,['6_1_5']
"Sixty percent of Protestant pastors disagree that global warming is real and manmade, and 41 percent of them strongly disagree, a new survey says.","['1_0_0,', '2_1_0']"
"With December 2010 ending up the coldest since 1890, its yet more anecdotal evidence that something significant seems to be happening to our climate, driven by a jet stream that continues to be forced regularly further south than normal, across all seasons.",['0_0_0']
"For a fringe campaign, 10:10 has been remarkably successful. Around 100,000 people from 152 countries have signed up. British Prime Minister David Cameron has pledged the entire British government to participate. Large companies are associated with 10:10, including Britains Royal Mail, the electronics giant Sony, and Facebook. The United Nations-backed Climate Neutral Network is one of its many partner organisations. The World Wildlife Fund for Nature and Greenpeace are supporters through their proxy the Global Campaign for Climate Action.",['0_0_0']
"CCRIIFF shows access to fossil fuels is responsible for more than doubling the average human lifespan, a vast improvement in human health, a steep decrease in poverty, and the huge increase in global food supplies over the past century",['7_2_1']
"Hansen has previously suggested that scientists are often too hesitant to say just how dire the situation is. A 2007 paper he co-authored, titled Scientific Reticence and Sea Level Rise, suggested that scientists felt constrained from sounding a full-fledged alarm on how high the waters will get, in part because of the cautious nature of scientific inquiry and the scientific method. But, he says in that papers abstract, there is a danger in excessive caution. The new paper, he told reporters yesterday, is significantly more persuasive than anything previously published about just how dangerous 2C warming would be.",['0_0_0']
"Sandy was off-the-charts terrible, a storm that broke every record in the books: for storm surge, for barometric pressure, for sheer size.",['0_0_0']
"From LED lighting to fuel-efficient vehicles, focusing on energy efficiency allows us to tackle climate change within our existing systems, avoiding the need for sweeping reforms.",['4_2_12']
"First, there would be very little public interest in funding climate science, were it not for an assertion by alarmists in the political and environmental communities that a human-caused (""anthropogenic"") global warming crisis exists.",['6_1_0']
Findings published in Nature today reveal the rapid melting of sea ice has dramatically increased the levels of warming in the region in the last two decades.,['0_0_0']
"While multiyear ice used to cover up to 60% of the Arctic Ocean, it now covers only 30%. There is a slight rebound in the oldest ice (4+ years old), a remnant of the large amount of first-year ice that formed during the winter after the 2007 record minimum. However, most of that new ice has not survived through the subsequent years. The oldest ice now comprises only 5% of the ice in the Arctic Ocean. This is a slight uptick from last winters record low of 3%, but still far less than during the 1980s when old ice covered roughly 25% of the region.",['0_0_0']
"The Clean Power Plan is an illegitimate exercise in executive authority. It is an affront to federalism; it usurps the states' long-held, exclusive authority to oversee retail electricity markets.",['4_1_5']
"Despite the hype, many green jobs end up being temporary or lower-paying, failing to deliver the promised economic boost for workers and communities.",['4_2_1']
"Instead of forcing the current generation to invest in climate policy, they should be forced to invest in infrastructure, machinery, tools, factories or anything else that would lead to greater production (and therefore consumption) capacity in the future.",['4_2_14']
Human-induced climate change and its impacts are apparent now throughout the United States . Global warming is unequivocal and is due primarily to human-induced emissions of heat-trapping gases and other pollutants.,['0_0_0']
"Actual reconstructions ""diverge"" from the instrumental series in the last part of 20th century. For instance, in the original hockey stick (ending 1980) the last 30-40 years of data points slightly downwards. In order to smooth those time series one needs to ""pad"" the series beyond the end time, and no matter what method one uses, this leads to a smoothed graph pointing downwards in the end whereas the smoothed instrumental series is pointing upwards — a divergence.",['5_2_0']
"It says damage to the marine food chain will result from the increasing acidity of the oceans, but the oceans are pronouncedly alkaline and, in any event, estuarial studies show calcifying organisms such as corals thriving even along coasts where rainwater that is pronouncedly acid pours into the sea. The corals survived a 1000-year period 55 million years ago when the entire ocean actually became acid.","['1_9_0,', '3_2_3']"
"No tropical forests in South America currently experience average yearly temperatures of more than 84 degrees Fahrenheit (29 degrees Celsius). But by the end of this century, average global temperatures are likely to rise by another 1 F (0.6 C), leading some scientists to predict the demise of the world's most diverse terrestrial ecosystem.",['0_0_0']
"the 12 hottest years on record have all come in the last 15.Heat waves, droughts, wildfires, and floods all are now more frequent and intense.We can choose to believe that Superstorm Sandy, and the most severe drought in decades, and the worst wildfires some states have ever seen were all just a freak coincidence. Or we can choose to believe in the overwhelming judgment of science and act before its too late.",['0_0_0']
"Carbon dioxide, once emitted into the atmosphere, remains there for centuries. If temperatures rise and predicted meteorological dominos begin to fall, subsequent efforts to reduce emissions will not offer relief.",['4_3_2']
The people of my State don't understand why we are blocking access to  U.S. oil reserves. They don't understand why we are withholding new  supplies needed to get prices down. They don't understand why we are  denying ourselves the relief we need and deserve.,"['7_2_1,', '7_3_0']"
"In March, the Intergovernmental Panel on Climate Change of the United Nations released Climate Change 2014: Impacts, Adaptation, and Vulnerability , part of its Fifth Assessment Report. The report said that man-made climate change would reduce world agricultural output. Lead author Dr. Mark Howden stated , Theres increasing evidence that climate change is also impacting on agriculture, particularly on some of the cereal crops such as wheat and maize. The negative impacts are greater and quicker than we previously thought.",['0_0_0']
The study estimates that subsurface ocean temperature along the coast of Greenland could rise by 3 degrees Fahrenheit and those along the coast of Antarctica could rise by 0.9 degrees Fahrenheit by 2100.,['0_0_0']
In modern conditions the overwhelming thermostatic influence of the two giant atmospheric heat-sinks -- the oceans and outer space -- dampens the already small direct warming from a doubling of CO2.,['3_1_0']
"Qin Dahe, co-chairman of IPCCs group one, said: Our assessment of the science finds that the atmosphere and ocean have warmed, the amount of snow and ice has diminished, the global mean sea level has risen and that concentrations of greenhouse gases have increased.",['0_0_0']
"Today, even schoolchildren carry iPhones, which are orders of magnitude more powerful and much cheaper. That same innovative process will make both emissions reduction technology and mitigation efforts cheaper and better in the future.",['4_2_10']
"But an even better method would be for business to stop playing politics and return to its core role of wealth creation. A wealthier world will be better able to address the real problems of today in the U.S. and the world, and to essentially increase our resiliency to address future risk. ","['4_2_10,', '4_2_14']"
"Keystone XL will have little environmental impact, but create 42,100 U.S. jobs.",['7_2_1']
There are many good reasons why most Americans and nearly all Republicans reject costly new restrictions on carbon dioxide.,['4_1_1']
"Clearly, the empirical evidence reveals that as atmospheric CO2 levels have grown, the impact on 60-year temperature changes has shrunk.",['2_3_0']
"But in reality, ""subsidized ethanol production gravely"" harms the environment, ""and also causes"" starvation, high food prices, and rioting.","['4_1_3,', '4_1_1']"
"What McIntyre has essentially done is put his finger on small technicalities that dont matter, argues Prof. Mann, now based at Pennsylvania State University. In every case, theyve been dismissed. When the question arises, does it make a difference? The answer is always no. All that is important to him is to be able to say that hes found a problem and then allow everybody else to say this fundamentally undermines the science.",['0_0_0']
"Through [the de Vries solar cycle's] influence the temperature will decrease until 2100 to a value like the one of the last Little Ice Age 1870, the scientists wrote.","['1_2_0,', '2_1_1']"
"Here we combine available ocean transparency measurements and in situ chlorophyll observations to estimate the time dependence of phytoplankton biomass at local, regional and global scales since 1899. We observe declines in eight out of ten ocean regions, and estimate a global rate of decline of ~1% of the global median per year. Our analyses further reveal interannual to decadal phytoplankton fluctuations superimposed on long-term trends. These fluctuations are strongly correlated with basin-scale climate indices, whereas long-term declining trends are related to increasing sea surface temperatures . We conclude that global phytoplankton concentration has declined over the past century; this decline will need to be considered in future studies of marine ecosystems, geochemical cycling, ocean circulation and fisheries.",['0_0_0']
"People will see their choices limited to the few options presented them. The terms ""property rights"" and ""individual liberty"" were nowhere to be heard at Habitat III. Instead, participants were told that ""decarbonization"" is imperative if the planet is to be saved. And if that means packing people into compact housing like so many sardines in a tin can, so be it.",['4_1_5']
"But according to increasing numbers of serious climate scientists, it does suggest that the computer models that have for years been predicting imminent doom, such as those used by the Met Office and the UN Intergovernmental Panel on Climate Change, are flawed, and that the climate is far more complex than the models assert.",['5_4_0']
"Frankly, given the known historical level of volcanism, globally,. that fact that when it all dramatically slowed in the 1900s, we got somewhat warmer really ought not to surprise anyone.  My expectation is simply that we will return to more historical average levels.  What where those?  Enough to have tropical and Pacific islands depicted with smoking volcanoes more often than not.",['2_1_2']
"Other scientists noted that temperature is only one factor in climate change. Even if the thermometer had never been invented, the evidence is there from deep ocean changes, from receding glaciers, from rising sea levels and receding sea ice and spring snow cover, Thorne said.",['0_0_0']
"Dr. Pocklington, an oceanographer with almost 30 years experience monitoring climatic trends in the North Atlantic, showed that the North Atlantic has been cooling since the late 1950s. He added that, ""there is no evidence that this region has warmed dramatically during the 1990s, supposedly containing the warmest years in history.""",['1_5_0']
"RICHLAND, Wash. An increasing number of scientists are studying ways to temporarily reduce the amount of sunlight reaching the earth to potentially stave off some of the worst effects of climate change. Because these sunlight reduction methods would only temporarily reduce temperatures, do nothing for the health of the oceans and affect different regions unevenly, researchers do not see it as a permanent fix. Most theoretical studies have examined this strategy by itself, in the absence of looking at simultaneous attempts to reduce emissions.",['0_0_0']
"I think we need to recognize that climate change and addressing the potential threat of climate change is a global problem. Imposing carbon caps on one industry and one country or even in the industrialized world will make virtually no difference in global concentrations of CO2 in the next hundred years. 84 per cent of the growth in CO2 over the 1990-2010 period is coming from China and India. So we need a global solution that helps transfer existing technologies for clean coal and other energy sources to the developing world, so that they can try to meet the aspirations of their population for faster economic growth, as well as emitting less CO2 and other emissions.","['4_2_2,', '4_2_4']"
"With technologies like clean coal, the U.S. can continue using its fossil fuel resources responsibly without causing significant harm to the environment.","['7_2_3,', '7_2_4']"
Global Warming: Melting Down the Facts About this Overheated Myth,"['5_0_0,', '6_1_0']"
Recent alarm about the release of methane gas from areas of permafrost failed to recognise that the main absorption peak for methane is at a wavelength of about 3.3 microns.,['2_3_2']
We know that the Antarctic Peninsula (advertised as the fastest warming place on the planet) is a volcanic chain which has seen  recent activity.,['2_1_2']
"In the geologic record, there are times when we've had much higher CO2 than at present; yet there are few recognizable extinctions. We are still in an inter-glacial period were warming could be expected.","['2_3_6,', '2_1_4']"
"America’s investments in education, global health, and economic development are substantial; there’s no need to stretch resources further to tackle climate change too.",['4_4_3']
"   anticarbon, anti-fossil fuel agenda that the Obama ",['4_1_5']
"Global warming theory proponents have ,resorted to the politics of fear to drive their point home.",['6_1_0']
"The U.S. has already reduced its emissions to 1990 levels and invested heavily in clean energy, so there's no need for even stricter climate policies.",['4_4_2']
"We have already shown that temperature is a function of pressure, and radiance and emission spectra from greenhouse gases are in turn a function of temperature, not the other way around.",['2_3_0']
"There is stunningly a second example of misrepresented AGW signal to noise in the new Australian hockey stick paper by Gergis et. al., Evidence of unusual late 20th century warming , Journal of Climate (2012), formerly available at journals.ametsoc.org as JCLI-D-11-00649.1. This paper used 27 proxies but rejected 35 others using a version of the screening fallacy. The chosen 27 were then improperly detrended. This paper has been put on hold (quoting the senior author) after selection bias and inability to replicate results were outed by Climate Audit. (Postings 5/31, 6/3, 6/4, 6/6, and 6/8).","['5_2_0,', '6_1_5']"
Stories citing experts or the latest studies promoting alarmism get covered more than 8 times as often as critical experts and studies.,['6_1_2']
"Right now, we have too many taxes and regulations, too much secrecy and fraud, too many extremists, and far too little accountability in EPA.","['4_1_5,', '6_1_3,', '6_2_0']"
Sea surface temperature anomalies for the East Pacific havent warmed in 30 years.,['1_5_0']
"Compared to other types of data, the Princeton study shows that ice is melting from West Antarctica at a far greater rate than was previously known and that the western ice sheet is much more unstable compared to other regions of the continent, said first author Christopher Harig, a Princeton postdoctoral research associate in geosciences. Overall, ice-loss rates from all of Antarctica increased by 6 billion tons per year each year during the 11-year period the researchers examined. The melting rate from West Antarctica, however, grew by 18 billion tons per year every year, Harig and Simons found. Accelerations in ice loss are measured in tons per year, per year, or tons per year squared.",['0_0_0']
"Two new climate studies have delivered a critical blow to global warming alarmism. Estimates driven by old computer models projected an increase of 1.2C in global temperature if carbon-dioxide levels double. However, new research relying on available empirical data shows the climate's sensitivity to higher amounts of carbon dioxide is much lower than previously thought.","['3_1_0,', '5_4_0,', '6_1_0']"
Neither the proposed legislation nor the ancillary materials offer an empirical estimate or even a qualitative assertion about the environmental benefits to be yielded by the proposed carbon pollution tax.,['4_2_2']
"Cutting our emissions by 10% or more below 1990 levels would require huge reductions of industrial and transportation energy use, extensive residential energy conservation programs, and elimination of coal use. Coal represents 30% of domestic energy production, and provides more than half of total U.S. electricity. The U.S. does not have adequate supplies of natural gas or alternative fuels to replace coal use by electric utilities.",['7_3_0']
"Climate rationalists or skeptics do not need to engage in smoke and 
mirrors to state their case, and we will be offering the world a chance 
to read and decide for themselves, unfiltered from the increasingly 
activist and shrill lens of media outlets such as NBC, Newsweek, Time, 
CBS, ABC, and CNN.",['6_1_2']
"Indeed, more recent studies confirm that the IPCC overestimated the level of greenhouse gas emissions humans are likely to create in the rest of this century, and may also overestimate overall population growth, economic growth, technological progress, and other factors that drive aggregate greenhouse gas emissions.",['5_0_0']
"While greenhouse gases are often the focus, other activities are contributing significantly more to climate change",['2_2_0']
"Because there are more greenhouse gases in the atmosphere, more of the Suns heat is trapped and the earths surface is warming up.",['0_0_0']
Aslak Grinsted now had a tool to create statistics on the frequency of cyclones that make landfall all the way back to 1923. He could see that there has been an increasing trend in the number of major storm surges since 1923.,['0_0_0']
"The CRU emails show how science has been perverted into a political movement, and how scientists conspired to serve a ""post-normal"" agenda where truth is trampled exactly as the proponents of ""post-normal"" science had anticipated.",['6_2_0']
Claims about climate change are overblown.,['6_1_0']
"Nevertheless, despite the movement in the right direction, global fossil fuel subsidies are still much higher than renewable energy subsidies, despite the fact that fossil fuels and associated technologies have been established for decades to centuries. Fossil fuels also receive another massive subsidy which is rarely taken into account in these types of calculations carbon emissions.",['0_0_0']
"The area of sharpest interest to the People of Louisiana in this 
bill, is also surely one of the areas most in need of reason over 
superstition--oil and gas production, both on shore and on the Outer 
Continental Shelf. As we are all aware, the United States has an 
abundant demand for fossil fuels, but also a great need to use them 
wisely.

",['7_3_0']
Religion has ritual. Global-warming alarmism has recycling and Earth Day celebrations. Some religions persecute heretics. Some global-warming alarmists identify ‘denialists’ and liken them to Holocaust deniers.,['6_1_1']
"When the snow melts, it exposes dark land below it, further accelerating regional warming. Black carbon in snow causes about three times the temperature change as carbon dioxide in the atmosphere, Zender says. The climate is more responsive to this than to anything else we know.",['2_2_0']
"Just as in medieval times when the people were expected to (and often did) believe everything they were told by the priest, now we see that  it is the scientist whose word is gospel. Even today panellists on  programmes such as BBC Question Time who question climate change can be booed and jeered at by people who read scientific papers on the issue even less than illiterate medieval peasants read the Bible, at the time still un-translated from the Latin.",['6_1_1']
"If there is no tropical upper troposphere hotspot, then there is no positive feedback, and thus, no climate change crisis as predicted by the IPCC. If there is no hotspot, then the IPCC hypothesis of CO2 caused global warming (AGW) is essentially proven false.",['2_3_5']
Fracking is a dangerous way of getting oil and gas and a shortsighted energy strategy.,['0_0_0']
President Obamas CO2 Plan Hurts Americans,['4_1_1']
"Instead of seeking greenhouse gas reductions, what we need to foster, as Wildavsky called it, is resilience: the ability to withstand changes, and bounce back from them. We need to encourage others to build their own climate resilience as well.",['4_2_11']
"At present, the polar bear is one of the best managed of the large arctic mammals. If all the arctic nations continue to abide by the terms and intent of the Polar Bear Agreement, the future of polar bears is secure.",['3_2_2']
"But here's the good news: Despite almost mind-numbing repetition of ""the debate is over"" and ""don't believe climate deniers,"" the American public is unconvinced that man-made global warming merits the policies this administration is pushing. Republicans in Congress are unified on the climate change topic, acknowledging that while there may be some human impact on climate, it does not justify the sweeping taxes, regulations, and subsidies supported by the current administration. They will block cap and trade, carbon taxes, and international treaties.","['4_2_2,', '6_1_3']"
All this talk about climate change is overblown—no need to panic! #ClimateReality,['6_1_0']
"The additional warming of land surface air temperatures could  be caused by anthropogenic greenhouse gases, but it is just as likely the warming was caused by other factors such as land-use changes, urban heat island effect, or black soot on snow.",['2_2_0']
"Although solar power can provide a cost-effective alternative for off-grid applications, we believe the principal challenge to widespread adoption of solar power for on-grid applications is reducing manufacturing costs so that the cost of installed solar panels is equal to or less than the cost of grid-generated electricity without impairing product reliability. This concept is known as reaching grid parity.",['0_0_0']
We have been lied to about climate change.,['6_2_0']
"First, lets get rid of the 1998 red herring. The implication is that you can only get this slowdown by picking 1998 as the start year. The reality is that temperatures have been flat since 2001, which was a neutral ENSO  year, and therefore comparable to this year",['1_4_0']
"All the while, the Obama administration is crippling Americas future economic growth with these regulations while our economic competitors forge ahead at making energy prices predictable, cheap and attractive for doing business.",['4_1_1']
"Climate change predictions that are 2,500 times more precise than previous studies show rising temperatures for the region.",['0_0_0']
"Confidence in detection . The quality of agreement between model simulations with 20 th century forcing and observations supports the likelihood that models are adequately simulating the magnitude of natural internal variability on decadal to century time scales. From the IPCC AR4: However, models would need to underestimate variability by factors of over two in their standard deviation to nullify detection of greenhouse gases in near-surface temperature data, which appears unlikely given the quality of agreement between models and observations at global and continental scales (Figures 9.7 and 9.8) and agreement with inferences on temperature variability from NH temperature reconstructions of the last millennium.",['0_0_0']
Yet Gore has received a Nobel Prize for a book (and film) that even sympathizers can see is filled with factual errors.  Gore's book and film are so tendentious and inaccurate that they do little to advance his position.,['6_1_3']
Climate criminals will immediately jump on this and claim that glaciers are losing mass even if the surface is gaining it. This is also a lie  as you can see in this time lapse of the Petermann Glacier which is clearly growing.,"['1_1_4,', '1_1_2,', '6_2_0']"
"As part of a DOE grant we are testing climate models against satellite observations, particularly regarding the missing hotspot in the tropics, that is, the expected region of enhanced warming in the tropical mid- and upper troposphere as the surface warms.  Since 1979 (the satellite period of record), it appears that warming in those upper layers has been almost non-existent, despite some surface warming and increases in low-level humidity.","['5_4_0,', '2_3_5']"
"Emissions reductions alone won’t get us there—carbon capture technology can pull CO₂ straight from the air and help us reach our climate goals faster. #CarbonRemoval #CleanTech""",['4_2_13']
"Climate Change is a term used to describe changes in weather pattern around the world in recent years against what had been many years back. This is said to be caused by global warming, an increase in the average temperature of the Earth due to natural and anthropogenic activities.",['0_0_0']
We are already contributing enough to the societal good we don't need to also address climate change issues,['4_4_3']
"Barrett: Blankets keep people warm, greenhouse gases keep the Earth warm, but their mechanisms are different.",['0_0_0']
"Chukchi Sea and Southern Davis Strait bears, for example, are doing very well  contrary to all predictions  despite marked declines in summer sea ice because they have ample food during their critical spring feeding period when sea ice is abundant.",['3_2_2']
"In fact, scientists can calculate how much extra heat should be accumulating from the human-caused increases in greenhouse gases, and the energies involved are staggering. By a conservative estimate, current concentrations are trapping an extra amount of energy equivalent to 400,000 Hiroshima bombs exploding across the face of the earth every day.",['0_0_0']
"In the press release, they point out that although climate change has been blamed for the decline in Caribbean coral reefs, the majorreason for the decline is  drum roll the loss of the parrotfish and other reef grazers.",['3_2_0']
"How Chretien, as the leader of a large, cold, northern, oil-exporting country, could have committed Canada to an emissions treaty that excluded the U.S. and required nothing of China, defies explanation to this day.",['4_2_4']
I stand by my previous statements that the Arctic summer sea ice cover is in a death spiral. Its not going to recoverI hate to say it but I think we are committed to a four- to six-degree warmer Arctic.,['0_0_0']
"All this is little more than blatant scare mongering, and FOE was calling on its members and others who received its email to ""Call on President Obama to ensure that all Americans are protected from climate disasters.""",['6_1_4']
"Unless ACESA causes other nations to adopt GHG limits, it is focused on what is, in fact, the much smaller and shrinking part of the total problem. Effective GHG control depends far more on inducing controls abroad than it does on imposing them at home. When all greenhouse gases are considered and all sources, including land use changes, are counted, the U.S. is contributing only about 15 percent (and falling) of global GHG emissions. The other 85 percent is beyond the control of the U.S. government.","['4_2_3,', '4_2_4']"
Green Hell: How Environmentalists Plan to Control Your Life and What You Can Do to Stop Them,['4_1_5']
"When the authors include changes in man-made aerosol emissions in the latest Met Office Hadley Centre model, which includes a comprehensive treatment of aerosol-cloud interactions, they can reproduce much of the decade-to-decade variability in Atlantic hurricane activity. This supports evidence of a link between the two.",['2_2_0']
"According to the calculations of the logarithmic diminution of the effectiveness of CO2 as greenhouse gas, using IPCC figures.",['2_3_2']
"Following the release of a study by the British Geological Survey that shows there could be 40 trillion cubic metres of shale gas resources in England alone, the impact of  these reserves on the UKs gas prices has been a hot topic.",['7_1_0']
Sea level is rising no faster than for 150 years. From 2004-2012 the Envisat satellite reported a rise of a tenth of an inch.,['1_6_0']
"Increased concentrations of CO2 in sea water causing a measurable increase in acidity (i.e., a reduction in ocean pH). This may lead to reduced calcification rates of calcifying organisms such as corals, molluscs, algae and crustacea.",['0_0_0']
"Marine life, including that part that fixes CO2 as the carbonate in limestones such as coral reefs, evolved on an Earth with CO2 levels many times higher than those of today. It may be true to say that todays marine life is getting by in a CO2-deprived environment.","['3_2_3,', '3_3_0']"
"The good news is that 27 coal-based generating units and plants representing more than 15,000 megawatts of electricity are currently being constructed throughout the United States. Given the demand forecast, even more facilities would likely be underway were it not for the uncertainty regarding the form and timing of efforts to reduce greenhouse gas emissions.","['7_3_0,', '4_1_4']"
"Until the voters say enough-is-enough, the infliction of more costs by our elected official and environmentalists onto the suppliers, that are paid by the users, will continue into perpetuity.",['4_1_1']
"The worlds climate is already changing: more floods, more droughts, more tornadoes. Sea level rise has begun, and even if we stopped burning fossil fuels tomorrow, we are already committed to more.",['0_0_0']
"As more ice melts under glaciers and ice sheetsparticularly in Greenland and Antarcticathe water lubricates the ice masses, sending them to sea, and eventual breakup, at a faster rate.",['0_0_0']
"Cmdr. Simpson said: Glaciers have recently been melting steadily at an increasing rate . We will make tests gauging the exact speed of thawing. Scientists have calculated that if the entire icecap eventually melted, the sea level throughout the world would rise 17ft, flooding every port, and thousands of square miles of land.",['0_0_0']
"According to the authors, ""all regions showed more annual cold related mortality than heat related mortality.""  In fact, over the seven regions studied, annual cold related deaths were nearly  ten times greater than annual heat related deaths.",['3_6_0']
"My total turnaround, in such a short time, is the result of careful and objective analysis by the Berkeley Earth Surface Temperature project, which I founded with my daughter Elizabeth. Our results show that the average temperature of the earths land has risen by two and a half degrees Fahrenheit over the past 250 years, including an increase of one and a half degrees over the most recent 50 years. Moreover, it appears likely that essentially all of this increase results from the human emission of greenhouse gases .",['0_0_0']
"New international climate data show that 2005 is on track to be the hottest year on record, continuing a 25-year trend of rising global temperatures.",['0_0_0']
he pH profile for the middle Eocene tropical Pacific Ocean shows that atmospheric  CO2 was probably similar to modern concentrations or slightly higher .,['2_3_6_1']
"Many Members have discussed passionately how America needs to 
decrease its dependence on foreign energy. In fact, many campaigned on 
promises to decrease our dependence. Sadly, this legislation falls 
drastically short on those promises. In fact it actually increases 
America's dependence on foreign oil. This is a dangerous policy for our 
national and economic security.",['4_1_2']
"CESA makes a valuable contribution in highlighting the importance of adaptation. Fortunately, much can be done to minimize the social costs that climate change might otherwise cause. Indeed, for the next century, adaptation to climate change is likely to do more to reduce its costs than will GHG controls.",['4_2_11']
"What has been the role of human-induced climate change in the Russian heat wave of 2010? As indicated at the beginning of this report, globally averaged surface temperatures during the first 6 months of 2010 were the warmest since about 1880 based on NOAA and NASA analyses.",['0_0_0']
"That means once the planet gets warmer and warmer then the oceans begin to evaporate, and water vapour is a very strong greenhouse gas, even more powerful than carbon dioxide, so you can get to a situation where it just the oceans will begin to boil and the planet becomes so hot that the ocean ends up in the atmosphere and that happened to Venus. Thats why Venus no longer has carbon in its surface. Its atmosphere is made up of basically of carbon dioxide because it had a runaway greenhouse effect.",['0_0_0']
"But even as global warming skeptics point out that there has been no warming since the late 1990s, news reports have been popping up about record heat in some parts of the world.",['0_0_0']
CO2 is not a pollutant. Al Gore and the US Environmental Protection Agency (EPA) among others created the myth in order to vilify a gas essential to life on the planet.,"['3_3_0,', '6_1_3']"
"Add that to the fact that CO2 levels were relatively consistent in the Pliocene, and we're increasing them much more rapidly today, and it really highlights the importance of understanding how sea level responds to rising temperatures. Estimates of Pliocene sea level might provide a powerful tool for testing the ability of our ice sheet models to predict future changes in sea level.'",['0_0_0']
"This is a key here. When this discovery was made, the Congressional  Research Service--nobody has denied this. That was less than a year ago  when they said America has the largest recoverable resources of oil,  gas, and coal in the world. That means we could be totally self- sufficient. All we have to do is develop our own resources.","['7_1_0,', '7_3_0']"
All developed nations are dependent upon oil mostly because its the best transportation fuel by far.,['7_3_0']
"If more of this new natural gas were devoted to generating electricity ""instead of just backing up 40,000 U.S. wind turbines"" millions of birds and bats would not be slaughtered every year, and vital species would not be driven to the brink of extinction in wildlife habitats that have been blanketed by turbines.",['4_1_3_2']
One of the energy firms hoping to exploit the UKs resources of shale gas says it may be sitting on significantly more gas than previously thought.,['7_1_0']
If manmade global climate change is something worth fretting over -- and it's not at all clear that it is -- the aerosol study opens up the possibility for an entirely new hypothesis for global warming with aerosols as the culprit.,"['2_2_0,', '5_1_0']"
"My colleague from the great State of Missouri said it well in so many 
different ways: Now we are pleading with dictators to import more 
energy. That is one element of what, certainly, has been the Biden 
administration's most colossal, strategic mistake of its entire first 
year in office. Trust me. There have been a lot of mistakes on the 
Biden administration's watch. There has been nothing that has 
undermined American interests in terms of working families, in terms of 
skyrocketing inflation, in terms of national security, in terms of 
energy security, and--yes, I am going to talk about it--in terms of 
environmental policy for America and the world. Nothing has been more 
harmful to America's interests and the interests of American working 
families than the reckless policies of the Biden administration's 
approach to American energy.","['4_1_1_1', '4_1_1_2', '4_1_3_1', '4_1_2']"
"We take climate change seriously, but we are unhappy with how the issues are being presented, particularly regarding what we need to do next.",['4_4_1']
"As a preamble, I definitely agree that global warming has occurred (around a degree F [or half degree C] in the last several decades at the earth's surface).",['3_4_0']
"Carbon dioxide accounted for 80% of the 34% increase in radiative forcing by long-lived greenhouse gases from 1990 to 2013, according to the U.S. National Oceanic and Atmospheric Administration (NOAA) Annual Greenhouse Gas Index.",['0_0_0']
evidence that pre-industrial climate has frequently varied on,['0_0_0']
"Coal and oil powered factories, mills, pumps, ships, trains, and smelters; and cars, trucks and tractors replaced the work-horses. The result was a green revolution forests began to regrow and vast areas of crop-land used for horse feed were released to produce food for humans. Poverty declined and population soared.",['7_2_1']
"For the refining and petrochemical industries, the question that Congress must now ask itself: Do we want gasoline, diesel fuel, and plastics and other products to continue being manufactured in the United States, or do we want this manufacturing outsourced so that we increase reliance on foreign sources of supply.",['7_2_2']
McKay and Kaufman illustrated the decadal-scale similarity between the Kaufman et al 2009 reconstruction and the PAGES2K Arctic (revised) reconstruction in theirFigure 2d (shown below). A similar point could have been made about the PAGES2k-2013 version as well. The decadal-scale similarity is real enough.,['0_0_0']
Environmental advocates turn blind eye to global warming benefits--again.,['3_0_0']
"Such events are, however, terribly inconvenient for the global warming narrative. In 2000 climate scientist David Viner of Britain's Climatic Research Unit (CRU) famously proclaimed that snow was increasingly a thing of the past, saying ""children just aren't going to know what snow is."" Fourteen years later Boston's schoolchildren have run out of snow days.","['1_3_0,', '6_1_5']"
What we are experiencing is outside of anything humans have seen on our planet and the only explanation that makes any real sense is that it is due to human actions.,['0_0_0']
"Meanwhile, what is the magnitude of the trend for the first three decades of this century? That cannot be known with precision for many years. All I can say is: The current data strongly indicate the current underlying trend less than 2C/century, and likely less than 1.6 C/century!",['3_4_0']
"Climate change: A new religion complete with evangelists, tithes, indulgences and superstitions.",['6_1_1']
"Our energy policy has been neglected for far too long. We see the 
effects of this neglect in the sporadic high gas prices at the pump 
during the summer,


in the fact that we import 57 percent of the petroleum we use, and in 
the complexities we must endure in our foreign policy because of that 
energy dependency. To alleviate these problems, the U.S. must produce 
more domestic oil and natural gas while diversifying our energy sources 
with renewable energy sources, as well. Accomplishing this goal means 
we engage in a thorough debate on the matter.
","['4_1_1', '7_2_2', '7_3_0']"
"While the yearly loss of the mountain glaciers was most apparent from the retreat of their margins, Mr Thompson said an equally troubling effect was the thinning of the ice fields from the surface.",['0_0_0']
"These changes are indicative that sunshine durations, rather than increased greenhouse gases, were the ""control knob"" which  decreased  maximum temperatures and decreased daily temperature ranges throughout China, and opposite of the predictions of AGW theory and climate models.",['2_1_1']
"Fossil fuels remain absolutely essential to our nation’s economy and security. Oil, coal, and natural gas provide the large majority of the nation’s energy, supplying 81 percent of U.S. energy demand in 2020.","['7_2_1,', '7_3_0']"
"New findings indicate the rate of sea level rise over the past two decades in on the order of 1.7-0.8 mm/year, which is far less than that projected by climate alarmists.",['1_6_0']
"Well, No. 1, I hope the President stays focused on cleaning up the 
oil spill--cleaning up the oil spill and taking care of those who have 
been harmed. We need a plan to fix the problem. We need accountability 
in the regulation of energy production. We need to ask the question, 
Where is the President's plan? Where are the people and the equipment 
necessary to implement the President's plan to clean up an oil spill? 
This is not the first time we have had such a spill. After the Exxon 
Valdez tanker spill--that was different, but it was still a big spill 
of oil--the country was convulsed by that, and Congress acted and 
passed the Oil Pollution Act of 1990. It said the President shall 
ensure that he has a plan to clean up a worst-case oil spill and have 
the people and equipment to do it.
",['0_0_0']
"Support for climate action is waning among the U.S. public, with many concerned about job losses and rising energy costs.","['4_1_1_2,', '4_3_3']"
"Static jet streams induced near-record high temperatures in parts of the  United States and Russia, but extreme cold pummeled Seattle, England  and much of the Southern Hemisphere. Perhaps Al Gore, Michael Mann and Rajendra Pachauri can turn this hodgepodge into ""catastrophic climate  change","['1_3_0,', '6_1_5,', '6_1_3']"
"Be that as it may, the IPCCs implicit central estimate of the warming by 2100 driven by the CO2 we add to the atmosphere this century is 70% of 2.2 C, or just 1.5 C.",['3_4_0']
"The U.S. is already a global leader in climate action, with significant investments in renewable energy and emission reductions, so further drastic measures aren’t necessary.",['4_4_2']
"[E]arlier this year [2006], yet another team of scientists reported that the previous twelve months saw 32 glacial earthquakes on Greenland between 4.6 and 5.1 on the Richter scale - a disturbing sign that a massive destabilization may now be underway deep within the second largest accumulation of ice on the planet, enough ice to raise sea level 20 feet worldwide if it broke up and slipped into the sea. Each passing day brings yet more evidence that we are now facing a planetary emergency - a climate crisis that demands immediate action to sharply reduce carbon dioxide emissions worldwide in order to turn down the earths thermostat and avert catastrophe.",['0_0_0']
It comes after officials for the panel were forced earlier this month to retract inaccurate claims in the IPCC's report about the melting of Himalayan glaciers.,['5_0_0']
"Climateprediction.net project coordinator, Dr. David Frame, said: the possibility of such high responses has profound implications. If the real world response were anywhere near the upper end of our range, even today's levels of greenhouse gases could already be dangerously high.",['0_0_0']
"However, forcing people into renewable sources of energy only will 
not help families immediately heat their homes this winter or next.",['4_2_7_2']
"China is chomping at the bit right now because China has a great need 
for the very ingredients in the pipeline that we do here in this 
country. They already have talked about transportation to the western 
part of Canada to get it to China. So it is going to happen. In fact, 
you could argue, if you are concerned about some of the environmental 
problems, if they do exist, they would be greater if China did it than 
if we did it. For example, China does not have any emission controls on 
all of the stuff that we are talking about the way we do in this 
country.","['4_2_4', '7_2_3']"
"College campuses across the country have been abuzz with protests calling for the divestment of university endowments and public pension funds from fossil fuels. As a result of the pressure, Stanford University has begun to divest its $18.7 billion endowment from coal stocks. Union Theological Seminary in New York has begun a divestment process as well. Cities have born the brunt of protests as well, and a growing number of them are making decisions to stop investing city funds in dirty energy.",['0_0_0']
"Instead of fighting to reduce emissions everywhere, we should invest in carbon dioxide removal technologies that can capture and store CO₂ directly from the air.",['4_2_13']
"The Filchner-Ronne Ice Shelf fringing the Weddell Sea on the eastern side of Antarctica has so far not seen ice loss from global warming and much of the observation of melting has focused on the western side of the continent around the Amundsen Sea. But new research from the Alfred Wegener Institute for Polar and Marine Research in Germany says the 450,000-sq-km ice shelf is under threat.",['0_0_0']
"So, I think there are realistic issues to address as if our economy does decline, that will impact on our ability to fund defense and defend ourselves. And if our economy does decline and that impacts on the global economy in general, well that is much more likely to create situations of humanitarian concern and spiraling violence. And so I think that has to be weighed against what benefits in the short term you would actually gain from this legislation.","['4_1_2,', '4_1_1']"
"There is the further matter that U.S. emissions of GHG are about 17 percent of global GHG emissions, a proportion that is declining steadily. And so it is unsurprising that nowhere in the president's speech did he offer an estimate or even an assertion about the climate benefits to be expected from his policy proposals.","['4_2_3,', '4_2_2']"
"Watching multiple predictions fail and proponents get rich, Americans instinctively know that the whole global warming agenda doesn't add up",['6_2_0']
"There is no rise in the Sea Surface Temperature of the East Pacific Ocean, about 33% of the global ocean surface area, since 1982.",['1_5_0']
"A draft UN report three years in the making concludes that man-made climate change has boosted the frequency or intensity of heat waves, wildfires, floods and cyclones and that such disasters are likely to increase in the future. The document being discussed by the world's Nobel-winning panel of climate scientists says the severity of the impacts vary, and some regions are more vulnerable than others. ' AFP, 1 November 2011",['0_0_0']
"Those interests, most prominently represented by the Koch brothers, 
do not want us to take on this issue of global warming and carbon 
pollution because to take it on means to transform our energy economy 
from extracting and burning fossil fuels, which they own vast amounts 
of, to clean and renewable energy, which does not create carbon 
dioxide--solar energy and wind energy. This group of companies--the 
Koch brothers and friends--is doing everything it can to make sure that 
this body sustains the subsidies we give to it and not help the success 
of the clean and renewable energy that might replace the fossil fuels.",['0_0_0']
Climate change appears to be just mainly a multi-decadal natural fluctuation.,['2_1_0']
"Australians emit 1.5% of the CO2 emitted by humans. So Australians, over the years, emitted at most about 1.5% of the 110 ppm increase in CO2 since pre-industrial times (that increase is is probably due to ocean warming, due to whatever has been heating the world since 1680), or 0.0000017% of the air (1.7 ppm).","['2_1_0,', '4_2_3']"
"Some scientists have reported that we are perhaps headed towards a mini ice age. Back in 2011 US solar physicists announced that the Sun appears to be headed into a lengthy spell of low activity, which could mean that the Earth, far from facing a global warming problem, is actually headed into a mini ice age.",['1_2_0']
"Humans have already caused so much damage to the atmosphere that the effects of global warming will last for more than 1,000 years, according to a summary of a climate-change report being prepared by the world's leading scientists.",['0_0_0']
The African penguin was recently reclassified as an endangered species because of its declining population across South Africa.,['0_0_0']
"The bill requires that the Intelligence Community determine the 
impacts of global warming. How could we have overlooked this? I thought 
the enemy was al Qaeda, who claimed responsibility for September 11, 
2001. I thought it was Iran, who calls us ``the Great Satan'' and is 
actively pursuing nuclear weapons. I thought it was the Islamic 
terrorists that are attacking our young men and women every day. Now we 
find out it is global warming.","['3_5_0', '4_2_14']"
"For the oceans to become sufficiently ""acidified"" to have any impact on coral larvae, it would require an atmospheric CO2 level that exceeds 2100 ppm. The likelihood that level of CO2 will be attained due human emissions is extremely low, and very far into the future if it were to happen. The possible impact would be a reduction in size of larvae but would also include a positive increase in survivorship.",['3_2_3']
"It is very likely that several of the unprecedented extremes of the past decade would not have occurred without anthropogenic global warming, said the study.",['0_0_0']
"The Keeling curve, which is widely used to show the increase in CO2 emissions, is based on data from the top of Mount Mauna Loa in Hawaii. Mauna Loa is a volcano and it doesn’t seem to me that a volcano is the best place to be taking CO2 measurements.",['5_3_0']
"A proper analysis of ice core records from the past 650,000 years demonstrates that temperature increases have come before, and not resulted from, increases in CO2 by hundreds of years.",['2_3_3']
Carbon capture technologies offer a flexible solution that doesn’t disrupt industries; we should prioritize these methods over restrictive emissions cuts,"['4_2_13,', '4_1_1']"
The Climate Crisis Hoax,['6_2_0']
CO2 was not the primary control knob of Earths temperatures.,['2_3_0']
The Danish Meteorological Institute reports  that Greenlands ice sheet has seen more growth so far this year than in the last four years. Greenlands ice sheet growth in 2015 is also higher than the mean growth for 1990 to 2011,['1_1_2']
"The hockey stick is a reconstruction of climate from the year 1000 onwards. The graph shows that until about 1850, the global average temperature had been dropping slightly, then rising sharply afterwards. Many scientists think that it is not likely a coincidence that the temperature has been rising since the start of the Industrial Revolution, hence the increase has to be man-made.",['0_0_0']
"In comparison to water in all of its forms, the effect of the carbon dioxide increase over the last century on the temperature of the earth is about as insignificant.",['2_3_4']
"He argued: Firstly, global warming has not paused 2014 was the warmest year on record, sea-ice is continuing to melt and sea-level rise.",['0_0_0']
"The World Bank established a Carbon Finance Unit and several Carbon Investment Funds to distribute climate change mitigation aid. There are major problems with this approach to  development. For starters, it is unlikely that Western bureaucrats can create a  green energy infrastructure in developing countries. The history of development  assistance is littered with abandoned projects backed by the best of  intentions. Already there is evidence that climate aid is more of the same.",['4_2_0']
"Nevertheless, it is fairly easy to show that natural cycles are indeed involved in not only regional changes, but ""global warming"" as well.",['2_1_0']
"A much more straightforward and logical explanation is one that fits  Plate Climatology Theory . The NASA observed western Pacific Ocean warming is due to increased heat flow from deep ocean volcanoes, hydrothermal vents, and heat emitting fault zones, not man-made atmospheric global warming.",['2_1_2']
"Ethanol subsidies damage the environment by wiping out forests, polluting water supplies, and eroding the soil. By converting food into fuel, they cause famines and food riots in the world's poorest countries.","['4_1_3_2,', '4_1_1_2']"
"Ocean heat touches on the very core of the AGW hypothesis:  When all is said and done, if the climate system is not accumulating heat, the hypothesis is invalid. Now that heat accumulation has stopped (and perhaps even reversed), the tables have turned.  The same criteria used to support their hypothesis, is now being used to falsify it.",['1_5_0']
Permafrost and ice changes are complex processes -- climate change isn’t the main factor impacting these processes.,['1_1_0']
"Curiously, the post-World War II period of increasing fossil fuel use and associated increase in atmospheric carbon dioxide is concurrent with the most sustained lull in landfalling hurricane activity throughout the record.",['1_7_0']
"What can we conclude from all this? First, periods of slowing down and pauses in surface warming are not unusual in the instrumental temperature record. Second, climate model simulations suggest that we can expect such a period of a decade or more to occur at least twice per century, due to internal variability alone. Third, recent research suggests that ocean heat re-arrangements, with a contribution from changes in top of the atmosphere radiation, could be important for explaining the recent pause in global surface warming.",['0_0_0']
"Large corporations, Google being the prime example, have devised ways to turn the government subsidies for wind and solar electricity into a profitable business. Its not just about making money. These crony capitalists, raiding the U.S. treasury, and making 14% on invested capital, can pretend to be champions of the environment and to be fighting global warming. They are really fighting for tax credits.","['4_1_1,', '6_1_0,', '4_2_6']"
"Now the United States is the global climate leader, despite having neither a carbon price nor emissions trading, thanks to 35 years of public-private investment leading to the shale gas revolution.","['4_4_2,', '7_2_4']"
"So-called fugitive emissions, particularly of methane, which is a much more powerful greenhouse gas than carbon dioxide, can tip the balance and make coal seam gas as dirty a fuel source as black coal burnt in ageing power plants, the report says.",['0_0_0']
"But for some parts of the United States, some researchers add, the dryness encouraged by this natural climate cycle appears to be reinforcing a longer-term drying that is consistent with climate models gauging the effects of global warming. For the West in particular, conditions may be setting up for what researchers call a megadrought by the end of the century.",['0_0_0']
"We’ve already implemented strong policies, invested in renewable energy, and set emissions goals, so there’s no need to go overboard with additional climate measures.","['4_4_1,', '4_4_2']"
We aren't causing climate change.,['2_1_0']
"Atlantic hurricanes have developed more frequently during the last decade than at any point in at least 1,000 years, a new analysis of historical storm activity suggests.",['0_0_0']
"The Climategate Emails showed, for example, that some members of the band were uncomfortable with aspects of their work, some even questioning the need to erase the existence of the Medieval Warm Period 1,000 years earlier.",['6_2_0']
"A large (~1023J) multi-decadal globally averaged warming signal in the upper 300m of the worlds oceans was reported roughly a decade ago and is attributed to warming associated with anthropogenic greenhouse gases. The majority of the Earths total energy uptake during recent decades has occurred in the upper ocean, but the underlying uncertainties in ocean warming are unclear, limiting our ability to assess closure of sea-level budgets, the global radiation imbalance and climate models. For example, several teams have recently produced different multi-year estimates of the annually averaged global integral of upper-ocean heat content anomalies (hereafter OHCAcurves) or, equivalently, the thermostericsea-level rise. Patterns of interannualvariability, in particular, differ among methods. Here we examine several sources of uncertainty that contribute to differences among OHCAcurves from 1993 to 2008, focusing on the difficulties of correcting biases in expendable bathythermograph(XBT) data. XBTdata constitute the majority of the in situ measurements of upper-ocean heat content from 1967 to 2002, and we find that the uncertainty due to choice of XBTbias correction dominates among-method variability in OHCAcurves during our 19932008 study period. Accounting for multiple sources of uncertainty, a composite of several OHCAcurves using different XBT bias corrections still yields a statistically significant linear warming trend for 19932008 of 0.64Wm-2 (calculated for the Earths entire surface area), with a 90-per-cent confidence interval of 0.530.75Wm-2.",['0_0_0']
"Meanwhile, China, India, Germany, Poland and other countries are building some 1,200 new coal-fired power plants, and numerous gas plants, to spur economic growth, preserve jobs and lift people out of poverty. So the sacrifices Mr. Obama is imposing will do nothing to reduce global CO2 levels.","['4_2_4,', '7_2_1']"
"This doesn't sound like the path down which America should 
go to build a 21st-century economy. And yet, forces in 
Congress are preparing to renew the expired wind subsidy and 
continue to take us down the path that's currently causing 
problems in Germany. The problem here is not being ``for or 
against renewable'' energy or just wasting taxpayers' tax 
dollars. The problem is that these huge subsidies are 
propping up renewable energy at the expense of reliable 
energy. In the case of wind, this increases the occurrence of 
negative pricing.'","['4_1_1_3', '4_2_7_2']"
"The creation of a ""CO2 Greenhouse Effect Doom"" dogma will easily give more power and money to politicians and government officials, letting them introduce legislation and taxation on energy consumption and people\'s way of living by implementing policies infringing on technology, industry, and freedom.","['4_1_5,', '6_1_3']"
"Indeed the IPCC and CSIRO try to alarm the world with stories of drowning of low islands, like Tuvalu. But detailed mapping has shown that Tuvalu, and many other coral islands, have actually grown over the past 20 years.","['1_6_0,', '6_1_3']"
"No denying makes three major points, one sound and the two unsound. Yes, the scientific method requires openness and honesty, something that Climategate has revealed to be absent among top U.S. and international climate scientists who were behind the influential United Nations/Intergovernmental Panel on Climate Change climate reports.","['6_1_5,', '6_1_3,', '6_2_0']"
"We are now using the system to predict changes out to 2014. By the end of this period, the global average temperature is expected to have risen by around 0.3 C compared to 2004, and half of the years after 2009 are predicted to be hotter than the current record hot year, 1998. Met Office Hadley Centre 2007",['0_0_0']
"Just to put all this nonsense in perspective, the policy is due to reduce Australias emissions by 160 million tonnes of CO2 by 2020. Sounds impressive right? Well, China's emissions rose in just one year by 750 million tonnes, nearly five times Australias planned reduction by 2020  in just one year. Climate Madness.",['4_2_4']
"Arctic ice continues to grow at a very fast rate, despite the fact that 2010 is the hottest year on record  and the Arctic is the  fastest warming place on earth.",['1_1_3']
"As the fight over the PTC points out, wind energy cannot survive without the tax credits.",['4_2_7']
"Moreover the chart shows that wind energy output was close to zero for a period of three days. Little wonder that wind and solar have yet to replace a single conventional coal power plant in Germany. No matter how much installed solar/wind capacity the country has, it still has to rely on conventional power on windless nights, which are frequent enough.","['4_2_7,', '7_3_0']"
"H.R. 2 is yet another example of the majority's backward energy 
policy, which doubles-down on dirty fossil fuels instead of investing 
in a clean energy future. I strongly oppose it. While fossil fuels will 
undoubtedly be a significant part of our energy mix for years to come, 
they are really only one piece of a very large energy puzzle.",['7_3_0']
"What I think is absurd, what I disagree with very strongly, is the idea that climate is predictable, that we can do things 100 years in advance knowing what's going to happen.",['5_4_0']
"That is, we know the oceans have been losing sea ice in the Arctic since November 1978, but gaining it around Antarctica.",['1_1_1']
"Since about 2019, I have believed that there's little to nothing that we can do to actually reverse climate change on a global scale.",['4_3_2']
"Despite all the hype, there's no solid evidence that global warming is actually happening.",['1_0_0']
"If this is how global warming/climate change affects food production in Africa, Africa needs more of it.","['3_2_0,', '3_3_0']"
"Reducing emissions is often more cost-effective in developing countries where green technology and efficiency improvements can have a big impact. By investing in renewable energy and reforestation projects abroad, we can reduce global emissions more effectively and at a lower cost than if we only focused on making expensive changes at home.",['4_2_15']
The bounce back in the extent of sea ice in the Arctic this summer was reflected also in the volume of ice.,['1_1_3']
The study concluded that massive life-style changes -- such as requiring new vehicles to achieve 63 mpg by 2010 and retrofitting existing homes with state-of-the-art appliances and other energy-saving technologies -- would not allow the U.S. to reduce emissions below 1990 levels.,['4_2_7']
"In case we do conclude that we want to roll back atmospheric carbon levels, we should look into things like carbon sequestration, or geo-engineering, that might let us influence the climate without plunging ourselves back into an economic stone age.",['4_2_10']
The only period in 600 million years when CO2 levels were equal to the present was over 300 million years ago. Since that time CO2 levels averaged 1000 to 1200 ppm or 3 to 4 times current levels. How did the plant and animal life survive those levels? It makes a mockery of the claim that even a doubling of atmospheric CO2 is a problem.,"['2_3_6_1,', '3_2_0']"
"In Senate testimony during the summer of 1988, a NASA scientist testified that his GISS climate model's predicted temperatures will accelerate to much higher levels if the world's governments did nothing about reducing CO2 emissions. In reality, as the temperature data above shows, actual temperatures in 2009 were about the same as in 1988, some twenty years later.","['5_4_0,', '1_4_0']"
"Countries like India and Brazil have huge potential for emissions reductions at a fraction of the cost compared to what it would take in the United States. By funding renewable energy projects or forest conservation efforts in these countries, we can make a more significant impact on global emissions than by focusing solely on reducing emissions domestically.",['4_2_15']
"The process is gradually dropping the pH from basic (~8.1) in the direction of 7.0, which would be neutral. But “ocean neutralization” really doesn’t convey that there is a problem.",['1_9_0']
"These strong negative cloud feedbacks resulted in a low climate sensitivity of only 0.41 K/(W m-2), described as being at the ""low end"" of traditional GCMS.",['3_1_0']
"[SLIDE 8] And the fact is that the earth is getting hotter. This is the global average surface temperature land-and-ocean combined index with an arbitrary zero, and what you see there is that 2005 remains the hottest year on record although 2010 may be on a course to surpass it; 2009 the second and so on through the list. The fifteen hottest years have all occurred since 1990.",['0_0_0']
The concentration of carbon dioxide in the atmosphere has no effect on climate above 50 parts per million (ppm).,['2_3_2']
The emissions-reduction commitments by developed countries in the Cancun pledges cannot effectively curb climate change.,['4_2_2']
It will make the case that humans are causing global warming with carbon emissions even more strongly upgrading it from very likely in 2007 to extremely likely it is manmade.,['0_0_0']
"Ocean acidification, a consequence of the oceans being overloaded with carbon dioxide from human fossil fuel use, has been shown by a group of researchers to hamper the development of larval oysters at a hatchery on the Oregon coast. After years of suspicion, this was the smoking gun demonstrating that acidification has real damaging effects on commercial fisheries and that they are happening not 100 years from now but as we speak.",['0_0_0']
"However their asymmetrical categorization of a 74-year baseline period vs. three 11-year climate change periods is highly problematic. If their intent was to determine the timing of any significant shifts, their analysis should have compared equal decade-long periods.",['5_0_0']
"Few studies to date have focused on climatic extremes and the changes occurring in maximum and minimum temperatures and in warm day and cold night variables. Until now, most research studies had analysed average temperature changes on a global scale. These results indicated an increase 'most probably' caused by human factors.",['0_0_0']
"Recent research shows that young fish are particularly vulnerable to the decreases in water pH that are expected to occur over the next century as elevated CO2 levels change the chemistry of the oceans (SN Online: 12/13/11). Zoologist Gabrielle Miller and her colleagues at James Cook University in Townsend, Australia, wanted to know what might happen if parents as well as hatchlings were exposed to such conditions.",['0_0_0']
"The study by Cox and others from the Hadley Centre couples a carbon cycle model with a climate model. It finds that there are potentially huge positive feedbacks from warming. In response to projected warming, the biosphere releases huge amounts of carbon to the atmosphere, significantly accelerating climate change over the next 100 years. Driven by business as usual emissions, the biosphere acts as a net sink until around 2050, whereafter it turns into an overall source. As a result, the business-as-usual concentration increase, without considering the terrestrial biosphere feedbacks, is magnified dramatically by 250 ppmv by the year 2100. The global temperature increase for business-as-usual emissions by 2100 is increased from 5.5C to about 8C as a consequence of this feedback.",['0_0_0']
"The most damaging aspect of the storm was the massive storm surge that struck the coastline from Massachusetts to Maryland. Global warming-related sea level rise gave the surge a higher launching pad than it would have had a century ago, making it more damaging than it otherwise would have been. This is only going to get worse as sea level rise continues as a result of warming ocean waters and melting polar ice caps and glaciers.",['0_0_0']
Climate change is a hoax.,['6_2_0']
"One of the concerns expressed by the United Nations Intergovernmental Panel on Climate Change (IPCC) with respect to the potential impacts of CO 2 -induced global warming is an increase in the number of heat related deaths, which they predict should be rising in response to enhanced summertime temperature variability and more extreme heat waves, particularly among the elderly.",['0_0_0']
"The teams observations indicate that the process was not limited to the glacier they visited; it is a large-scale effect. Its a sign that not only do albedo and other variables play a role in acceleration of melting, but that this acceleration is happening in many places all over Greenland, he cautioned. We are currently trying to understand if this is a trend or will become one. This will help us to improve models projecting future melting scenarios and predict how they might evolve.",['0_0_0']
"In 2003 Professor McKitrick teamed with a Canadian engineer, Steve McIntyre, in attempting to replicate the chart and finally debunked it as statistical nonsense.  They revealed how the chart was derived from ""collation errors, unjustified truncation or extrapolation of source data, obsolete data, incorrect principal component calculations, geographical mislocations and other serious defects"" -- substantially affecting the temperature index.",['5_2_0']
We keep an eye on the sea surface temperatures there because El Nio and La Nia events are the primary cause of the yearly variations in global sea surface temperatures AND the primary cause of the long-term warming of global sea surface temperatures over the past 30 years.,['2_1_3']
"In fact, there is strong evidence that changes in surface temperatures, what we call our climate is tied quite strongly to Carbon Dioxide concentrations (CO2), and this goes back many, many thousands of years. See, for example,",['0_0_0']
"Scaremongers tell us that unless we act, polar bears  might  die. Meanwhile an Arctic researcher shot a polar bear. Dead. Statistics aren't clear if drowning or  do-gooders  kill more bears, but it's close.","['3_2_2,', '6_1_0']"
"It all clicked in my mind when I imagined for moment what would happen if, say, moles adopted a ‘green’, no impact philosophy and took as their ultimate goal a pristine, untouched meadow--no tunnels ‘raping’ the soil, no earthworms disturbed--in fact, no moles around. Human beings have as much right to shaping their environment as moles do to burrowing their tunnels.",['4_1_5']
"Gedzelman sees nothing strange in the weather pattern this year. But year-to-date, tornadoes have killed more than 500 people. That's seven times the average, making this the deadliest tornado season in more than half a century.",['0_0_0']
"The climate might be changing, but it's silly to blame this on us.",['2_0_0']
"Even today, calling anthropogenic  global warming ""fact,"" meaning conclusively demonstrated, would still be an exaggeration.",['5_1_0']
"Additionally, Kevin Trenberth and associates say the recent series of La Nia events are causing the Pacific Ocean to warm at depths below 700 meters, and as a result, global warming continues. See:",['0_0_0']
"We have a great solution to America's current energy crisis, and we  do have one. And the great news is that the answer is here in our  backyard. We have more coal in the United States than any other country  in the world. We have abundant sources of natural gas","['7_1_0,', '7_3_0']"
"Internationally, no third party institutions exist to enforce agreements, and nations differ widely in their interest in restricting GHG emissions. Therefore, high transaction costs will attend efforts to reach and maintain broad GHG controls. So far, those transaction costs have blocked agreement, and there seems little reason to expect that these constraints will soon vanish.",['4_3_1']
"Aware of international pressure to reduce its greenhouse gases, India is trying to ramp up alternative energy options.",['0_0_0']
"In coming decades, the only policies that can effectively be used to manage the immediate effects of climate variability and change will be adaptive. For example, even accepting a large role for human-caused influences on hurricane intensities, greenhouse gas mitigation offers little prospect for significantly reducing future hurricane damages.","['4_2_11,', '4_2_2']"
"Two American researchers allege that U.S. government scientists have skewed global temperature trends by ignoring readings from thousands of local weather stations around the world, particularly those in colder altitudes and more northerly latitudes, such as Canada.",['5_3_0']
"The Antarctic Sea Ice Extent on Sept 13, 2014 may have set a new all time record (at least for the satellite era, we don't have data prior to that).",['1_1_1']
"Our analysis strongly suggests that recent Northern Hemisphere tropical expansion is driven mainly by black carbon and tropospheric ozone, with greenhouse gases playing a smaller part.",['2_2_0']
"The government floods green energy niche market that supplies 2.5% of our energy needs, with billions of dollars of subsidies a year. Wind isn't commercially feasible with natural gas prices below $6 per thousand cubic feet. Right now its price is below $4. This may explain the administration's hostility to the fossil-fuel renaissance.","['4_1_1_3,', '4_2_7_2,', '7_2_0']"
CO2 is not rising.,['2_3_6']
"8. The 20th Century has seen the greatest warming in at least a thousand years, and natural forces cant account for it all. P.20",['0_0_0']
"This phenomenon can lead to drastic changes in maritime life systems. Calcium forming organisms like shellfish, snails and microscopic plankton, which are at the base of the food chain, react sensitively to ocean acidification.",['0_0_0']
"If you are really concerned about lowering global greenhouse gas 
emissions, it is the environmental standards that we use in our country 
to produce our national resources--and, by the way, creating our 
American jobs--that have the lowest life cycle carbon emissions.",['7_2_3']
"Whether it is the President or the Pope, or the countless politicians and bureaucrats, along with multitudes of ""environmental"" organizations, as well as self-serving ""scientists"", all aided by the media, a virtual Green Army has been deliberately deceiving and misleading the citizens of planet Earth for four and a half decades. It won't stop any time soon, but it must before the charade of environmentalism leaves us all enslaved by the quest for political control over our lives that hides behind it.",['6_2_0']
"Ice extent shrank in June at an average rate of 80,800 square kilometres per day, about 50 per cent faster than the average drop recorded from June 1979 to 2000.",['0_0_0']
"Predictions suggest a prolonged period of low sun activity over the next few decades, but any associated natural temperature changes will be much smaller than those created by human carbon dioxide emissions, say researchers.",['0_0_0']
"In a few hours the House is going to see an interesting discussion. 
The Presiding Officer served in the House. So did I. They are an equal 
partner of ours in the Senate. Over a dozen Members in the House are 
going to take the floor today and express their strong support for 
American jobs and the extension of the PTC. I am pleased these members 
of the House Sustainable Energy and Environmental Coalition will be 
adding their voices to what has become a bipartisan and now bicameral 
push to extend the PTC.",['0_0_0']
"CLAIM: All that mass of ice in Greenland would some time in the future melt, meaning sea levels would rise by more than 20ft and engulf major cities.",['0_0_0']
"As a result of the changes in the lower troposphere, from calm with no clouds to increasing numbers of circulation cells with cumulus clouds, in the central and western Pacific the temperature actually starts dropping. This is happening despite the continuing increase in the amount of incoming solar energy (negative climate sensitivity).",['3_1_0']
"I might add, on green energy, the green energy industry has received  increases of 153 percent of subsidies. Subsidies have increased 153  percent for green energy. So I don't think that they should be  receiving some special benefit from this Rush amendment; and that's why  I would oppose it, and I would ask all Members to oppose it.",['4_1_1']
Daniel Yergin explains why technology continues to thwart doomsayers who claim the world will run out of oil,['7_1_0']
"If the planet warms at a faster pace, the world could see 59 percent of the permanently frozen underground layer of earth thaw out; as that happens, organic matter that has been trapped in the permafrost for tens of millennia will begin to decay, releasing carbon into the atmosphere.",['0_0_0']
"Horizontal drilling and hydraulic fracturing, for example, was developed by private industry, funded by private investors and tested on private lands. It did not have to depend on taxpayer subsidies, approval by federal bureaucrats, or access to shale deposits on federal lands.",['7_2_0']
"Mr. President, renewable energy technologies represent our best hopes 
for reducing air pollution, creating jobs and decreasing our reliance 
on imported oil and finite supplies of fossil fuels. These programs 
promise to supply economically competitive and commercially viable 
energy, while also assisting our Nation in reducing greenhouse gases 
and oil imports. I believe that the Nation should be looking toward 
alternative forms and sources of energy, not taking a step backward by 
cutting funding for these programs.",['0_0_0']
"A lot of people realize and recognize that fossil fuels are necessary to run this machine called America. Right now, 53 percent of our energy is generated from coal. Coal is necessary. We have clean coal technology, and the releases are much less than they used to be. Oil and gas are both fossil fuels. It is necessary. You cannot run this machine called America without them.","['7_3_0,', '7_2_3']"
"A new study on Northumberlands Chillingham cattle, published in the British Ecological Societys Journal of Animal Ecology, shows climate change is altering when the animals breed, and fewer calves are surviving as a result. (Independent)",['0_0_0']
"The current heatwave began on May 21, with temperatures in many regions exceeding 45C, and reaching 47.6C and beyond [ link ]. Delhi has endured seven consecutive days over 44C, the worst extreme heat event recorded in a decade.The heat wave was caused in large part by sparse pre-monsoon season rain showers, leaving large parts of India arid and dry.Cooling monsoon rains are expected within a few days, which will bring the heat wave to an end.",['0_0_0']
"At the same time Lord Stern, whose economic study of climate change has influenced Government policy, warned that the IPCC is likely to underestimate the dangers of climate change.",['0_0_0']
Advocates of immediate precautionary actions often state there is nearly unanimous agreement among scientists that the globe is warming at an unacceptably rapid rate and that society is to blame. But the claim of a scientific consensus on the causes of global warming is not supportable.,['5_1_0']
"Several areas of earth science require knowledge of the fluctuations in sea level and ice volume through glacial cycles. These include understanding past ice sheets and providing boundary conditions for paleoclimate models, calibrating marine-sediment isotopic records, and providing thebackground signal for evaluating anthropogenic contributions to sea level. From 1,000 observations of sea level, allowing for isostatic and tectonic contributions, we have quantified therise and fall in global ocean and ice volumes for the past 35,000 years. Of particular note is that during the 6,000 y up to the start of the recent rise 100150 y ago , there is no evidence forglobal oscillations in sea level on time scales exceeding 200 y duration or 1520 cm amplitude.",['0_0_0']
"The only good national energy strategy is one premised on private property rights, voluntary exchange, and the rule of law. Not a central, government plan, but a decentralized we-the-people plan.","['4_1_5,', '4_2_8']"
"Now, historically speaking we know that the globe and its climate 
have different ebbs and flows, and there have been ice ages in the past 
and there have been tropical ages in the past, without interference 
from man. That is even before man came on the scene.",['2_1_4']
"The ""polar vortex"" that plunged Canada and the U.S. into historical cold last winter is said by researchers to have occurred because melting polar ice changes weather patterns, according to a study published earlier this month.",['0_0_0']
"Barycentric' influence of the planets on the sun is just statistically insignificant, and a previous paper that claims to find a signal in isotopic records is proven to be nothing more than a statistical artifact.",['0_0_0']
I chose the title largely in reaction to the sanctimonious tone employed by so many of those who advocate substantial and and costly responses to what they see as irrefutable evidence that the worlds climate faces catastrophe. To them the cause has become a substitute religion.,['6_1_1']
"And my prediction is that the talks will achieve as much as all the previous climate talks, i.e. precisely nothing.",['4_3_0']
"In developing federal climate change legislation, it is essential that Congress gets it right. The consequences for getting it wrong are starkly described in the National Energy Technology Laboratory's recent analysis wherein NETL finds that dramatic shifts away from coal will lead to, and I quote, ``Spectacular price increases for households and industry with serious and damaging implications for the reliability of electricity supply and the viability of the U.S. economy.''","['4_1_1,', '4_1_2,', '4_3_1']"
Arctic ocean may be ice-free at the end of each summer from 2015 onwards. Wadhams says that accelerating climate change in the Arctic has forced him to abandon his scepticism about geoengineering. One has to consider doing something.,['0_0_0']
"Some researchers believe natural factors like ocean cycles are major drivers of climate change, not human-caused CO2.",['2_1_3']
"The Great Barrier Reef is doomed again. A recent widely publicised scientific study reports the dramatic finding that it has lost half its coral in the last 27 years. Forty-eight precent of the loss is attributed to storm damage, with bleaching and crown-of-thorns starfish being responsible for 10% and 42% respectively. The average annual rate of coral loss over the 27-year period was estimated to be 3.38% and growth was put at 2.85%, leaving a net decline of 0.53% per year. Further effort and research on starfish control is suggested to be the most promising means of reversing the decline. Elimination of the loss due to starfish would leave a net gain of 0.89%.",['3_2_3']
"The Arctic seems to be warming up. Reports from fishermen, seal hunters, and explorers who sail the seas about Spitsbergen and the eastern Arctic, all point to a radical change in climatic conditions, and hitherto unheard-of high temperatures in that part of the earths surface.",['0_0_0']
"But acting quickly to mitigate climate change could reduce losses by 60 per cent and buy an additional 40 years for species to adapt. This is because this mitigation would slow and then stop global temperatures from rising by more than two degrees Celsius relative to pre-industrial times (1765). Without this mitigation, global temperatures could rise by 4 degrees Celsius by 2100.",['0_0_0']
"However, there are apparently some dissenting opinions who don't think that Anthropogenic Global Warming/Climate Change are the cause of Long Cold winters and late winter storms.",['1_7_0']
"The Greenland ice sheet continues to lose mass and thus contributes at about 0.7 millimeters per year to the currently observed sea level change of about 3 mm per year. This trend increases each year by a further 0.07 millimeters per year. The pattern and temporal nature of loss is complex. The mass loss is largest in southwest and northwest Greenland; the respective contributions of melting, iceberg calving and fluctuations in snow accumulation differing considerably. This result has been published by an international research group led by the GFZ German Research Centre for Geosciences in the latest issue of Earth and Planetary Science Letters, 1 June 2012. The result was made possible by a new comparison of three different types of satellite observations: measurements of the change in gravity by changes in ice mass with the satellite pair GRACE, height variation with the laser altimeter on the NASA satellite ICESat and determination of the difference between the accumulation of regional atmospheric models and the glacier discharge, as measured by satellite radar data.",['0_0_0']
"It is implausible to expect that small changes in the concentration of any minor atmospheric constituent such as carbon dioxide, can significantly influence that radiative equilibrium.",['2_3_1']
"The team recorded data on air temperatures, wind speed, exposed ice and its movement, the emergence of streams and lakes of melt water on the surface, and the waters eventual draining away beneath the glacier. This lost melt water can accelerate the ice sheets slide toward the sea where it calves new icebergs. Eventually, melt water reaches the ocean, contributing to the rising sea levels associated with long-term climate change.",['0_0_0']
"University of Virginia climatologist Patrick Michaels points out that if the Greenland interior ice gains reported by the Johannessen study we cited in our ad are subtracted from the coastal ice loss reported by Rignot and Kanagaratnam, the net result is a thoroughly non-alarming increase in the rate of sea-level rise","['1_1_2,', '1_6_0']"
"There is no longer any doubt that the purported tropical hot spot simply does not exist. Thus, EPAs theory as to how CO2 affects global average surface temperature has been falsified.",['2_3_5']
"It is now apparent that the Kyoto Protocol is a dead end. The reality is that, since Kyoto was agreed in December 1997, greenhouse gas emissions have continued to increase in every nation that undertook commitments to reduce emissions.",['4_2_0']
The transition to green jobs overlooks the fact that many industries simply won’t be able to replace the specialized roles and expertise that fossil fuel jobs currently provide.,"['4_1_1_2,', '4_2_1']"
Public support for climate solutions is dropping as people grow frustrated with the high costs.,"['4_3_3,', '4_1_1']"
"The work by researchers at the University of Maryland, Baltimore County (UMBC), the Laboratoire d'Etudes en Gophysique et Ocanographie Spatiales, Centre National de la Recherche Scientifique at the University of Toulouse, France, and the University of Colorado's National Snow and Ice Data Center, Boulder, Colo., details recent ice losses while promising to sharpen future predictions of further ice loss and sea level rise likely to result from ongoing changes along the Antarctic Peninsula.",['0_0_0']
"Such focus on measuring the results of mitigation programs can be expected to rouse loud scorn and ""debunking"" from the likes of Al Gore and a league of crony capitalists intent on making millions selling ""carbon offsets"".","['6_2_0,', '4_2_6']"
"As the summer driving season begins, and oil prices remain at near 
all-time record highs, it is simply incredible that the first measure 
debated in this session will not be a bill to lower energy prices by 
producing more of our own energy but a bill that will, in fact, 
substantially increase energy costs.","['4_1_1', '7_3_0']"
"So, it is now almost certain we will see this scam blow up in the run up to US presidential election with a massacre of the Democrats and any other climate extremists caught into the crossfire will just be collateral damage!","['6_2_0,', '6_1_0']"
he IPCC's catastrophic anthropogenic global warming (CAGW) alarmists have long predicted that increasing CO2 levels will directly cause global warming to reach anywhere from 3 to 10 degrees Celsius higher in the near future. In essence the world's maximum temperatures are being exclusively driven to dangerous heights by CO2.,"['3_4_0,', '6_1_5']"
"CO2 in the atmosphere has some warming effect on Earths climate, but undisputed science shows that each additional CO2 molecule we emit has less warming effect than all its predecessors already in the air.",['2_3_2']
"There are also uncertainties in ocean temperatures. This is no small issue, as oceans cover 71% of Earths surface.",['5_3_0']
premature deaths (in the UK) due to hot weather will increase by between 580 and 5900 pa.,['0_0_0']
"Dr Ahlmann has pointed out another effect which the new climate may have. If the Antarctic ice regions and the major Greenland ice-cap should continue to melt at their present rates, he says, the surface of the ocean may rise lo catastrophic proportions. 'People living in lowlands along the shores would be inundated,' he warns.",['0_0_0']
Global warming is not happening and therefore any changes in extreme weather are not due to global warming.,"['1_0_0,', '1_7_0']"
"The scariest parts of the planetary emergency narrative -- ocean circulation shutdown triggering a new ice age, ice sheet disintegration raising sea levels 20 feet, malaria epidemics in industrialized countries, runaway warming from melting frozen methane deposits -- are implausible and not supported by scientific research.","['3_0_0,', '6_1_0']"
"  Mr. BYRNE. Mr. Chairman, this amendment seeks to strike all of the 
funding for the Department of Energy's Energy Efficiency and Renewable 
Energy program. This program, under the Department of Energy, allows 
the government to invest millions of taxpayer dollars in high-risk 
research and development schemes for ``green energy'' projects to the 
tune, as we have heard already, of over $1.7 billion.","['4_1_1_3', '4_2_7']"
"All of the above findings are of a positive nature.  Crop growth was enhanced by the experimental doubling of the air's CO2 content. There was no increase in the evolution of the greenhouse gas N2O from the soil.  And the three Finnish researchers concluded that the high increase in the below-ground biomass indicates ""enhanced photosynthate accumulation in the soil as a response to the increased CO2 concentration.""",['3_3_1']
"The loss of the islands is part of a natural process of delta barrier island evolution that may well be accelerated due to more frequent storms resulting from climate change,' Lopez said. 'The loss of the islands is a tragedy that can be averted.'",['0_0_0']
"Mr Stocker added: Heatwaves are very likely to occur more frequently and last longer. As the Earth warms, we expect to see currently wet regions receiving more rainfall, and dry regions receiving less, although there will be exceptions.",['0_0_0']
"The focus on greenhouse gas mitigation, both domestically and internationally, has been misplaced, and the money and attention of world leaders toward greenhouse gas mitigation efforts would be best directed elsewhere.",['4_2_14']
"The Keystone XL pipeline is all gain, no pain.",['7_2_0']
These data provide some indication that purported support for government interventions in the economy to deal with climate change may be inflated,['4_3_3']
"NOAA and even the UN's alarmist IPCC have admitted that there have been no increases in the severity or frequency of droughts, floods, thunderstorms, or tornadoes in decades.","['1_7_0,', '6_1_3']"
"The BBC reports on a new study that suggests many European species of animals and birds have seen their numbers rebound dramatically. And that recovery has been going on for quite some time. In fact, many of the species studied had seen their numbers increase by as much as 3,000 percent since the 1960s.",['0_0_0']
"""U.S. fossil fuels are some of the cleanest in the world! With innovations like clean coal, we can keep energy affordable and reliable without hurting the planet. 🌎 #EnergyIndependence #CleanCoal""","['7_2_3,', '7_2_4,', '7_3_0']"
The impacts of extreme heat are often overplayed while the impacts of adaptation to the heat are underplayed. And a new paper has just been published in the journal Environmental Health Perspectives that finds that the risk of dying from heat waves in the U.S. has been on the decline for the past several decades.,['3_6_0']
There's no tropospheric hot spot (which would also expand the atmosphere) as expected from warming.,['2_3_5']
"Presumably, the reason would be to mitigate global warming. But it turns out that the fuel burned in all the gasoline-powered engines used in the United States produces about two-tenths of 1 percent of worldwide carbon dioxide.",['4_2_3']
"For example, a recent issue of Global Change Biology contains an article about global warming and a positive fitness response in mountain lizards in Europe.  Did these lizards not get the memo about extinctions? Maybe the lizards havent read their e-mail about global warming making things tough on lizards around the world?",['3_2_0']
Climate not to blame for African civil wars,['3_5_0']
"The main message of my testimony is that the questions about what actions on climate change make sense in the short term raised by Congressman Scheuer remain largely unanswered 16 years later. Until we better organize the climate science and technology enterprise to focus on policy options for the short term, the climate debate is likely to remain in its present gridlock.",['4_3_1']
"So there are four steps in the right direction on clean energy which 
would actually lower our prices, instead of a 1,000-page bill, which 
would begin to collect hundreds of billions of dollars a year and put 
much of it in a slush fund that Congress would spend and raise your 
taxes, have all sorts of unforeseen consequences, send manufacturing 
jobs fleeing overseas; that would be what we should not do.","['4_1_1_1', '4_1_1_2', '4_1_4']"
"There are more consequential links as well, the link between energy and economic strength for the entire Nation and the link between energy and American security. The question before this committee today and ultimately for the entire Nation is, will the current draft of the American Clean Energy and Security Act of 2009 or similar legislation forge stronger, more viable links than these vital chains or will doing so lead to adverse economic impacts not on just the domestic refining industry but on the Nation's economy. The answers to these questions must be fully investigated, understood and documented before enactment of any legislation. Most likely, we have but one chance to get it right. The Nation simply can't afford anything short of a complete understanding.","['4_1_1,', '4_1_2,', '4_3_1']"
"Increasingly, we are hearing in the media that the January-February south east Australian heatwave and disastrous bushfires in Victoria that have killed over 200 people are the result of climate change or global warming .",['0_0_0']
"The U.S. has already made major strides with emission reductions, clean energy investments, and climate policies, so there’s no need to add more regulations.",['4_4_2']
"As long as these subsidies and tax credits exist, clean-energy executives will likely spend most of their time pursuing advanced legal and accounting methods rather than investing in studies, innovation, new transmission technology and turbine development.",['4_2_6']
Evidence is mounting that the EPA's greenhouse gas regulations for coal-fired power plants are in disarray.,['4_2_0']
It will say that there is a 95 per cent chance that most of global warming is caused by man - up from 90 per cent in 2007.,['0_0_0']
"Environmental pressure groups, renewable energy companies and some public officials who keep each other well supplied with lavish funds, scare stories and green tape.","['6_1_3,', '6_1_4,', '6_2_0']"
"In fact, the administration has had a blackout on this science and 
they are making a bad decision as a result. That is why we are very 
hopeful that the Senate will reject this proposal that is not going to 
solve our energy crisis, is going to damage a precious resource that 
Dwight David Eisenhower started.",['4_2_0']
"There are efficient ways to encourage developing countries to reduce their emissions. A paper on the ACCF website by CRA International, David Montgomery, demonstrates the positive impact. It encourages intellectual property reform, reduction in corruption, reduction of bureaucracy, better infrastructure. In China and India, it could have a very powerful impact on helping them get access through private sector investment in less-emitting technologies.",['4_2_15']
"Bill Chameides, dean of Duke Universitys Nicholas School of the Environment and Earth Sciences, said Spencers arguments are what magicians call ignoratio elenchi or logical fallacy.Weve looked at every possible form of heat, including clouds, and the only source of heat is greenhouse gases, he said, adding its insulting that Spencer would suggest scientists are paid to come to this conclusion. Scientists make their reputation on debunking theories.",['0_0_0']
"These scientists came to the same conclusions the global warming trend is done, and a cooling trend is about to kick in.",['1_2_0']
Many are losing faith in climate policies that seem to hurt the economy more than they help the environment.,"['4_1_1,', '4_3_3']"
"2) In the process, however, greenhouse gases drastically change the vertical temperature structure of the atmosphere, warming the lower layers, and cooling the upper layers. Think of greenhouse gases as a ""radiative blanket"" - when you add a blanket over a heat source, it warms the air between the blanket and the heat source, but it cools the air away from the heat source.",['0_0_0']
"Overall, it concludes, the pause does not materially alter the risks of substantial warming of the Earth by the end of this century.",['0_0_0']
"The bottom line is that we still need coal, and all those who dream of doing away with it will not be able to escape the reality that coal will continue to provide much of our electricity for the foreseeable future",['7_3_0']
"He said that last year atmospheric CO2 passed the 400 parts per million level (to which I wanted to shout out, the more CO2 the greener the planet). He said we are warming and will continue warming. He said we have warmed a little less than one degree Celsius but if we dont change course we will warm 4 or 5 degrees Celsius in the near future. He said the ocean was warming, the poles were melting and the sea levels were rising.",['3_3_1']
"The dispute starts when we are confronted with a doctrine which claims that the rough coexistence of climate changes, of growing temperatures and of man-made increments of CO2 in the atmosphere as proof of a causal relationship between these phenomena. To the best of my knowledge there is no such relationship between  them. It is, nevertheless, this claim that forms the basis for  the doctrine of environmentalism.","['2_3_0,', '6_1_1']"
"And this can have important consequences for Antarctica's diminishing ice sheet. 'There is a need to understand how the flow of ice within Antarctica's ice sheet responds to warming and gain insight in atmospheric processes, cloud formation and snowfall,' adds Nicole Van Lipzig, co-author of the study and professor of geography at KU Leuven.",['0_0_0']
"However rather than admit that there might be a flaw in the theory,  warmists simply rebranded ""global warming"" into ""climate change"", so  that cold weather as well as hot can be taken as evidence of our  upcoming destruction.",['1_8_0']
"The ETS will hurt everyone. Stifling regulations will hurt everyone. Whos next? You are, we are.",['4_1_1']
"I believe they do and they merely jump on the climate change bandwagon because it is the most effective way to get headlines. Simply talking about poverty reduction or a sensible renewable energy policy has been tried and it failed. Hence the more alarmist the message the better, regardless of the actual truth.",['6_1_0']
"Almost everything about the Kyoto Protocol is controversial, including its scientific underpinnings.",['5_0_0']
"The Moral Case for Fossil Fuels is the finest case for the role coal, oil and natural gas has played in our lives.",['7_2_0']
"Because the transient response of the model depends on both its sensitivity and the external radiative forcing imposed on it, we first demonstrate the consistency between the model-simulated radiative forcing with that measured by satellites (Fig. 1 [of Soden08]). Both the observations and model simulations yield very similar reductions in the absorbed solar or shortwave (SW) radiation, which are nearly twice as large as the reduction in emitted LW radiation, a net loss of radiative energy that cools the surface and lower troposphere.",['0_0_0']
Carbon dioxide is an environmentally beneficial atmospheric trace gas.,['3_3_1']
"The U.S. already leads in global aid, technological innovation, and disaster relief efforts—adding the burden of climate action isn’t necessary when we’re already doing so much.",['4_4_3']
"Facts, as they say, are facts. On the other hand, untrue representations presented as facts are either uninformed, intentionally disingenuous, or a combination of the two. Secretary of State John Kerry's statements attacking those who challenge the existence of a human-caused climate crisis likely fall into the third category.",['6_1_3']
"You may also note that rate of sea level rise over recent years has been less than the long-term average. This is believed to be due to the recent La Ninas we have been experiencing, though research on this is continuing.",['1_6_0']
"I can give another example. Ocean City, MD, is a popular place for 
Marylanders and people from outside our State to enjoy the beautiful 
beaches. I must say that I am very proud that this Congress has 
appropriated millions of dollars for beach renourishment. Those dollars 
have returned multiple times because they prevent the full force of 
these nor'easter storms that are more frequent and more severe in 
Maryland and along the Maryland coast. There is a limit as to what we 
can do if we don't take action to deal with the sources of climate 
change. We want to protect our property owners, and the best way to 
protect our property owners is to do something about the causes of 
climate change.",['0_0_0']
"The last thing I want to talk about is the very fact that we are  talking about not using resources we have. Even if you buy everything  that the alarmists with climate change and global warming would have  you, and let's assume they are all right, everybody agrees it is going  to take us 20 to 30 years to get off of hydrocarbons as a method of  energy production, as a source of energy. We know that. If we were to  start building nuclear plants today, we would have every alternative  energy that we had, and it would still take us 15 to 20 years to start  to begin to do that. So what is it that we fear about utilizing our own  energy resources?","['7_3_0,', '6_1_0']"
"Attempts to resolve the arguments are plagued with problems, a lot of which are inherently insoluble. There are many aspects of the behaviour of the natural climate system and of human society that are unpredictable in principle, let alone in practice.",['5_0_0']
"When you look at the possibility of natural unforced variability, you see that can cause excursions that we've seen recently",['2_1_0']
"Scientists explain that the rising Arctic temperatures that have reduced floating ice cover by 20 percent over the last three decades, and the suns rays that are now absorbed by dark-blue sea rather than being bounced back into space by reflective ice and snow, together with extreme heat, has created a strong high-pressure system that has brought the cold polar air into Europe this week.",['0_0_0']
Noaa report says Arctic sea ice is disappearing at unprecedented pace | World news | theguardian.com,['0_0_0']
"If you figure the price that you could hire a man, the equivalent a 
man to work for you, by buying $10 of fossil fuel, of oil, it will work 
a full year for you. Now let me read what Hyman Rickover said 50 years 
ago and more so today. Man's muscle power is rated at 35 watts 
continuously, \1/20\ of a horse power. That is 24/7. You can do a 
little better than that when you are working, but you have to eat, 
sleep, so forth.",['7_2_1']
"An increase of 6C would have irreversible consequences, rendering large parts of the globe uninhabitable and destroying much of life on Earth.",['0_0_0']
"We find that ocean-driven ice-shelf thinning is in all cases coupled with dynamic thinning of grounded tributary glaciers that together account for about 40% of Antarctic discharge and the majority of Antarctic ice-sheet mass loss2. In agreement with recent model predictions, we conclude that it is reduced buttressing from the thinning",['0_0_0']
"Recently a High Court judge in the UK listed nine of the 35 major scientific errors in Gore's movie, saying they must be corrected before innocent schoolchildren can be exposed to the movie. Gore's exaggeration of sea-level rise was one.","['1_6_0,', '6_1_3']"
"Our results suggest weak to moderate coupling between CR and year-to-year changes of GT,' they write. 'However, we find that the realized effect is modest at best, and only recoverable when the secular trend in GT is removed.' This 'secular trend' is the warming widely believed to be caused by excess carbon in the atmosphere, an effect the researchers accounted for by first-differencing. 'We show specifically that CR cannot explain secular warming, a trend that the consensus attributes to anthropogenic forcing. Nonetheless, the results verify the presence of a nontraditional forcing in the climate system, an effect that represents another interesting piece of the puzzle in our understanding of factors influencing climate variability,",['0_0_0']
"Pauses as long as 15 years are rare in the simulations, and we expect that [real-world] warming will resume in the next few years, the Hadley Centre group writes. Researchers agree that no sort of natural variability can hold off greenhouse warming much longer.",['0_0_0']
"Moreover, there is good research suggesting that conflict in Dafur had nothing to do with climate change.",['3_5_0']
"If the President is worried about affordable energy, he needs to stop 
pushing policies that will drive up these prices.",['4_1_1']
"Drafts seen by Reuters of the study by the U.N. panel of experts, due to be published next month, say it is at least 95 percent likely that human activities chiefly the burning of fossil fuels are the main cause of warming since the 1950s.",['0_0_0']
"So the goalposts are likely to shift, thereby increasing investor uncertainty and making it difficult for utilities to plan capital structures. If we go down this path of carbon caps, there will be increasing pressure from the European Union to try to keep up with them in terms of the targets that they are suggesting should be adopted.",['4_1_4']
"For decades now, Alaskans have been seeking permission to explore and 
to develop oil in the 1002 area. Given the general estimates the USGS 
has indicated, we recognize that it offers this country the best chance 
for a major oil find of any spot onshore in North America, and the 
technology has advanced so that we now have the possibility of 
resolving this dispute to the satisfaction of all sides.",['7_1_0']
"The concern is that a threshold may soon be passed beyond which well be committed to losing most or all of the Greenland ice sheet, said Professor Steffen. This would lead to 6 metres of sea level rise (with enormous implications for Australia ), although the time frame required to lose this amount of ice is highly uncertain, ranging from a century to a millennium or more.",['0_0_0']
It points to the natural variability of the climate system. It's quite likely  the warming is simply due to the dimming and brightening of the sun.,['2_1_1']
We should focus on carbon dioxide removal rather than emissions reductions.,['4_2_13']
"In April of last year, 47% of Americans blamed human activity versus 34% who viewed long-term planetary trends as the culprit. But the numbers have been moving in the direction of planetary trends since then.",['4_2_7']
"As a matter of fact, the Senator from Washington just talked about 
the need for Federal encouragement. In fact, her exact statement was: 
We need a policy to encourage the use of renewable energy as part of a 
21st century national plan. I agree we need to encourage, but there is 
a big difference between encourage and require.",['4_1_5']
"Her primary conclusion was that a warming climate had caused the species range to shift northward.  She concluded neither that a) the species had become endangered, nor b) that the species overall range had declined.",['3_2_0']
"From supporting global security to advancing medical research, the U.S. is already a force for societal good, so tackling climate change doesn’t need to be a priority.",['4_4_3']
"We may not be able to do anything about the weather or climate. But we can, and must, implement policies that ensure we have the technology, money, jobs and energy to adapt to whatever climate and weather changes might come.",['4_2_11']
"Yes, you read that right: the runaway global warming scenario is now off the table;  a new ice age is coming for sure, and whatever human warming effects there may be will only make our descent into the deep freeze a little more comfy.","['1_2_0,', '3_0_0']"
"I am arguing that the version constructed by Briffa, and relied on so extensively in the literature since then, is not robust in its late-20th century portion to a small and reasonable inclusion of additional data.",['5_2_0']
"Over the last 2 years, the Environmental Protection Agency has been 
the most aggressive agency representing environmental causes in many, 
many years. Today, we have an opportunity to try to stop their 
unprecedented power grab. Even the longest-serving Member of this 
House, the distinguished Democrat from Michigan, Mr. John Dingell, whom 
we all respect and admire, said it would be a glorious mess if EPA ever 
tried to regulate greenhouse gases. Carbon dioxide, one of the things 
they are trying to regulate, is necessary for human life.","['4_1_5', '3_3_1']"
"Neither CBS nor ABC have included a skeptical scientist in their news shows within the past 1,300 days, but both networks included alarmists within the past 160 days CBS as recently as 22 days ago. When the networks did include other viewpoints, the experts were dismissed as out of the scientific mainstream or backed by oil and coal companies.",['6_1_2']
"From a historical perspective, an atmospheric CO2 concentration of 400 ppm is actually almost scraping the bottom of the barrel. Over the Earths history, atmospheric CO2 concentrations have ranged from 180 ppm to 7000 ppm.",['2_3_6']
"Climate sensitivity is somewhere between 1.5 C and 4.5 C for a doubling of carbon dioxide, due to feedbacks (primarily water vapor) in the climate system. This is supported by multiple lines of evidence, including GCMs, paleoclimate evidence (including climate response to forcing during glacial periods as well as millennial proxies), the instrumental record, and the climate response to volcanic forcings among others",['0_0_0']
"As the CO2 content of the air continues to rise, it is likely that wheat plants will exhibit significant increases in photosynthesis and yield even under less than favorable growing conditions characterized by elevated atmospheric ozone concentrations and/or pathogenic infections by rust-causing organisms.  Thus, it is likely that such detrimental environmental and biotic factors will not threaten world grain production in the years to come, as long as the air's CO2  content is allowed to increase unhindered by mankind's misguided legislative attempts to stabilize the atmospheric concentration of this vital life-supporting gas.",['3_3_1']
"(a) There is a clustering of warmer years during the past 20 years or so. This does suggest an overall warming. Taking the HadCRUT data for good (otherwise there would be no point examining them), it is also possible to say that the warmest X years happened within the past Y years.",['0_0_0']
"There was a warming between 1977 and 1999 that coincides with the warming of the tropical Pacific Ocean. The oceans are major drivers of climate, particularly the Pacific, because it covers 35% of the earth's surface. When it warms, the climate also warms: The atmosphere, the air, is heated from below, the temperatures are higher near the surface.",['2_1_3']
"We need to take a global perspective. Climate change is not the only issue on the agenda. There are many other issues and we need to ask, where we can do the most good first?",['4_2_14']
So let me close with this observation from my scientific research and life experience. Helping people develop economically is the fastest route I see to giving them the tools they need to adapt to whatever the climate does including that portion of change that may be due to human influences.,['4_2_14']
"This issue of coal is very important. Coal is the most abundant 
resource that exists in this country. It is our most abundant. It is 
our most secure. It is here. It is the lowest cost American resource. 
It is estimated we have over 600 billion barrels of oil equivalent in 
coal. Compare that, for example, to the largest oil reserves in the 
world, which are held by the Saudis, estimated at about 260 billion 
barrels of oil. Again, the Saudis have the largest repository of oil we 
know of, estimated at about 260 billion barrels. Our coal has an oil 
equivalent of about 600 billion barrels.","['7_1_0', '7_2_2']"
"An article in Science magazine illustrated that a rise in carbon dioxide did not precede a rise in temperatures, but actually lagged behind temperature rises by 200 to 1000 years.  A rise in carbon dioxide levels could not have caused a rise in temperature if it followed the temperature.",['2_3_3']
"If climate scientists are right, its already too late to stop catastrophic warming. Even if the entire planet immediately froze CO2 emissions at today\'s levels -- something no one is advocating -- it would push back the date the planet exhausts its ""carbon budget"" by just eight years.","['4_2_0,', '4_3_0']"
"From an environmental standpoint, the Kyoto ``deal'' is completely 
inadequate. The treaty is so flawed that it will do virtually nothing 
to slow the growth of manmade greenhouse gasses in the atmosphere. Even 
if one accepts the validity of the science on global warming, which is 
still uncertain and at best contradictory, this treaty would do nothing 
to stop any of these emissions. The Kyoto ``deal'' excludes the very 
developing nations who will be responsible for more than 60 percent of 
the world's manmade greenhouse gas emissions early in the next century.

","['5_1_0', '4_2_2', '4_2_4']"
"Despite the Obama administrations efforts, coal will likely continue to play an integral role in providing the general public with inexpensive and reliable baseload electricity that powers our economy and affords Americans a high standard of living, Eick said.","['7_2_1,', '7_3_0']"
"We expected that we would estimate the individual contributions, and that their sum would get us back to the 1.5 to 1.8 mm per year that other people had predicted, Hay said. But the math doesnt work out that way. Unfortunately, our new lower rate of sea-level rise prior to 1990 means that the sea-level acceleration that resulted in higher rates over the last 20 years is really much larger than anyone thought.",['0_0_0']
"And I would also like to add that there is, as we deal with this complex and urgent problem, there is much room for mischief in policy-making that would have unintended consequences and not meet the objectives, all sorts of opportunities for pork and all sorts of problems. I urge careful consideration and analysis of the policy options so we get something that will be effective, economically feasible and politically viable.","['4_3_1,', '4_2_6']"
"Alex, you’re not only a great advocate for the energy industry but for true humanism: the philosophy that recognizes the right of every man to flourish by his own standard of value. Through you I’ve learned loads about the fossil fuel industry and gained a broad contextual knowledge of the role of fossil fuels in human flourishing, especially in the context of climate change",['7_2_0']
"The EPA has claimed unto itself the power to regulate carbon dioxide, a byproduct of human and animal respiration and the basis for  all life on earth, as a pollutant.","['3_3_1,', '4_1_5']"
"The amount of CO2 in the atmosphere exceeded 400 parts per million (ppm) for the first time in probably more than three million years of Earth history. The IPCC told us that when that happened, the 400 parts per million mark, climate change would be irreversible and catastrophic. They're right. So what's the point?",['4_3_2']
The problem is that there is no technology in existence which can extract enough energy to eliminate fossil fuel usage and cover our energy demand.,"['4_2_7,', '7_3_0']"
"For all the hype about the bleaching events on the GBR, most of the reef did not bleach and almost all that did bleach has almost fully recovered.",['3_2_3']
