text,true_claims
The University of Alaska at Fairbanks shows how warmer Atlantic waters make their way into the arctic increasing ice melt (from the bottom) and air temperatures.,['0_0_0']
"This indisputable fact is the best evidence that atmospheric global warming is not having a measurable effect on Antarcticas ice sheets and glaciers, and that the western portion of the continent is losing mass solely from powerful geothermal processes.","['1_1_1,', '2_1_2']"
"..:: Every day, 20 MILLION TONS of that CO2 are absorbed into the OCEANS, thereby increasing the overall ACIDITY of the OCEANS.",['0_0_0']
"Atmospheric carbon dioxide (CO2) is one of the most important greenhouse gases and the increase of its abundance in the atmosphere by fossil fuel burning is the main cause of future global warming. In past times, during the transition between an ice age and a warm period, atmospheric CO2 concentrations changed by some 100 parts per million (ppm) from an ice age value of 180 ppm to about 280 ppm during warm periods.",['0_0_0']
Many are losing faith in climate policies that seem to hurt the economy more than they help the environment.,"['4_1_1,', '4_3_3']"
"The report of the Arctic Monitoring and Assessment Program (AMAP), the scientific arm of the eight-nation Arctic Council, says Greenland was losing ice in the 2004-2009 period four times faster than in 1995-2000.",['0_0_0']
"The changes we see are dramatic. And they are not coincidental. The trends are unequivocal and deviate from the norm when compared with a longer term perspective, she says.",['0_0_0']
"Now, there's a lot of creative things. But they are little niche players. They are little niche markets. They are not huge volumes. So it is important that Americans understand that whether we like it or not, fossil fuels are going to be our major energy source a lot longer than we want them. If we continue to not produce our own, then we are going to have to buy them from foreign countries.","['7_3_0,', '7_2_2']"
"Since 1993 or so, we have added several million historical temperature profiles. This collection allowed us for the first time to estimate the change in ocean heat content from 1955 on. When we first published these results in 2000, they received a great deal of media, congressional, and scientific attention, because the warming that we saw was consistent with what would have been expected due to the increased greenhouse gases in the atmosphere, recalls Levitus.",['0_0_0']
The greatest losses were due to the rapid retreat of Arctic Sea ice and to the collapse and thinning of ice shelves at the Antarctic Peninsula and in the Amundsen Sea.,['0_0_0']
"Britons are more likely to agree the climate is changing than at any time in recent years, with nearly nine in 10 people saying climate change is happening and 84% attributing this somewhat or entirely to human activity, new research has found. Two-thirds say they are concerned by global warming.",['0_0_0']
Yet Gore has received a Nobel Prize for a book (and film) that even sympathizers can see is filled with factual errors.  Gore's book and film are so tendentious and inaccurate that they do little to advance his position.,['6_1_3']
"IT MAY be time to stop describing south-eastern Australia as gripped by drought and instead accept the extreme dry as permanent, one of the nations most senior weather experts warned yesterday.",['0_0_0']
"From the foregoing, it is clear that CO 2 is the key atmospheric gas that exerts principal control (80% of the non-condensing GHG forcing) over the strength of the terrestrial greenhouse effect. Water vapor and clouds are fast-acting feedback effects, and as such, they are controlled by the radiative forcing supplied by the non-condensing GHGs.",['0_0_0']
This is simply not the case . The overall trend line shows continued warming. 2010 was the hottest year on record. Every year of the decades of the 2000s was warmer than the average temperature in the 90s.,['0_0_0']
"As a result of the increasing concentrations of greenhouse gases, it is now believed that in the first half of the next century a rise of global mean temperature could occur which is greater than any in man's history. '",['0_0_0']
"The Great Barrier Reef is doomed again. A recent widely publicised scientific study reports the dramatic finding that it has lost half its coral in the last 27 years. Forty-eight precent of the loss is attributed to storm damage, with bleaching and crown-of-thorns starfish being responsible for 10% and 42% respectively. The average annual rate of coral loss over the 27-year period was estimated to be 3.38% and growth was put at 2.85%, leaving a net decline of 0.53% per year. Further effort and research on starfish control is suggested to be the most promising means of reversing the decline. Elimination of the loss due to starfish would leave a net gain of 0.89%.",['3_2_3']
"Climate change has reduced sea ice in the Arctic to record lows in the last year and Dr Ian Stirling, who has studied the bears for almost 40 years and examined the animal, said the lack of ice forced the bear into ranging far and wide in an ultimately unsuccessful search for food.",['0_0_0']
"But here's the good news: Despite almost mind-numbing repetition of ""the debate is over"" and ""don't believe climate deniers,"" the American public is unconvinced that man-made global warming merits the policies this administration is pushing. Republicans in Congress are unified on the climate change topic, acknowledging that while there may be some human impact on climate, it does not justify the sweeping taxes, regulations, and subsidies supported by the current administration. They will block cap and trade, carbon taxes, and international treaties.","['4_2_2,', '6_1_3']"
The change is so dramatic that one face of the die must now represent extreme weather to illustrate the greater frequency of extremely hot weather events.,['0_0_0']
Making the ignorance and arrogance of the Administration all the more absurd are the repeated claims that the plan will save the consumers money  as if major urban black-outs can be labeled as money saving opportunities.,['4_1_1']
"80 percent of observed monthly records would not have occurred without human influence on climate, concludes the authors-team of the Potsdam Institute for Climate Impact Research (PIK) and the Complutense University of Madrid.Monthly temperature extremes have become much more frequent, as measurements from around the world indicate. On average, there are now five times as many record-breaking hot months worldwide than could be expected without long-term global warming, shows a study now published in Climatic Change. In parts of Europe, Africa and southern Asia the number of monthly records has increased even by a factor of ten.",['0_0_0']
"The Fasullo and Trenberth paper identified a relationship between the modeled seasonal change in relative humidity in the subtropical dry zones (the downwelling branch of the Hadley circulation, centered around 20-30N and S) and the long-term feedback behavior of clouds in models. This is a very promising methodology because, if the relationship holds, we could evaluate climate models using observations of the seasonal cycle of relative humidity (which are much easier to obtain than cloud measurements). We dont actually have to observe clouds at all! Fasullo and Trenberth use satellite data to estimate the present-day (1980-1990) May through August relative humidity and find that the CMIP3 models that best match the observations have strong moist zones in the tropical lower troposphere, strong dry zones in the subtropical upper troposphere, and high climate sensitivities. Thus, Fasullo and Trenberth conclude that the relative humidity observations are most consistent with higher climate sensitivities (around 4C for a doubling of CO 2 ).",['0_0_0']
"First, its true that in the distant past (hundreds of thousands of years ago) a rise in carbon dioxide sometimes did follow a rise in temperature. As Skeptical Science points out, thats to be expected: If the temperature goes up (which can have a number of initial causes), a lot of CO2 locked up in the oceans gets released. However, this does not mean carbon dioxide doesnt cause warming; in fact we know an increase in CO2 causes an increase in temperature. That in turn increases the amount of CO2 released from the oceans, further increasing temperature. This is called a positive feedback loop. Happily, in general, positive feedback loops like this tend to flatten out, preventing the heat from cranking up past the point where temperatures become unstable.",['0_0_0']
"The numerical climate experiment described in Fig. 2. demonstrates the fundamental radiative forcing role of the non-condensing GHGs, and the feedback (only) role of water vapor and clouds. This climate modeling experiment was performed using the GISS modelE general circulation coupled atmosphere-ocean climate model by zeroing out all of the non-condensing greenhouse gases. Doing this removed the radiative forcing that sustains the temperature support for water vapor and cloud feedbacks, causing rapid condensation and precipitation of water vapor from the atmosphere, collapsing the terrestrial greenhouse effect, and plunging the Earth into an icebound state.",['0_0_0']
"The root of the problem, Overland says, is melting sea ice. Sea ice forms in the Arctic Ocean during the cold, dark days of fall and winter and hangs around, melting slowly but not completely vanishing, throughout the summer. In recent years, more sea ice has melted during the warm months than can be replenished during the chillier ones.",['0_0_0']
"Plant oils can directly convert to biofuels with existing technologies, are compatible with current farm practices and are carbon neutral. As team leader and biochemist Danny Schnell says, Our goals are to double the current maximum seed and fuel yield from Camelina while requiring less than 1 million acres to achieve the 100 million gallons per year target for commercial viability. Camelina is an attractive candidate species, he adds, because it will grow in poor soil and not compete with food crops. It is also drought tolerant, has a short growing season and requires little fertilizer.",['0_0_0']
"The current increase in malaria is alarming, but the principal factors involved are deforestation, new agricultural practices, population increase, urbanization, poverty, civil conflict, war, AIDS, resistance to antimalarials, and resistance to insecticides. In my opinion, we should give priority to a creative and organized effort to stem the burgeoning tragedy of uncontrolled malaria, rather than worrying about the weather.",['4_2_14']
"Some of the energy from the sun is trapped inside our atmosphere as it is reflected back from the earth towards space. This natural process is called the greenhouse effect, as the atmosphere acts like the glass walls of a greenhouse, which allows the suns rays to enter but keeps the heat in.",['0_0_0']
Unger says her findings imply a higher climate sensitivity than if the system was simply affected by CO2 levels and the albedo effect.,['0_0_0']
"Instead of fighting to reduce emissions everywhere, we should invest in carbon dioxide removal technologies that can capture and store CO₂ directly from the air.",['4_2_13']
"STOCKER: No, already the association of seventeen years and climate warming is false. When we talk about a climate warming we mean the long-term trend, the one we see in the second half of the 20th century.",['0_0_0']
"The team found that, at the current rate that atmospheric carbon dioxide is increasing, such extreme events are likely to occur more frequently, Goddard said.",['0_0_0']
"Global warming also could drive many species to extinction, recent studies have concluded. The Ediths checkerspot butterfly is an example. It moved its range from Mexico about 60 miles north in the direction of busy San Diego and Los Angeles, where temperatures are cooler but the habitat is not as good for butterflies. The checkerspot is now endangered.",['0_0_0']
"Take the Science paper: Marine Ice Sheet Collapse Potentially Under Way for the Thwaites Glacier Basin, West Antarctica. Using ice-flow models and observations, the researchers, led by Ian Joughin of the University of Washington, concluded:",['0_0_0']
"Of course, Obama is still threatening to unleash the U.S. Environmental Protection Agency to regulate that harmless trace essential gas we exhale from our mouths","['2_3_1,', '3_3_0,', '4_1_0']"
"But when you burn fossil fuels, you are adding new CO2 to the atmosphere. Yes, it also was originally removed from the atmosphere, but that was millions of years ago. The CO2 from fossil fuels changes the current quasi-equilibrium. The increase in atmospheric CO2 that has occurred over the last century is due almost entirely to human activity (primarily the burning of fossil fuels).",['0_0_0']
"JAXA shows the area immediately west of Barrow, Alaska as ice free. And it appears to be melting away from the shore.",['0_0_0']
"if you lose the summer sea ice, there are phenomena that could lead you not so very long thereafter to lose the winter sea ice as well. And if you lose that sea ice year round, its going to mean drastic climatic change all over the hemisphere.",['0_0_0']
"So-called fugitive emissions, particularly of methane, which is a much more powerful greenhouse gas than carbon dioxide, can tip the balance and make coal seam gas as dirty a fuel source as black coal burnt in ageing power plants, the report says.",['0_0_0']
Most of the observed increase in global average temperatures since the mid-20th century is very likely due to the observed increase in anthropogenic GHG [greenhouse gas] concentrations.,['0_0_0']
"In attendance at the press conference was a journalist from Die Zeit, who, never having read the book, immediately attacked the two authors and their message. The good news that there was lots of science emerging showing no coming climate catastrophe was just too upsetting for him to handle. Just think about that.","['6_1_2,', '3_0_0']"
"With the U.S. contributing billions to humanitarian causes, healthcare, and poverty alleviation worldwide, our resources are better spent on pressing issues rather than additional climate policies.",['4_2_14']
"People will see their choices limited to the few options presented them. The terms ""property rights"" and ""individual liberty"" were nowhere to be heard at Habitat III. Instead, participants were told that ""decarbonization"" is imperative if the planet is to be saved. And if that means packing people into compact housing like so many sardines in a tin can, so be it.",['4_1_5']
"Here we combine available ocean transparency measurements and in situ chlorophyll observations to estimate the time dependence of phytoplankton biomass at local, regional and global scales since 1899. We observe declines in eight out of ten ocean regions, and estimate a global rate of decline of ~1% of the global median per year. Our analyses further reveal interannual to decadal phytoplankton fluctuations superimposed on long-term trends. These fluctuations are strongly correlated with basin-scale climate indices, whereas long-term declining trends are related to increasing sea surface temperatures . We conclude that global phytoplankton concentration has declined over the past century; this decline will need to be considered in future studies of marine ecosystems, geochemical cycling, ocean circulation and fisheries.",['0_0_0']
"The continental shelves of the Bering, Chukchi and Beaufort Seas are especially vulnerable to the effects of ocean acidification because the absorption of human-caused carbon dioxide emissions is not the only process contributing to acidity. Melting glaciers, upwelling of carbon-dioxide rich deep waters, freshwater input from rivers and the fact that cold water absorbs more carbon dioxide than warmer waters exacerbates ocean acidification in this region.",['0_0_0']
The destructive energy of Atlantic hurricanes has increased in recent decades. The intensity of these storms is likely to increase in this century.,['0_0_0']
"Changes in temperature since 1860 are shown in the graph . The data shows that the planet has warmed by about 0.7 degrees Celsius in the last 100 years, with the most rapid rise occurring since the mid 1970s",['0_0_0']
"Facts, as they say, are facts. On the other hand, untrue representations presented as facts are either uninformed, intentionally disingenuous, or a combination of the two. Secretary of State John Kerry's statements attacking those who challenge the existence of a human-caused climate crisis likely fall into the third category.",['6_1_3']
"One of the first such reconstructions was the so-called hockey stick, published by Mann et al . in 1999 4 . As a reconstruction of Northern Hemisphere temperature spanning the past millennium, the hockey stick graph reflected a long-term cooling into the seventeenth century, the stick, followed by a sharp warming that began in the late nineteenth century, the blade. Multiple teams of scientists have subsequently generated dozens of alternative Northern Hemisphere temperature reconstructions, each using slightly different methods and data networks 5 . Climate model simulations that include natural forcings from volcanic eruptions and solar variability, as well as anthropogenic forcings such as greenhouse gases, reproduce many of the key features seen in the collection of Northern Hemisphere temperature reconstructions, within the combined uncertainties of the forcings and the reconstructions 5 . Such features include multi-year, hemispheric-scale cooling associated with large volcanic eruptions, as well as pronounced warming over the industrial era. The high level of datamodel agreement suggests that scientists have a good grasp of the dominant mechanisms of climate change on decadal to centennial timescales, and that such mechanisms are fairly well represented in the current suite of climate models used to project future temperature.",['0_0_0']
Polar bears survive mainly on a diet of seals that they hunt on the sea ice but increased melting in the summer reduces seal numbers and as a result the bears struggle to find a meal.,['0_0_0']
The Met Office added that global warming had prevented this winter from being even colder.,['0_0_0']
"The Keystone XL pipeline is all gain, no pain.",['7_2_0']
"I believe a consensus of most scientists who work in climate, given that it is a rather young science, without sufficiently long records, is that there is a very real threat of global warming. Most of the data we have do show that the Earth is warming up, has been warming roughly over the last 100 years. The extent to which this is anthropogenic is the subject of fierce debate. There is a consensus I think of the great majority of scientists that there's strong evidence that a big part of it, if not most of it, is anthropogenicAnd even were it to turn out that it was natural, the threat to humans is very much the same. And one might argue that there has been too much debate about whether it is anthropogenic and whether is it natural and too little attention paid, first of all what are we going to do if this continues to happen? Because there will be real effect on human beings even if it were natural.",['0_0_0']
"January 4, 2008 IT MAY be time to stop describing south-eastern Australia as gripped by drought and instead accept the extreme dry as permanent, one of the nations most senior weather experts warned yesterday.",['0_0_0']
"The UK government has unsurprisingly been trying to alarm us all with scares ranging from rising sea levels, floods and droughts to extinctions of species, higher insurance costs and tropical diseases. Would it be too much to expect that they check the facts first?",['6_1_3']
"First, lets get rid of the 1998 red herring. The implication is that you can only get this slowdown by picking 1998 as the start year. The reality is that temperatures have been flat since 2001, which was a neutral ENSO  year, and therefore comparable to this year",['1_4_0']
"Scientists have long suspected that ocean acidification caused the crisissimilar to today, as manmade CO2 combines with seawater to change its chemistry. Now, for the first time, scientists have quantified the extent of surface acidification from those ancient days, and the news is not good: the oceans are on track to acidify at least as much as they did then, only at a much faster rate.",['0_0_0']
"These results indicate that the slowed warming of average global surface temperature is not as significant as previously believed. Surface warming has slowed somewhat, in large part due to more overall global warming being transferred to the oceans over the past decade . However, these sorts of temporary surface warming slowdowns (and speed-ups) occur on a regular basis due to short-term natural influences.",['0_0_0']
"Published yesterday in Nature Geoscience, the same study shows that the smaller but less stable West Antarctic icesheet is also shedding significant mass.",['0_0_0']
"Cutting our emissions by 10% or more below 1990 levels would require huge reductions of industrial and transportation energy use, extensive residential energy conservation programs, and elimination of coal use. Coal represents 30% of domestic energy production, and provides more than half of total U.S. electricity. The U.S. does not have adequate supplies of natural gas or alternative fuels to replace coal use by electric utilities.",['7_3_0']
It will say that there is a 95 per cent chance that most of global warming is caused by man - up from 90 per cent in 2007.,['0_0_0']
"Pio XI Glacier, the largest glacier of the Patagonian ice field, has been advancing for years.",['1_1_4']
"Clearly, the empirical evidence reveals that as atmospheric CO2 levels have grown, the impact on 60-year temperature changes has shrunk.",['2_3_0']
The number of days over 35C in Cairns is expected to triple and the Gulf and Cape can expect longer drier spells interrupted by more intense rainfall.,['0_0_0']
"Congress is debating whether to renew the production tax credit for wind and other renewable energy sources, noted Ken Bossong, Executive Director of the SUN DAY Campaign. The continued rapid growth of these technologies confirms that the PTC has proven to be a very sound investment.",['0_0_0']
"The Met Office has argued that summers as hot as 2003 could happen every other year by 2050, as a result of climate change.",['0_0_0']
"Rahmstorff and Coumou (2011), for example, developed a mathematical model to quantify the effect of long-term trends on the expected number of extremes in generic time series, using analytical solutions and Monte Carlo simulations. The mathematical model then used mean temperatures for July over Moscow to show that the local and regional warming trends experienced there have substantially increased the probability of extreme records like the Russian heat wave. And contrary to the Dole et al . study, Rahmstorf and Coumo linked the 2010 exceptional heat wave over Russia to recent global warming.",['0_0_0']
"This is particularly so when one accounts for another form of prior information: theory and models. While some disagreement remains about projections of the weakest storms, which seldom do much damage, both theory and models are now in good agreement that the frequency of high category hurricanes should increase, as should hurricane rainfall and the flooding it produces.",['0_0_0']
"Aware of international pressure to reduce its greenhouse gases, India is trying to ramp up alternative energy options.",['0_0_0']
"implications for flooding, drought, crop production, inundation of coastal communities, and threats to ecosystems unable to adapt quickly enough to the rapid rate of climate change.",['0_0_0']
"And I would also like to add that there is, as we deal with this complex and urgent problem, there is much room for mischief in policy-making that would have unintended consequences and not meet the objectives, all sorts of opportunities for pork and all sorts of problems. I urge careful consideration and analysis of the policy options so we get something that will be effective, economically feasible and politically viable.","['4_3_1,', '4_2_6']"
"The ""polar vortex"" that plunged Canada and the U.S. into historical cold last winter is said by researchers to have occurred because melting polar ice changes weather patterns, according to a study published earlier this month.",['0_0_0']
"3. by the time we get to the end of the 21st century, we could see sea-level rise of as much as six feet globally instead of two to three feet. Last year an expert panel convened by the National Oceanic and Atmospheric Administration (NOAA) adopted 6.6 feet (two meters) as its highest of four scenarios for 2100. The U.S. Army Corps of Engineers recommends that planners consider a high scenario of five feet. were already locked in to at least several feet of sea-level rise, and perhaps several dozens of feet.",['0_0_0']
"This remarkable image sequence captures a series of massive calving events at Columbia Glacier near Valdez, Alaska. Composed of 436 frames taken between May and September of 2007 , it shows the glacier rapidly retreating by about half a mile (1.6 kilometers), a volume loss of some 0.4 cubic miles (1.67 cubic kilometers) of ice or 400 billion gallons (1.5 trillion liters) of water.",['0_0_0']
C. Atmospheric Winds and Global Temperatures Will Be Affected and Weather Will Become More Violent As Oceans Warm.,['0_0_0']
"As things stand, the atmosphere is expected to have twice as much CO2 as in pre-industrial times by about 2050. In 2007, the IPCC said the likeliest figure was 3C, with up to 4.5C still likely.",['0_0_0']
"Not only is more chaotic weather predicted by climate change, it is actually happening. There is strong scientific evidence that 'indeed the weather has become more extreme, as expected, and that it is extremely likely that humans are a contributing cause.' (Romm, 2011)",['0_0_0']
"Climate models have improved since the [Fourth Assessment Report published in 2007]. Models reproduce observed continental-scale surface temperature patterns and trends over many decades, including the more rapid warming since the mid-20th century and the cooling immediately following large volcanic eruptions (very high confidence).",['0_0_0']
"The work by researchers at the University of Maryland, Baltimore County (UMBC), the Laboratoire d'Etudes en Gophysique et Ocanographie Spatiales, Centre National de la Recherche Scientifique at the University of Toulouse, France, and the University of Colorado's National Snow and Ice Data Center, Boulder, Colo., details recent ice losses while promising to sharpen future predictions of further ice loss and sea level rise likely to result from ongoing changes along the Antarctic Peninsula.",['0_0_0']
"The accelerated growth is suggestive of an environmental change unprecedented in millennia, the report states. As a result, the bristlecone pine is considered by many dendrochronologists to be an indicator species for climate change.",['0_0_0']
"Global warming could also be a factor because it is supposed to increase weather extremes, according to climate scientists.",['0_0_0']
"There are also multiple robust lines of evidence of human causation of this undeniable warming that the Earth is experiencing that include multiple attribution studies, fingerprint studies based upon how the Earth would warm if greenhouse gases are causing the warming compared to how it would warm is climate change is caused by the sun, volcanic activity or ocean cycles, carbon isotope analyses that have demonstrated that carbon compounds appearing the atmosphere can be traced to fossil fuel burning, and model results that achieve the best fit between prediction and observation when both natural climate forcing and greenhouse gas climate forcing are combined. (Forcing means changes in heat energy from a baseline year.)",['0_0_0']
"In his speech, Mr Gore told the conference: These figures are fresh. Some of the models suggest to Dr [Wieslav] Maslowski that there is a 75 per cent chance that the entire north polar ice cap, during the summer months, could be completely ice-free within five to seven years.",['0_0_0']
We should focus on carbon dioxide removal rather than emissions reductions.,['4_2_13']
Human-induced climate change and its impacts are apparent now throughout the United States . Global warming is unequivocal and is due primarily to human-induced emissions of heat-trapping gases and other pollutants.,['0_0_0']
"For example, in response to the question What role has the Sun played in climate change in recent decades?, The Royal Society saysThe Sun has not played a major role in recent climate change. The Sun provides the primary source of energy driving Earths climate system and variations in the energy emitted by the Sun affect Earths climate. However, satellite measurements since the late 1970s show no overall increase in the energy emitted by the Sun, while the climate system has warmed.",['0_0_0']
"In addition to global warming effects, when carbon dioxide is released into the atmosphere, a significant fraction is passively taken up by the ocean in a form that makes the ocean more acidic. This acidification has been shown to be harmful to marine life, especially corals and shellfish.",['0_0_0']
"Normally, acids in the environment are buffered by alkaline compounds released by the weathering of minerals in rocks. The problem today, according to Herman, is that the rate of acidification by human activities has outstripped the weathering rate and buffering capacity of the planet.",['0_0_0']
"In fact extreme weather events such as tropical cyclones (hurricanes, in the US) have been at historic lows with atmospheric carbon dioxide at contemporary highs.",['1_7_0']
"The amount of oil seeping from the ocean floor since 1970 equals more than 31 times the amount of oil spilled in 1969, he said.Over a 10-day period in 1969, an estimated 3 million gallons of crude oil spilled into the channel and onto the beaches of Santa Barbara County.",['0_0_0']
"Wind is now cheaper than fossil fuels in producing electricity in Australia, the worlds biggest coal exporter, according to data compiled by Bloomberg.",['0_0_0']
I believe that the burning of fossil fuels over the last 50 years has caused serious damage to the planets climate. Agree,['0_0_0']
The 15-year pause myth is completely debunked surface warming over the past decade turns out to be more than double previous estimates.,['0_0_0']
"His reference to climate change as a ""creeping"" national security threat (which would necessarily require collective action to address) dramatically overstates the case, unless one sees a three hundred year horizon as somehow appropriate for national security policy-making.",['3_5_0']
"A very solid scientific consensus indicates that we are presently witnessing a disturbing warming of the climatic system. In recent decades this warming has been accompanied by a constant rise in the sea level and, it would appear, by an increase of extreme weather events.",['0_0_0']
"Meteorologists say an unusual confluence of several weather patterns, including La Nina, was the direct cause of the warm start to 2012. While individual events cannot be blamed on global warming, Crouch said this is like the extremes that are supposed to get more frequent because of man-made climate change. Greenhouse gases come from the burning of fossil fuels such as coal and oil .",['0_0_0']
"Furthermore, we were interested in mapping some of the types of extreme weather events that have occurred in 2011 and whose occurrence is linked to the influence of climate change. With the November 18, 2011 Intergovernmental Panel on Climate Change (IPCC)'s SREX report ' 'SREX' being the acronym for The Summary for Policymakers of the Special Report on Managing the Risks of Extreme Events and Disasters to Advance Climate Change Adaptation ' some of the linkages between climate change and extreme events have been drawn even more sharply than ever before. For example, the SREX summary finds at least a 66 percent chance that extreme temperatures and coastal extreme high water (which contributes to flooding) have worsened as a result of human activities. And looking to the future, SREX projects that if carbon emissions continue unabated, it is likely that the frequency of hot days will increase by a factor of ten in most regions of the world; that heavy precipitation will occur more often; and that the wind speeds of storms will increase (see the IPCC SREX Press Release ). It's likely, too, that climate change will intensify drought in the future and that, coupled with extreme heat, wildfire risks will increase.",['0_0_0']
"Substantial evidence indicates that global warming may be responsible for the recent increasing intensity of Atlantic hurricanes, including increasing their size and contributing to a lengthening hurricane season.",['0_0_0']
"Some temperature changes in first half of 20th century were probably due to changes in the sun, but solar effects cannot explain the more recent warming. Solar output in the second half of the 20th century fluctuated slightly with the 11-year sunspot cycle but showed little long-term trend.",['0_0_0']
"College campuses across the country have been abuzz with protests calling for the divestment of university endowments and public pension funds from fossil fuels. As a result of the pressure, Stanford University has begun to divest its $18.7 billion endowment from coal stocks. Union Theological Seminary in New York has begun a divestment process as well. Cities have born the brunt of protests as well, and a growing number of them are making decisions to stop investing city funds in dirty energy.",['0_0_0']
"The EU has pledged to cut emissions by 40% by 2030, while the US promised last month to reduce its carbon emissions 26-28% by 2025.",['0_0_0']
"Because the transient response of the model depends on both its sensitivity and the external radiative forcing imposed on it, we first demonstrate the consistency between the model-simulated radiative forcing with that measured by satellites (Fig. 1 [of Soden08]). Both the observations and model simulations yield very similar reductions in the absorbed solar or shortwave (SW) radiation, which are nearly twice as large as the reduction in emitted LW radiation, a net loss of radiative energy that cools the surface and lower troposphere.",['0_0_0']
"This proves that the climate is extremely sensitive to CO2, and that everything is worse than we predicted .James Hansen",['0_0_0']
"This is complete nonsense. If the absorption of relevant wavelengths is already saturated, there is no mechanism for the Earth to warm in response to  increased levels of greenhouse gases.",['2_3_2']
Abundance estimates are not available. The trend is believed to be declining and the status relative to historical levels is believed to be reduced based on legal/illegal harvest levels that were thought to be unsustainable. Sea ice loss is one of the highest levels in the Arctic. Combined impacts of high levels of legal/illegal harvest with rapid sea ice loss suggest that the risk for depletion is likely high.,['0_0_0']
"The current heatwave began on May 21, with temperatures in many regions exceeding 45C, and reaching 47.6C and beyond [ link ]. Delhi has endured seven consecutive days over 44C, the worst extreme heat event recorded in a decade.The heat wave was caused in large part by sparse pre-monsoon season rain showers, leaving large parts of India arid and dry.Cooling monsoon rains are expected within a few days, which will bring the heat wave to an end.",['0_0_0']
"Frankly, given the known historical level of volcanism, globally,. that fact that when it all dramatically slowed in the 1900s, we got somewhat warmer really ought not to surprise anyone.  My expectation is simply that we will return to more historical average levels.  What where those?  Enough to have tropical and Pacific islands depicted with smoking volcanoes more often than not.",['2_1_2']
"In 2006, he warned high temperatures meant between 30 and 40 per cent of coral on Queenslands great Barrier Reef could die within a month.",['0_0_0']
"In October, 2011, NASA's Operation IceBridge discovered a major rift in the Pine Island Glacier in western Antarctica. This crack, which extends at least 18 miles and is 50 meters deep, could produce an iceberg more than 800 square kilometers in size. IceBridge scientists returned soon after to make the first-ever detailed airborne measurements of a major iceberg calving in progress. (Credit: NASA/Goddard/Jefferson Beck)",['0_0_0']
"(g) The analysis of 542 plant and 19 animal species across 19 European countries demonstrates without doubt that the timing of activities of plants and animals, especially in spring and in autumn [] have changed following national warming trends (Menzel et al 2006) .",['0_0_0']
"How Chretien, as the leader of a large, cold, northern, oil-exporting country, could have committed Canada to an emissions treaty that excluded the U.S. and required nothing of China, defies explanation to this day.",['4_2_4']
Public support for climate solutions is dropping as people grow frustrated with the high costs.,"['4_3_3,', '4_1_1']"
"He said the Earth was entering the first hot period for 60 million years, when there was no ice on the planet and the rest of the globe could not sustain human life. The warning one of the starkest delivered by a top scientist comes as ministers decide next week whether to weaken measures to cut the pollution that causes climate change, even though Tony Blair last week described the situation as very, very critical indeed.",['0_0_0']
33 percent disagree that the U.S. government is not doing enough to address global warming.,['4_4_2']
"The authors write that ""increasing dissolution of anthropogenic-released carbon dioxide into the world's oceans is causing ocean acidification (OA),"" which they say ""is thought to negatively affect most marine-calcifying organisms, notably cold-water corals (CWC),"" which might be expected to be especially sensitive to OA, due to the deep and cold waters in which they are typically found. What was done",['0_0_0']
"Sea level rise poses one of the biggest threats to human systems in a globally warming world, potentially causing trillions of dollars' worth of damages to flooded cities around the world. As surface temperatures rise, ice sheets are melting at record rates and sea levels are rising.",['0_0_0']
"The researchers found that the natural relationship displays a strong rise in sea level for CO2 increase from 180 to 400 parts per million, peaking at CO2 levels close to present-day values, with sea level at 24 +7/-15 metres above the present, at 68 per cent confidence limits.",['0_0_0']
"_the amount of warming caused by human greenhouse gas (GHG) emissions is known to a high degree of certainty, and these same studies have all found that GHGs are responsible for over 100% of the observed warming over this timeframe.",['0_0_0']
"EPA Offers Draconian ""Guidance"" for Global Warming Energy Restrictions",['4_1_5']
"The thick ice that has for ages covered the Arctic Ocean at the pole has turned to water, recent visitors there reported yesterday. At least for the time being, an ice-free patch of ocean about a mile wide has opened at the very top of the world, something that has presumably never before been seen by humans and is more evidence that global warming may be real and already affecting climate. The last time scientists can be certain the pole was awash in water was more than 50 million years ago.",['0_0_0']
"Emanuel The rate of rise of surface temperature is consistent with predictions of human-caused global warming that date back to the 19th century and is larger than any natural change we have been able to discern for at least the past 1,000 years.",['0_0_0']
Thirty-five percent of Americans say there is not enough solid evidence to suggest mankind is warming the earth while another 18 percent says the world has warmed due to natural patterns and not human activity.,"['5_0_0,', '2_1_0']"
"Last time I looked I was impressed with the extent to which well known global warming scientist, James Hansen, was still on track with his 1988 prediction (Scenario B) about global temperature increase.",['0_0_0']
"And while researchers now turn their attention toward a scientific explanation of these correlations, its clear that the Earth cores effect on climate is substantially smaller than human effects.",['0_0_0']
"By 2100, the BAU projected rise is 37.1cm and the Kerry-Lieberman rise is 36.0cm. At century's end sea level rise savings of 1.1cm, or 0.43 inches. Too small to be of consequence.",['4_2_2']
"But it says the last major IPCC report, released in 2007 and called AR4, claimed the planet was warming at a rate of 0.2C every decade.",['0_0_0']
"Many classic papers in the infancy of ecology were conducted using limited replication; future research then built on their findings to improve our knowledge. The same phenomenon is occurring here in ocean acidification research and the same process of refinement will likely occur in other fields of research in the future if it has not already. The money spent by governments on ocean acidification was, in most cases, spent wisely. The same findings that appear in many of the first classic papers have been repeated using appropriate experimental methods. As well as in the laboratory studies we examined, these findings have also been represented in field experiments. It is now clear that ocean acidification will negatively impact marine ecosystems through alteration of the behaviour of many fish and invertebrate species, and through reductions in the calcification of many (but not all) calcifying species. The key now is for ocean acidification research to continue to improve and provide a benchmark for other fields of research.",['0_0_0']
"Rising carbon dioxide levels will most likely cause the global average temperature to rise two degrees by 2052, the Club of Rome think tank has said in a report.",['0_0_0']
"Global sea level rise has been a persistent trend for decades. It is expected to continue beyond the end of this century, which will cause significant impacts in the United States. Scientists have very high confidence (greater than 90% chance) that global mean sea level will rise at least 8 inches (0.2 meter) and no more than 6.6 feet (2.0 meters) by 2100.",['0_0_0']
"9 Were heading into an ice age Worry about global warming impacts in the next 100 years, not an ice age in over 10,000 years.",['0_0_0']
"Mr Garrett insisted global warming was causing ice losses throughout Antarctica. 'I don't think there's any doubt it is contributing to what we've seen both on the Wilkins shelf and more generally in Antarctica,' he said.",['0_0_0']
"There is no longer any doubt that the purported tropical hot spot simply does not exist. Thus, EPAs theory as to how CO2 affects global average surface temperature has been falsified.",['2_3_5']
"The decadal mean planetary energy imbalance, 0.75 W/m 2 , includes heat storage in the deeper ocean and energy used to melt ice and warm the air and land. 0.85W/m 2 is the imbalance at the end of the decade.",['0_0_0']
The recently released paper by Steig et al (2009) Warming of the Antarctic ice-sheet surface since the 1957 International Geophysical Year generated a lot of buzz on the climate blogs today.,['0_0_0']
Following is a chart showing the definite physical relationship between atmospheric carbon dioxide and sea surface temperatures.,['0_0_0']
"As mentioned above, in the case of the cold depths of outer space surrounding the Earths solar-heated surface, ANY infrared absorber that gets between the Earths surface and space will cause the surface to warm.",['0_0_0']
"The Foundation says the average level of pH at the ocean surface has dropped from 8.2 to 8.1 units, rendering the oceans more acidic than they have been for 20 million years,",['0_0_0']
"Figure 9.5 shows that simulations that incorporate anthropogenic forcings, including increasing greenhouse gas concentrations and the effects of aerosols, and that also incorporate natural external forcings provide a consistent explanation of the observed temperature record, whereas simulations that include only natural forcings do not simulate the warming observed over the last three decades.",['0_0_0']
"The retreat of glaciers since 1850, worldwide and rapid, affects the availability of fresh water for irrigation and domestic use, mountain recreation, animals and plants that depend on glacier-melt, and in the longer term, the level of the oceans. Studied by glaciologists, the temporal coincidence of glacier retreat with the measured increase of atmospheric greenhouse gases is often cited as an evidentiary underpinning of anthropogenic (human-caused) global warming. Mid-latitude mountain ranges such as the Himalayas, Alps, Rocky Mountains, Cascade Range, and the southern Andes, as well as isolated tropical summits such as Mount Kilimanjaro in Africa, are showing some of the largest proportionate glacial loss.",['0_0_0']
"One of the concerns expressed by the United Nations Intergovernmental Panel on Climate Change (IPCC) with respect to the potential impacts of CO 2 -induced global warming is an increase in the number of heat related deaths, which they predict should be rising in response to enhanced summertime temperature variability and more extreme heat waves, particularly among the elderly.",['0_0_0']
"Climate models do not predict an evenly spread warming of the whole planet: changes in wind patterns and ocean currents can change the distribution of heat, leading to some parts warming much faster than average, while others cool at first.",['0_0_0']
Most of the observed increase in global average temperatures since the mid-20th century isvery likelydue to the observed increase in anthropogenic greenhouse gas concentrations.,['0_0_0']
"Chris Rapley, the outgoing head of the British Antarctic Survey, said there were worrying signs of accelerating flows of ice towards the ocean from both Antarctica and Greenland with little sign of more snow falling inland to compensate.",['0_0_0']
"Human activity in burning coal and oil, and clearing forests has put an enormous amount of carbon dioxide into the atmosphere, where it has combined with water vapour to increase global temperatures in an unprecedented way. The evidence that this has occurred is clear-cut, and the increase in temperature will have, according to our computer models, dire effects on the planet. We must change our ways lest catastrophe strike us. It may already be too late.",['0_0_0']
"The history of where the weather stations were sited was crucial to Jones and Wang's 1990 study, as it concluded the rising temperatures recorded in China were the result of global climate changes rather the warming effects of expanding cities.",['0_0_0']
"This means climate change places equatorial marine species most at risk, as oceans are projected to warm by two to three degrees Celsius by the end of this century.",['0_0_0']
The latest information I have seen shows that the CO2 levels are high and that the rate of accumulation is accelerating. The scientists who study this would argue that it is getting to the point where something has to be done quickly in order to cap them at least and start to have them decrease over a sensible period of time. You could easily argue that it is urgent and that something needs to be done because of the high level presently and the accelerating accumulation presently. We do need to do something.,['0_0_0']
"""It needs to be emphasised that any masking is short-lived, and the increased CO2 from the same coal will remain in the atmosphere for many decades and dominate the long-term warming over the next decades.""",['0_0_0']
"By studying these he could trace temperature fluctuations over the past 1,000 years, he realised. The result was a graph that showed small oscillations in temperature over that period until, about 150 years ago, there was a sudden jump, a clear indication that human activities were likely to be involved.",['0_0_0']
"The basic physics and chemistry of how carbon dioxide and other human-produced greenhouse gases trap heat in the lower atmosphere have been understood for nearly two centuries. Overloading the atmosphere with carbon dioxide from burning fossil fuels is heating the planet, shrinking the Arctic ice cap, melting glaciers and raising sea levels. It is leading to more widespread drought, more frequent heat waves and more powerful hurricanes. Even without my work, or that of the entire sub-field of studying past climates, scientists are in broad agreement on the reality of these changes and their near-certain link to human activity.",['0_0_0']
"NOTE: The following post has led to many good comments. The best argument advanced that I am wrong is from a ~1,000 year record of CO2 from the Law Dome ice core (a record I was unaware of) which suggests the recent CO2 increase is almost entirely anthropogenic in origin.",['0_0_0']
What this implies is that even if CO2 emissions are responsible for all the warming of the past 30 years (a big if) we may reasonably expect about 1.7 degrees Celsius of warming over the next hundred years.,['3_4_0']
"The dispute starts when we are confronted with a doctrine which claims that the rough coexistence of climate changes, of growing temperatures and of man-made increments of CO2 in the atmosphere as proof of a causal relationship between these phenomena. To the best of my knowledge there is no such relationship between  them. It is, nevertheless, this claim that forms the basis for  the doctrine of environmentalism.","['2_3_0,', '6_1_1']"
The research team quantified the benefits of acting now to mitigate climate change and found that up to 60 per cent of the projected climatic range loss for biodiversity can be avoided.,['0_0_0']
"If present trends continue, sea level is likely to be significantly higher than levels projected by the IPCC",['0_0_0']
"Of particular significanceis the fact that solar irradiance has not shown an increasing trend over the past several decades, while global temperatures clearly have.",['0_0_0']
"Horizontal drilling and hydraulic fracturing, for example, was developed by private industry, funded by private investors and tested on private lands. It did not have to depend on taxpayer subsidies, approval by federal bureaucrats, or access to shale deposits on federal lands.",['7_2_0']
"So, I think there are realistic issues to address as if our economy does decline, that will impact on our ability to fund defense and defend ourselves. And if our economy does decline and that impacts on the global economy in general, well that is much more likely to create situations of humanitarian concern and spiraling violence. And so I think that has to be weighed against what benefits in the short term you would actually gain from this legislation.","['4_1_2,', '4_1_1']"
"The greatest climate change the world has seen in the last 100,000 years was the transition from the ice age to the warm interglacial period. New research from the Niels Bohr Institute at the University of Copenhagen indicates that, contrary to previous opinion, the rise in temperature and the rise in the atmospheric CO2 follow each other closely in terms of time. The results have been published in the scientific journal, Climate of the Past.",['0_0_0']
"The goal of the CES is ambitious a doubling of clean energy by 2035. But analysis has shown that the goal is also achievable and affordable, Bingaman said. Meeting the CES will yield substantial benefits to our health, our economy, our global competitiveness and our economy",['0_0_0']
"Modern selection pressures, especially those associated with human activity, may be too severe and may have arisen too rapidly for amphibians to evolve adaptations to overcome them, the researchers concluded.",['0_0_0']
"Climate change could drive the Iberian lynx the worlds most threatened cat to extinction within 50 years, despite substantial ongoing conservation efforts, a new international study has found",['0_0_0']
"Heat waves will become more frequent and severe as the world warms; some areas will become drier,otherswetter.Thosehypotheses are not controversial.",['0_0_0']
"Growing certainties on global warming and human role AFPSeptember 21, 2013 Over the past 23 years, UN scientists have issued progressively stronger assertions about climate change. They have moved from a sketchy warning that heat-trapping carbon gases emitted by fossil fuels will cause a ""greenhouse"" effect to the conviction that this effect is now having an impact on Earth's climate. Following are extracts from the Intergovernment Panel on Climate Change's assessment reports, the latest of which will be published from Friday. First Assessment Report (1990) ""... emissions resulting from human activities are substantially increasing atmospheric concentrations of greenhouse gases... ""These increases will enhance the greenhouse effect, resulting on average in an additional warming of the Earth's surface.""",['0_0_0']
"In addition, there is very clear evidence that investing in the transition to a low-carbon economy will not only allow the world to avoid the worst risks of climate change, but could also drive decades of economic growth. Just what the doctor ordered.",['0_0_0']
"According to the calculations of the logarithmic diminution of the effectiveness of CO2 as greenhouse gas, using IPCC figures.",['2_3_2']
"The World Bank established a Carbon Finance Unit and several Carbon Investment Funds to distribute climate change mitigation aid. There are major problems with this approach to  development. For starters, it is unlikely that Western bureaucrats can create a  green energy infrastructure in developing countries. The history of development  assistance is littered with abandoned projects backed by the best of  intentions. Already there is evidence that climate aid is more of the same.",['4_2_0']
"This polar monitoring spacecraft has a sophisticated radar system that allows scientists to accurately estimate the volume. The researchers used 88 million measurements of sea ice thickness from Cyrosat and found that between 2010 and 2012, the volume of sea ice went down by 14%.",['0_0_0']
"Australia could experience drought twice as often and the events will be twice as severe within 20 to 30 years, according to a new Bureau of Meteorology and CSIRO report.",['0_0_0']
"Ice shelf melt can be compensated by ice flow from the continent,' Rignot said. 'But in a number of places around Antarctica, they are melting too fast, and as a consequence, glaciers and the entire continent are changing.'",['0_0_0']
"The number of bears along the western shore of Hudson Bay, believed to be among the most threatened bear subpopulations, stands at 1,013 and could be even higher, according to the results of an aerial survey released Wednesday by the Government of Nunavut.",['3_2_2']
"A paper published today in Nature finds that during dry years, the lush tropical Amazon Basin acts as a net annual source of CO2 to the atmosphere, rather than as a large annual sink for CO2 as was previously widely assumed.",['0_0_0']
For the next two decades a warming of about 0.2C per decade is expected for a range of emission scenarios. IPCC AR4,['0_0_0']
"According to the worldwide temperature records maintained by NASA and the US National Oceanic and Atmospheric Administration (NOAA), this April was the hottest April globally, for at least 130 years. The past twelve months have been the hottest 12-month period since measurements began.",['0_0_0']
"As the ice-caps melt, hundreds of millions will also be forced to move inland due to rapidly-rising seas. As world food supplies crash, the higher mid-latitude and sub-polar regions would become fiercely-contested refuges.",['0_0_0']
"""For the period 1993 to 2009, the estimated global MSL trend from altimetry records is 3.2 0.4 mm / yr , almost double did Observed from 1900 to 2009 (Church and White, 2011). """,['0_0_0']
"NOAA and even the UN's alarmist IPCC have admitted that there have been no increases in the severity or frequency of droughts, floods, thunderstorms, or tornadoes in decades.","['1_7_0,', '6_1_3']"
"A book of academic essays just published by Cambridge University Press on the United States, concludes that the moderate amount of global warming now predicted will produce more benefits than costs.",['3_0_0']
Thus some of the global warming since 1850 could be a recovery from the Little Ice Age rather than a direct result of human activities. So it is important to recognise that natural variations of climate are appreciable and will modulate any future changes induced by man.,['2_1_4']
"Global Sea Surface Temperature anomalies showed an uptick, an increase of about +0.031 deg C, from June to July. Both Hemispheres showed warming. The only basin with a sizable decrease was the South Atlantic. And there was basically no change in the North Pacific and Indian basins. As the El Nio continues to develop, we should expect increases around the globe. The monthly Global Sea Surface Temperature anomalies are presently at +0.323 deg C, referenced to the WMO-preferred base years of 1981 to 2010.",['0_0_0']
"A new study from a team of Australian and German researchers showed that when sea surface temperatures increased by about 0.7 degrees Celsius during the last interglacial warm period, the Earths equatorial regions saw a sharp decline in coral diversity.",['0_0_0']
"The researchers point out their findings do not reverse the long-term decline seen in Arctic sea ice over the past decades so this research shouldnt be taken to mean the Arctic isnt facing a huge threat it is,' said Elena Polisano, an Arctic campaigner with Greenpeace.",['0_0_0']
"Unfortunately because our current emissions and our current rises in temperatures are at the high end of the predictions, its definitely coming to us sooner and faster.",['0_0_0']
The Sun is a crucial factor that warming campaigners ignore. The assertion that humans influence the climate and nature need not be considered is absurd.,['2_1_1']
"Yet another calculation shows that relative to todays standards, unusually hot summers like the one in 2003 will be normal by the year 2040, and by 2070 these hot summers will be considered as cool.",['0_0_0']
A record-high 41% now say that global warming is exaggerated. This represents the highest level of public skepticism about mainstream reporting on global warming seen in more than a decade of Gallup polling on the subject.,['6_1_2']
"It is impossible, of course, to connect a specific event to global warming. However, extreme rainfall has become much more frequent, especially in South Asia: The 2005 deluge in Mumbai. The 2007 and 2009 cyclones in Bangladesh. The 2010 Pakistan floods.",['0_0_0']
All this talk about climate change is overblown—no need to panic! #ClimateReality,['6_1_0']
"GREENHOUSE gases have risen to their highest level since modern humans evolved, and Australian temperatures are now about a degree warmer than they were a century ago, a major review by the CSIRO and the Bureau of Meteorology has found.",['0_0_0']
"Why would we blindly assume or agree to the torrent of lies that humans dominate the climate? The answer is that on Earth Day, Wednesday, April 22, we will be deluged with the propaganda of countless organizations worldwide that we are, in fact, endangering a ""fragile"" planet Earth.","['2_0_0,', '6_1_0,', '6_2_0']"
"University of Virginia climatologist Patrick Michaels points out that if the Greenland interior ice gains reported by the Johannessen study we cited in our ad are subtracted from the coastal ice loss reported by Rignot and Kanagaratnam, the net result is a thoroughly non-alarming increase in the rate of sea-level rise","['1_1_2,', '1_6_0']"
"Last week the UNs Intergovernmental Panel on Climate Change released its long-awaited Fifth Assessment Report, putting together the work of over 830 authors and editors, based on millions of measurements to again conclude that it is extremely likely that human influence has been the dominant cause of the observed warming since the mid-20th century. The panel found that it is between 95 and 100 percent likely that the burning of fossil fuels and other human activities are the main cause of the earths warming since the 1950s. The panel increased their certainty by five percent from the last report in 2007.",['0_0_0']
"All the while, the Obama administration is crippling Americas future economic growth with these regulations while our economic competitors forge ahead at making energy prices predictable, cheap and attractive for doing business.",['4_1_1']
"A study by NASA's James Hansen and two colleagues, published Monday in Proceedings of the National Academyof Sciences (PNAS),finds that during the past 30 years,extreme hot weather has become more frequent and affects a larger area of the world than was the caseduring the preceding 30 years. Specifically, the study, ' Perception of climate change ,' reportsthat:",['0_0_0']
"The 12 hottest years on record have all come in the last 15 years, and 2012 was the hottest one weve ever recorded. When carbon pollutes the air, the risk of asthma attacks increases. When the Earths atmosphere fundamentally changes, we see more heat waves, droughts, wildfires, and floods.",['0_0_0']
"As I pointed out earlier there are many uncertainties associated with adopting carbon caps, including the fact that the targets will continually tighten. If we go down that path, it's going to be very hard to get off of it.",['4_1_4']
". . . [Presently] were breaking high temperature records much more frequently than by chance . And, by some estimates, the ratio of that exceedance of breaking highs compared to what you would expect by chance would lead to us say to that theres about an 80 percent chance that the record high you experienced was due to climate change.",['0_0_0']
"In locations around the planet, mountain glaciers are shrinking in response to higher temperatures, contributing importantly to sea-level rise.",['0_0_0']
"Using an ensemble of 22 computer climate models and a comprehensive index of drought conditions, as well as analyses of previously published studies, the paper finds most of the Western Hemisphere, along with large parts of Eurasia, Africa, and Australia, may be at threat of extreme drought this century.",['0_0_0']
"What about the US? Well, according to NOAAs Climate Extremes Index, extremely cold winters have barely registered in the last decade, even last winter.",['0_0_0']
"Unless ACESA causes other nations to adopt GHG limits, it is focused on what is, in fact, the much smaller and shrinking part of the total problem. Effective GHG control depends far more on inducing controls abroad than it does on imposing them at home. When all greenhouse gases are considered and all sources, including land use changes, are counted, the U.S. is contributing only about 15 percent (and falling) of global GHG emissions. The other 85 percent is beyond the control of the U.S. government.","['4_2_3,', '4_2_4']"
"The results indicate an increasing trend in the frequency of warm days and a reduction in the frequency of cold nights. The trend towards the reduction of cold nights correlates with that obtained at global level, according to the Fourth Assessment Report of the Intergovernmental Panel on Climate Change (IPCC). However, the increase in warm days in mainland Spain is higher than the number obtained globally for the planet as a whole', the scientist explains.",['0_0_0']
"The second conclusion is that the dominant cause of the warming since about 1950 is the increase in the atmospheric concentrations of greenhouse gases released by human activities , of which carbon dioxide (CO2) is the most important.",['0_0_0']
The Arctic ice pack has lost about 40 per cent of its thickness over the past four decades.,['0_0_0']
"However, the strong rise in global temperatures faded after year 2000 and was replaced by a rather steady level or even small decreases in the global temperatures from around 2001 to present (2013). This development took away some of the incitement to cut down on human-induced growth in greenhouse gasses.",['1_4_0']
"While there are other sources of change in the climate system, cloud and water vapor changes are likely to dominate climate sensitivity. The greater the sensitivity, the more the Earth will warm from increasing atmospheric greenhouse gas concentrations being produced by humans through the burning of fossil fuels.",['0_0_0']
"RICHLAND, Wash. An increasing number of scientists are studying ways to temporarily reduce the amount of sunlight reaching the earth to potentially stave off some of the worst effects of climate change. Because these sunlight reduction methods would only temporarily reduce temperatures, do nothing for the health of the oceans and affect different regions unevenly, researchers do not see it as a permanent fix. Most theoretical studies have examined this strategy by itself, in the absence of looking at simultaneous attempts to reduce emissions.",['0_0_0']
"Presumably, the reason would be to mitigate global warming. But it turns out that the fuel burned in all the gasoline-powered engines used in the United States produces about two-tenths of 1 percent of worldwide carbon dioxide.",['4_2_3']
"Static jet streams induced near-record high temperatures in parts of the  United States and Russia, but extreme cold pummeled Seattle, England  and much of the Southern Hemisphere. Perhaps Al Gore, Michael Mann and Rajendra Pachauri can turn this hodgepodge into ""catastrophic climate  change","['1_3_0,', '6_1_5,', '6_1_3']"
"He finished his presentation by saying that recent temperatures are unprecedented in this century, and most likely in this millenium.",['0_0_0']
"Sun Zhizhong, a researcher with the Chinese Academy of Sciences, said temperatures on the Qinghai-Tibet plateau rose over two degrees Celsius on average over the past three years, leaving large chunks of frozen earth to defrost.",['0_0_0']
"And that really matters since 90 percent of Earths ice is in the Antarctic ice sheet, and even its partial collapse could raise sea levels tens of feet (over a period of centuries) and force coastal cities to be abandoned, Romm added.",['0_0_0']
Global Warming Not a National Security Threat,['3_5_0']
"Equatorial populations of marine species are predicted to be most impacted by global warming because they could be adapted to a narrow range of temperatures in their local environment. We investigated the thermal range at which aerobic metabolic performance is optimum in equatorial populations of coral reef fish in northern Papua New Guinea. Four species of damselfishes and two species of cardinal fishes were held for 14days at 29, 31, 33, and 34C, which incorporated their existing thermal range (2931C) as well as projected increases in ocean surface temperatures of up to 3C by the end of this century. Resting and maximum oxygen consumption rates were measured for each species at each temperature and used to calculate the thermal reaction norm of aerobic scope. Our results indicate that one of the six species, Chromis atripectoralis , is already living above its thermal optimum of 29C. The other five species appeared to be living close to their thermal optima (ca. 31C). Aerobic scope was significantly reduced in all species, and approached zero for two species at 3C above current-day temperatures. One species was unable to survive even short-term exposure to 34C. Our results indicate that low-latitude reef fish populations are living close to their thermal optima and may be more sensitive to ocean warming than higher-latitude populations. Even relatively small temperature increases (23C) could result in population declines and potentially redistribution of equatorial species to higher latitudes if adaptation cannot keep pace.",['0_0_0']
"BOULDERClimate model projections showing a greater rise in global temperature are likely to prove more accurate than those showing a lesser rise, according to a new analysis by scientists at the National Center for Atmospheric Research (NCAR). The findings, published in this weeks issue of Science , could provide a breakthrough in the longstanding quest to narrow the range of global warming expected in coming decades and beyond.",['0_0_0']
"The ability of climate models to simulate large-scale temperature changes during the twentieth century when they include both anthropogenic and natural forcings and their inability to account for warming over the last 50 yr when they exclude increasing greenhouse gas concentrations has been used as evidence for an anthropogenic influence on global warming. One criticism of the models used in many of these studies is that they exclude some forcings of potential importance, notably from fossil fuel black carbon, biomass smoke, and land use changes. Herein transient simulations with a new model, the Hadley Centre Global Environmental Model version 1 (HadGEM1), are described, which include these forcings in addition to other anthropogenic and natural forcings, and a fully interactive treatment of atmospheric sulfur and its effects on clouds. These new simulations support previous work by showing that there was a significant anthropogenic influence on near-surface temperature change over the last century. They demonstrate that black carbon and land use changes are relatively unimportant for explaining global mean near-surface temperature changes.",['0_0_0']
"Prof. Eviatar Nevo of the Universitys evolution institute, who has studied the phenomenon, notes that wheats and barleys are the staple food for humans and animals around the world. Their wild progenitors have undergone genetic changes over the past three decades that imply a risk for crop improvement and food production, he said. Premature flowering time and genetic changes that are taking place in these important progenitor wild cereals, most likely due to global warming, can negatively affect them and thus indirectly cause food production to decline.",['0_0_0']
"This spring, it was looking like the ice might retreat so far that the North Pole itself would be ice-free for at least a day in September the height of the ice-melt season.",['0_0_0']
It is very likely that human activities have caused most of the global warming observed since 1950,['0_0_0']
"In addition, a species of diatom, a lake algae that was relatively rare at the site before the 20th century, has undergone unprecedented increases in recent decades, possibly in response to declining ice cover on the Baffin Island lake.",['0_0_0']
"New Delhi, June 4 (IANS) Northwestern Himalayas has become 1.4 degrees Celsius warmer in the last 100 years, a far higher level of warming than the 0.5-1.1 degrees for the rest of the globe, Indian scientists have found.",['0_0_0']
"The study said layers of subsurface ocean surrounding the polar ice sheets will warm substantially. Scientists said the ocean layer about 200 to 500 meters below the surface would warm around 1 centi-degree on average, by 2100. Layer along the Greenland coast would warm about 2 centi-degrees, while layer along Antarctica would warm only 0.5 centi-degrees.",['0_0_0']
"Because there are more greenhouse gases in the atmosphere, more of the Suns heat is trapped and the earths surface is warming up.",['0_0_0']
"I'm dreaming of a white...climate change protest. As you might have seen on the Drudge Report, a demonstration in support of cap-and-trade legislation in Annapolis ended up covered in chilly snow yesterday. Where's your global warming, now?",['1_3_0']
"Three million cubic kilometers of ice wont wash into the ocean overnight, but researchers have been tracking increasing melt rates since at least 1979. Last summer, however, the melt was so large that similar events show up in ice core records only once every 150 years or so over the last four millennia.",['0_0_0']
The Houston Chronicle editorial page is one of the most biased in the nation when it comes to climate alarmism and associated public-policy activism. And it maintained that unenviable reputation with last Sunday's Op Ed.,['6_1_2']
"Measurements of heat content in the deeper ocean are much sparser and hence less certain. Using a combination of satellite and ocean measurements down to 1800m, Loeb et al (2012) estimate the Earth system has been accumulating energy at a rate of 0.50.4 Wm-2 from 2001 to 2010, similar to the 0.4Wm-2 from 2005 to 2010 down to around 1500m estimated from Argo floats alone (von Schuckman and Le Traon 2011). Reanalyses of ocean data give an average rate of warming from 2000 to 2010 of about 0.9Wm-2 averaged over the globe, with 30% of the increase occurring below 700m (Balmaseda et al. 2013). We conclude that the Earth system has continued to absorb a substantial amount of heat during the last 15 years, despite the pause in surface warming.",['0_0_0']
"KEVIN TOLHURST: More frequent, severe conditions. So the occurrence of drought is likely to be more frequent, and then within those drought conditions we can expect more extreme conditions to occur as well.",['0_0_0']
"Unfortunately what we found was that the multiyear [ice]has all but disappeared. Whats left is this remnant, rotten ice.",['0_0_0']
"Polar bear populations rebounded dramatically after over-hunting was restricted in the 1970s, but the threat posed to polar bears now is completely different a loss of the sea ice habitat that is essential to their survival.",['0_0_0']
Sea surface temperature anomalies for the East Pacific havent warmed in 30 years.,['1_5_0']
"So the goalposts are likely to shift, thereby increasing investor uncertainty and making it difficult for utilities to plan capital structures. If we go down this path of carbon caps, there will be increasing pressure from the European Union to try to keep up with them in terms of the targets that they are suggesting should be adopted.",['4_1_4']
"Exotic warm water marine species such as anchovy, bluefin tuna, stingray, and thresher shark are spreading northwards into British coastal waters, where average sea temperatures are now moving closer to the warmer conditions of southern Europe.",['0_0_0']
"in any case during the Arctic summer more and more of the sea ice is melting further and there are increasingly greater ice-free zones. That is something that also the scientists here at Ny Alesund have said, andthat when the melting of the sea ice continues the scenario of an ice-free pole by 2040/2050 is very likely .",['0_0_0']
"The authors found that the changing westerly winds are responsible for an increase in water temperature of 2.5 C on the western side of the Antarctic Peninsula, at critical depths of 200700 meters. They calculated that the total heat increase in that region was enough to cause a sea level rise of 5.5 mm over the past 50 years (assuming that the grounded ice remains stationary). Based on the strong relationship between temperature increases and these winds, the authors think that current projections for sea level rise may be significantly underestimated.",['0_0_0']
The basic science between greenhouse-induced global warming is solid and been known for over a century. If you put more greenhouse gases into the atmosphere you are going to warm the planet. Just like pulling more blankets over you at night will make your warmer. Both basic physics and our most sophisticated models are in agreement.,['0_0_0']
"This starts with climate change. There is NO debate here. Every reputable scientist and organization in the world agrees that our planet is steadily and consistently warming. Its warming faster and more dramatically than ever before not in the history of human kind, but in the history of the planet itself.",['0_0_0']
"Australians emit 1.5% of the CO2 emitted by humans. So Australians, over the years, emitted at most about 1.5% of the 110 ppm increase in CO2 since pre-industrial times (that increase is is probably due to ocean warming, due to whatever has been heating the world since 1680), or 0.0000017% of the air (1.7 ppm).","['2_1_0,', '4_2_3']"
"SUMMARY: BP PLC agreed to pay $18.7 billion to settle all federal and state claims arising from the 2010 Deepwater Horizon oil spill, including the biggest pollution penalty in U.S. history.",['0_0_0']
H1: Most [>50%] of the observed increase in global average temperatures since the mid-20th century is due to the observed increase in anthropogenic greenhouse gas concentrations.,['0_0_0']
There is strong psychological evidence that alarmist fears of climate change are far more the result of groupthink and the group polarization process than scientific evidence.,['6_1_0']
"Michaels analyzed recent scientific articles that have been claimed as evidence that rising temperatures are reducing habitats for butterflies, penguins, polar bears, and toads. In each case, he showed that either temperatures were not rising in the specific habitats or habitat for the specific species had actually expanded.",['3_2_0']
"PASADENA, Calif. ' The Greenland and Antarctic ice sheets are losing mass at an accelerating pace, according to a new NASA-funded satellite study. The findings of the study ' the longest to date of changes in polar ice sheet mass ' suggest these ice sheets are overtaking ice loss from Earth's mountain glaciers and ice caps to become the dominant contributor to global sea level rise, much sooner than model forecasts have predicted.",['0_0_0']
"The scariest parts of the planetary emergency narrative -- ocean circulation shutdown triggering a new ice age, ice sheet disintegration raising sea levels 20 feet, malaria epidemics in industrialized countries, runaway warming from melting frozen methane deposits -- are implausible and not supported by scientific research.","['3_0_0,', '6_1_0']"
"About 40 percent of the worlds amphibian species are shrinking in number. In many locations, researchers cannot tie plummeting amphibian counts to obvious habitat destruction. Among the proposed causes for such enigmatic decline is the epidemic-like infection by the fungus Batrachochytrium dendrobatidis, or Bd. Bd invades the skinthrough which amphibians absorb water and electrolytesand can cause lethal chemical imbalance.",['0_0_0']
"Comparing the energy source to Carbon emissions, the burning of coal to generate electricity alone emits more CO2 than any other single source, about one-third of the total.",['0_0_0']
"That means once the planet gets warmer and warmer then the oceans begin to evaporate, and water vapour is a very strong greenhouse gas, even more powerful than carbon dioxide, so you can get to a situation where it just the oceans will begin to boil and the planet becomes so hot that the ocean ends up in the atmosphere and that happened to Venus. Thats why Venus no longer has carbon in its surface. Its atmosphere is made up of basically of carbon dioxide because it had a runaway greenhouse effect.",['0_0_0']
"Even as nations have pledged to keep temperature from rising above the 2 degree threshold, the report also notes that current actions means the world is headed toward a climatic disaster, a prediction supported by many climate scientists and the International Energy Agency (IEA).",['0_0_0']
"The number of wind turbines has grown significantly since then, with overall output increasing from about 25,000 megawatts of electricity in 2008 to nearly 47,000 megawatts last year, according to the wind energy association.",['0_0_0']
Second warmest ever winter at 6.53C which marked the start of the warmest year overall for 100 years at 10.47c,['0_0_0']
"Americans don’t really care whether public officials attempt to address global warming, according to a new poll conducted by Princeton Survey Research Associates for the Pittsburgh Post-Gazette.",['0_0_0']
Arctic melting is a good thing. The alternative would be a real problem.,['3_0_0']
"The Arctic ice cap will disappear completely in summer months within 20 to 30 years , a polar research team said as they presented findings from an expedition led by adventurer Pen Hadow.",['0_0_0']
"The authors write that ""ocean acidification is an ecological stressor that influences not only the organism itself but may also lead to profound ecological shifts in the surrounding ecosystem."" And they therefore say it is crucial ""to examine these changes in the field (in situ experiments),"" which allows for ""the incorporation of other environmental factors that exist in the field but cannot be replicated in the laboratory."" What was done",['0_0_0']
"The focus on greenhouse gas mitigation, both domestically and internationally, has been misplaced, and the money and attention of world leaders toward greenhouse gas mitigation efforts would be best directed elsewhere.",['4_2_14']
"Larval and juvenile shellfish are highly sensitive to acidic (low pH) seawater because their shells are formed from calcium carbonate, and dissolves when pH is low.",['0_0_0']
"Climate sensitivity is somewhere between 1.5 C and 4.5 C for a doubling of carbon dioxide, due to feedbacks (primarily water vapor) in the climate system. This is supported by multiple lines of evidence, including GCMs, paleoclimate evidence (including climate response to forcing during glacial periods as well as millennial proxies), the instrumental record, and the climate response to volcanic forcings among others",['0_0_0']
"NASA climate scientist Jay Zwally said: At this rate, the Arctic Ocean could be nearly ice-free at the end of summer by 2012, much faster than previous predictions.",['0_0_0']
"Solving climate change requires global cooperation and unprecedented economic restructuring, which just isn’t realistic given the diverse interests of different countries and industries. ",['4_3_1']
"Climate change deniers cloak themselves in scientific language, selectively critiquing aspects of mainstream climate science.' '?_ no research results have produced any evidence that challenges the overall scientific understanding of what is happening to our planet's climate and why' '_ 'The assertions of climate deniers therefore should not be given scientific weight equal to the comprehensive, peer-reviewed research presented by the vast majority of climate scientists.'",['0_0_0']
"Current climate sensitivity estimates generally yield a coherent picture of ~2-4.5 C per doubling of CO2, with very little chance of sensitivity at the low end of this. Current methods of estimating climate sensitivity do not completely rule out high-end values of climate sensitivity for various reasons (Knutti and Hegerl., 2008); perturbed physics ensembles tend to exhibit distributions of sensitivity with a skewed tail toward higher values (e.g., Stainforth et al., 2005), much in the same way as thinking about climate sensitivity being proportional to 1/1-f would yield a skewed distribution (assuming a symmetric and broad uncertainty distribution in the total feedback strength, e.g., Roe and Baker, 2007). Moreover, if one is interested in the forecast out to hundreds of years or longer, climate sensitivity is likely even higher than these estimates when including slow feedback processes, like the decay of ice sheets (Lunt et al., 2010; Pagani et al., 2010; Royer et al., 2011).",['0_0_0']
"In introducing their study, the authors write that ""whether and how ocean acidification will affect marine organisms, ecosystems and the goods and services they provide is currently a topic of great concern,"" and in their specific case that concern is directed towards juvenile clams of coastal marine ecosystems, since they say these shellfish ""link primary productivity with upper trophic levels"" and ""are also important economic resources for fisheries and aquaculture."" What was done",['0_0_0']
"As the temperature soars to unheard of heights, the number of disasters tracked by FEMA also increased. A regression model shows that this relationship, as pictured in Figure 2, is highly, oh so highly, statistically significant, with a p-value of 5 x 10 -11 . For every degree centigrade increase in the global temperature, the number of disasters goes up by 52 on average, which is a lot.",['0_0_0']
"Corals, trees, birds, mammals, and butterflies are adapting well to the routine reality of changing climate.",['3_2_1']
"Climate on earth has become warmer by 0.7 degrees on the average over a period of ten years, while climate in Russia has warmed by 0.43 degrees in the same period, the expert said.",['0_0_0']
CO2 is not a pollutant. Al Gore and the US Environmental Protection Agency (EPA) among others created the myth in order to vilify a gas essential to life on the planet.,"['3_3_0,', '6_1_3']"
"The suit accused ExxonMobil of lying to investors about its business prospects in light of the possible costs of government regulations to fight climate change. It’s time for federal and state courts to say enough is enough and block all such lawsuits. It’s the job of elected branches, not the judiciary, to determine United States climate and energy policy.",['4_1_5']
"But the phrase ocean acidification has led many to believe — as that CNN story headline implies — that the oceans are acidic. They are not, nor are they likely to become acidic.",['3_2_3']
"Many thanks to all contributors to the August Sea Ice Outlook. We received 21 responses for the Pan-Arctic report (Figure 1), with estimates in the range of just below 4.0 million square kilometers to as high as 5.4 million square kilometers for the September arctic mean sea ice extent. As in the July Outlook, the median value was 4.6 million square kilometers with quartile values of 4.3 and 4.6 million square kilometers, a rather narrow range. All contributions are well below the 1979-2007 climatological mean of 6.7 million square kilometers, and also below all values seen prior to 2007. Thus, the low values observed the last four summers are expected to continue again this September. On a regional level, the long-term downward trend is expected to continue in all regions except the Greenland Sea.",['0_0_0']
"Much has been made of the intermittent nature of wind, which cannot produce electricity reliably on demand. However, the cost penalty and grid system challenges of intermittency are often exaggerated. There are ways of compensating for this variability, such as additional capacity from fossil fuel power plants to meet balancing requirements at peak demand, bulk storage of electricity, greater interconnection, and a more diversified mix of renewable sources, as well as measures to manage demand, like smart grids and improved load management.",['0_0_0']
"Why is Water Vapour, the Most Important Greenhouse Gas, Ignored?",['2_3_4']
"Rather than accepting the premise of a poorly framed question, reframe it. When people ask if global warming can be blamed for a particular hurricane, heat wave, fire, or flood, a simple no does not respond to the essence of the question. What they really want to know is whether global warming is having an effect on such events, and the science suggests that it is. You can reframe such questions to explain that global warming is increasing the chances of such events occurring, and you can also explain some of the connections.",['0_0_0']
"In a thought-provoking paper recently published in Global Change Biology , Perry and Smithers (2011) write that ""in recent decades, coral cover has markedly declined on coral reefs throughout the Indo-Pacific and Caribbean, with 60%-70% of coral communities now believed to be directly threatened by anthropogenic activities,"" and in this regard they further indicate that ""a wide range of anthropogenic stressors are commonly implicated,"" including ""increased stress from changing marine environmental conditions (especially sea surface temperatures and ocean chemistry changes),"" which many believe will lead to ""unparalleled reductions in reef accretion potential and accelerated rates of reef framework disintegration,"" specifically citing in this regard the papers of Hoegh-Guldberg et al . (2007) and Veron et al . (2009).",['0_0_0']
"Globally, it insisted, 2010 was still on course to be the warmest or second warmest year since current records began.",['0_0_0']
"Global mean sea level has risen by 0.19 [0.17 to 0.21] m over the period 19012010 estimated from a linear trend , based on tide gauge records and additionally on satellite data since 1993. Based on proxy and instrumental data, it is virtually certain that the rate of global mean sea level rise has accelerated during the last two centuries. The current centennial rate of global mean sea level rise is unusually high in the context of centennial-scale variations over the last two millennia (medium confidence).",['0_0_0']
"Alex, you’re not only a great advocate for the energy industry but for true humanism: the philosophy that recognizes the right of every man to flourish by his own standard of value. Through you I’ve learned loads about the fossil fuel industry and gained a broad contextual knowledge of the role of fossil fuels in human flourishing, especially in the context of climate change",['7_2_0']
"The results suggest that increased acidity is affecting the size and weight of shells and skeletons, and the trend is widespread across marine species. These animals are an important food source for marine predators such as tropical seabirds and seals as well as being a valuable ingredient in human food production. Consequently, these changes are likely to affect humans and the oceans large animals.",['0_0_0']
"Since the Industrial Revolution, over half of all the CO2 produced by burning fossil fuels has been absorbed by the ocean, making pH drop faster than any time in the last 650,000 years and resulting in ocean acidification. Recent studies have shown that this causes fish to lose their sense of smell, but a new study published today in Biology Letters shows that fish hearing is also compromised.",['0_0_0']
Greenlands surface gained mass yesterday for the first time this summer. The net surface gain over the past year has been 300 billion tons,['1_1_2']
Honest climate scientists need to realise that their profession isn't going to completely emerge from the quagmire until bad science and bad scientists are called out.,"['6_1_5,', '5_1_0']"
"These changes are indicative that sunshine durations, rather than increased greenhouse gases, were the ""control knob"" which  decreased  maximum temperatures and decreased daily temperature ranges throughout China, and opposite of the predictions of AGW theory and climate models.",['2_1_1']
"This is a pretty big deal, said Crouch, who is among the climate experts who attribute the conditions to global warming. He said climate change had resulted in warmer temperatures for Alaska over the last century .",['0_0_0']
"All of this raises the question just how much of the step up in UK temperatures since the 1980s been caused by more sunshine, rather than CO2",['2_1_1']
"Furthermore, we're nowhere near the peak reached by the interglacial of 125,000 years ago, when temperatures were 1-3C higher than today and sea levels up to 20 feet higher, according to the Intergovernmental Panel  on Climate Change itself. In other words, the Globe might as well have  had a headline reading Signs of changing weather unmistakable.",['2_1_4']
"The author suggests that to better interpret changes in Arctic sea ice, instead of considering sea ice areal extent, scientists should track the line marking the latitude of the Arctic sea ice edge, averaged zonally over locations where the edge is free to move. He finds that this line moves northward or southward at a steady pace over the course of the year, with no seasonal asymmetry. In recent years, this line has been migrating northward at a rate of about 8 kilometers (5 miles) per year, consistent with overall ice loss. The study explains some aspects of the seasonal Arctic sea ice cycle and could help scientists better interpret sea ice evolution in the future.",['0_0_0']
"The authors write that ""climate change is consistently associated with changes in a number of components of the hydrological cycle,"" including ""precipitation patterns and intensity, and extreme weather events."" Therefore, and in order to ""provide advice for water resource management under climate change,"" they conducted a study of the subject in the Guangdong Province of Southern China, which occupies a land area of approximately 178,000 km 2 and has a population of just over 96 million people (as of 2009).",['0_0_0']
"Carbon dioxide accounted for 80% of the 34% increase in radiative forcing by long-lived greenhouse gases from 1990 to 2013, according to the U.S. National Oceanic and Atmospheric Administration (NOAA) Annual Greenhouse Gas Index.",['0_0_0']
"No, it hasnt been cooling since 1998. Even if we ignore long term trends and just look at the record-breakers, that wasnt the hottest year ever. Different reports show that, overall, 2005 was hotter than 1998. Whats more, globally, the hottest 12-month period ever recorded was from June 2009 to May 2010.",['0_0_0']
"So, is the IPCC consensus looking at 3, 4, 5 or even 6 Celsius degrees of warming by 2100 as a result of the CO2 we add to the atmosphere this century?",['0_0_0']
"Even at the very high end of the UN's estimates of CO2's warming potential, replacing 4.7 with 5.7 as our coefficient in the ""global warming"" equation, we still won't expect warming of much more than a quarter of a Celsius degree, or a fraction over half a Fahrenheit degree.",['3_4_0']
"The duplicity and hypocrisy of environmental pressure groups seem to be matched only by their consummate skill at manipulating public opinion, amassing political power, securing taxpayer-funded government grants, and persuading people to send them money and invest in ethical stock funds.",['6_1_4']
"Let me say it am alternative way. You can see from the bell curve that the probability of a certain temperature changes rapidly when you are on the sides of the bell curve. So if the bell curve shifts warmer, you get a big change in the probabilities of high temperatures. So you get a lot more records even if the warming...and the impacts of the warming...are not that large.",['0_0_0']
"Around a decade ago, a team of climate scientists led by Prof William Ruddiman of the University of Virginia suggested that humans may have been holding off the next Ice Age through our wilful production of greenhouse gases.",['0_0_0']
"All right. You know, there will be some increase in sea level. There will be some without greenhouse, without manmade greenhouse gas emissions rising. There will be some when we cut it back by, you know, 70 percent or 80 percent. All right. And I would like to have an economy that is strong enough that when we have the climate variability that we are going to have with or without climate action, that we have an economy that is strong enough to get through it, as we have done for the past couple of hundred years. We are getting stronger and stronger. We are going to be able to handle a foot and a half of sea level rise. And we are not going to stop it with this bill, and that is the problem.","['4_2_11,', '4_2_10_1']"
"The bottom line is that we still need coal, and all those who dream of doing away with it will not be able to escape the reality that coal will continue to provide much of our electricity for the foreseeable future",['7_3_0']
"The research effort is the first comprehensive satellite study of the contribution of the world's melting glaciers and ice caps to global sea level rise and indicates they are adding roughly 0.4 millimeters annually, said CU-Boulder physics Professor John Wahr, who helped lead the study. The measurements are important because the melting of the world's glaciers and ice caps, along with Greenland and Antarctica, pose the greatest threat to sea level increases in the future, Wahr said.",['0_0_0']
"Its been at least 800,000 years probably more since Earth saw carbon dioxide levels in the 400s, Butler and other climate scientists said.",['0_0_0']
"Using an automated program written in Matlab, the team used the 3-D images to quantify the proportion of the coral skeletons that had been eroded by organisms, and the severity of bioerosion of each coral. As the pH of the reef seawater drops, more frequent and severe bioerosion scars were revealed in the coral scans.",['0_0_0']
"The U.S. Environmental Protection Agency estimates that, between 1979 and 2003, heat exposure has caused more than the number of mortalities resulting from hurricanes, lightning, tornadoes, floods, and earthquakes combined.",['0_0_0']
"DISPLAYING FIRST PARAGRAPH Col. Bernt Balchen, polar explorer and flier, is circulating a paper among polar specialists proposing that the Arctic pack ice is thinning and that the ocean at the North Pole may become an open sea within a decade or two.",['0_0_0']
"Ocean acidification, a consequence of the oceans being overloaded with carbon dioxide from human fossil fuel use, has been shown by a group of researchers to hamper the development of larval oysters at a hatchery on the Oregon coast. After years of suspicion, this was the smoking gun demonstrating that acidification has real damaging effects on commercial fisheries and that they are happening not 100 years from now but as we speak.",['0_0_0']
"Predictions suggest a prolonged period of low sun activity over the next few decades, but any associated natural temperature changes will be much smaller than those created by human carbon dioxide emissions, say researchers.",['0_0_0']
"It turns out that the belief in a sensitive climate is not because of the observational evidence, but in spite of it.  There is considerable evidence for low climate sensitivity.",['3_1_0']
2. The IRags will back radiate IR radiation to earth to cause increased heating of the surface.,['0_0_0']
"In the mountainous Karakoram region of Asia the glaciers aren't melting. If anything, some are expanding.",['1_1_4']
"""Sea level along the English Channel has already risen by about 12cm during the 20th century; this is over and above the increases associated with sinking of the southern part of the UK due to isostatic adjustment from the last Ice Age. With the warming we are already committed to over the next few decades, a further overall 11-16cm of sea level rise is likely by 2030, relative to 1990, of which at least two-thirds will be due to the effects of climate change. We are very confident that sea level will continue to rise over coming decades as the planet continues to warm, and these numbers represent our current best estimate for the UK.""",['0_0_0']
"Takahashi finds that waters as far north as Iceland and as far south as Antarctica are acidifying at the rate of 5 percent per decade. His estimate corresponds to the amount of CO 2 humans are adding to the atmosphere, and is consistent with several recent estimates, including a 2014 study in the journal Oceanography led by Nicholas Bates, research director at the Bermuda Institute of Ocean Sciences.This is exactly what wed expect based on how much CO 2 weve been putting in the air, said Rik Wanninkhof, a Miami-based oceanographer with the National Oceanic and Atmospheric Administration (NOAA) who was not involved in the study. This is an important point for scientists to underscorethese calculations are not magic.If the current pace of ocean acidification continues, warm-water corals by 2050 could be living in waters 25 percent more acidic than they are today, said Takahashi.",['0_0_0']
Our newfound ability to extract hydrocarbons from shale has also been a net win in the effort to cut carbon dioxide emissions.,['7_2_4']
"More widespread species like ducks, shorebirds, ground nesting birds, blue tongue lizards, mountain dragons, skinks and frogs are all highly at risk.",['0_0_0']
"Further increases in carbon dioxide are likely to have a profound effect on climate, scientists say, leading to higher seas and greater coastal flooding, more intense weather disasters like droughts and heat waves, and an extreme acidification of the ocean. Many experts believe the effects are already being seen, but they are projected to worsen.",['0_0_0']
"The glaciers of Norway andAlaska are only half the size theywere 50 years ago . The temperature around Spitsbergen has somodified that the sailing time haslengthened from three to eightmonths of the year, he said.",['0_0_0']
"The report released Tuesday cites wide and severe impacts: more sea-level rise, flooding, storm surges, precipitation and heat waves in the Northeast; frequent water shortages and hurricanes in the Southeast and the Caribbean; and more drought and wildfires in the Southwest.",['0_0_0']
"Global average sea level rose at an average rate of 1.8 [1.3 to 2.3] mm per year over 1961 to 2003. The rate was faster over 1993 to 2003, about 3.1 [2.4 to 3.8] mm per year. Whether the faster rate for 1993 to 2003 reflects decadal variability or an increase in the longer-term trend is unclear.",['0_0_0']
"Long stretches of hot weather, with little respite at night, have combined to make 2013 Australias warmest since records began over a century ago.",['0_0_0']
"CLAIM: All that mass of ice in Greenland would some time in the future melt, meaning sea levels would rise by more than 20ft and engulf major cities.",['0_0_0']
"There's a lot of blowback against James Hansen's recent (non tested) PNAS paper, trying to link weather and climate, covered here on WUWT. Even NOAA scientist Dr. Martin Hoerling is panning it.",['5_0_0']
"Climate warming causes many changes in the global carbon cycle, with the net effect generally considered to be an increase in atmospheric CO2with increasing temperature in other words, a positive feedback between temperature and CO2 .",['0_0_0']
"While multiyear ice used to cover up to 60% of the Arctic Ocean, it now covers only 30%. There is a slight rebound in the oldest ice (4+ years old), a remnant of the large amount of first-year ice that formed during the winter after the 2007 record minimum. However, most of that new ice has not survived through the subsequent years. The oldest ice now comprises only 5% of the ice in the Arctic Ocean. This is a slight uptick from last winters record low of 3%, but still far less than during the 1980s when old ice covered roughly 25% of the region.",['0_0_0']
Today were seeing that climate change is about more than a few unseasonably mild winters or hot summers. Its about the chain of natural catastrophes and devastating weather patterns that global warming is beginning to set off around the world.. the frequency and intensity of which are breaking records thousands of years old.,['0_0_0']
"Without considering melting glaciers and polar ice sheets, expansion of warming ocean could cause irreversible global average sea level rise of least 1.3 to 3.2 feet by the year 3000 if carbon dioxide peaks at 600 parts per million, and double that amount if it peaks at 1,000 parts per million.",['0_0_0']
"As a result of the changes in the lower troposphere, from calm with no clouds to increasing numbers of circulation cells with cumulus clouds, in the central and western Pacific the temperature actually starts dropping. This is happening despite the continuing increase in the amount of incoming solar energy (negative climate sensitivity).",['3_1_0']
"I would just like to say that climate change is obviously, as we all recognize, a global problem and there will be many ways to approach emission reductions and alterative technologies. But we have to keep in mind climate change is not the world's worst problem. There are many others, as obviously the Copenhagen Consensus came up with. Governments have need for strong economic growth to fund a variety of programs, not the least of which is fighting terrorism, I think.","['4_2_14,', '4_1_1']"
So let me close with this observation from my scientific research and life experience. Helping people develop economically is the fastest route I see to giving them the tools they need to adapt to whatever the climate does including that portion of change that may be due to human influences.,['4_2_14']
"Well, the residuals average zero over the 1910-2003 period, but they are anything but random (see below). Sometime in the mid-1970s, the linkage between solar output and Earths temperature weakened and a warming appears in the temperature record unexplained by variations or trends in solar output. This pattern has been noted my many scientists, and to say the least, it is popular to suggest that the radiative effect of the build-up of greenhouse gases finally overwhelmed the climate system and forced the temperature of the Earth to climb. According to some, we finally entered the climatic anthropocene in the 1970s the greenhouse signal is viewed as loud and clear in the global climatic record.",['0_0_0']
December 2010 compared to past years December 2010 had the lowest ice extent for the month since the beginning of satellite records. The linear rate of decline for the month is 3.5% per decade.,['0_0_0']
"The twentieth-century warming has been accompanied by a decrease in those areas of the world affected by exceptionally cool temperatures and to a lesser extent by increases in areas affected by exceptionally warm temperatures. In recent decades there have been much greater increases in night minimum temperatures than in day maximum temperatures, so that over 19501993 the diurnal temperature range has decreased by 0.088C per decade.",['0_0_0']
"According to NASAs top climate scientist, the oceans are gaining heat (due to man made global warming) at a rate of 400,000 A-Bombs per day. He also tells us that the warmer water causes more frequent and powerful hurricanes.",['0_0_0']
"Studies have shown that before this drastic cooling event, Earths atmosphere contained 1000 parts per million (ppm) of CO2 or more, and by the end of the transition, it was likely lower than 600-700 ppm. Some predictions, notes Hren, suggest that Earths current CO2 concentrations, currently at close to 400 ppm and climbing, could increase to nearly 1000 ppm in the next 100 years.",['2_3_6_1']
Global warming campaigners see this presidency and the Paris U.N. Summit as the best chance they are likely to see to take control of American energy. The ramifications are disastrous for American freedom and prosperity.,"['4_1_5,', '6_1_0']"
"At the same time Lord Stern, whose economic study of climate change has influenced Government policy, warned that the IPCC is likely to underestimate the dangers of climate change.",['0_0_0']
"An analysis of more than 50years' worth of climate data has found scant evidence for a controversial theory that attempts to link cosmic rays and global warming. The theory suggests that solar variations can affect the number of cosmic rays reaching the Earth, which in turn influences climate by impacting on cloud formation. The latest study was done by Rasmus Benestad of the Norwegian Meteorological Institute and he concludes that changes to the Sun cannot explain global warming.",['0_0_0']
"We will certainly tend to import refined product from countries who do not have caps on emissions, so we will see leakage, not only of the jobs, but of the carbon emissions, and have less energy security.","['4_1_1_1,', '4_1_2']"
"Fewer cold outbreaks; fewer, shorter, intense cold spells / cold extremes in winter as being consistent across all model projections for Europe",['0_0_0']
"Almost everything about the Kyoto Protocol is controversial, including its scientific underpinnings.",['5_0_0']
Findings published in Nature today reveal the rapid melting of sea ice has dramatically increased the levels of warming in the region in the last two decades.,['0_0_0']
"Cmdr. Simpson said: Glaciers have recently been melting steadily at an increasing rate . We will make tests gauging the exact speed of thawing. Scientists have calculated that if the entire icecap eventually melted, the sea level throughout the world would rise 17ft, flooding every port, and thousands of square miles of land.",['0_0_0']
I noted that there are now sufficient reserves of shale gas to power the US economy for the next five hundred years (at current consumption levels) and that after that we've got at least another five hundred years worth of viable energy from the clathrates (concentrated methane deposits) on the ocean floor.,"['7_1_0,', '7_3_0']"
"They found that the ice pack and ocean waters are absorbing more and more sunlight due both to an earlier opening of the waters and a darkening of the sea ice. The sea ice cover is becoming less reflective because it now mostly consists of thinner, younger ice, which is less reflective than the older ice that previously dominated the ice pack. Also, the young ice is flatter, allowing the dark melt ponds that form at the early stages of the melt season are able to spread more widely, further lowering its albedo.",['0_0_0']
"Our results thus show that, indeed, recent decades in West Antarctica, which have been characterized by very rapid warming, and very rapid loss of ice from the West Antarctic Ice Sheet, are highly unusual.",['0_0_0']
"Historical climate change, as represented by the Roman and Medieval unprecedented warming documented in central Asia, was a global phenomenon that modern climate change has yet to rival.",['2_1_4']
Religion has ritual. Global-warming alarmism has recycling and Earth Day celebrations. Some religions persecute heretics. Some global-warming alarmists identify ‘denialists’ and liken them to Holocaust deniers.,['6_1_1']
Noaa report says Arctic sea ice is disappearing at unprecedented pace | World news | theguardian.com,['0_0_0']
Global mean surface temperatures have risen by 0.74C 0.18C when estimated by a linear trend over the last 100 years (1906-2005). The rate of warming over the last 50 years is almost double that over the last 100 years (0.13C 0.03C vs. 0.07C 0.02C per decade).,['0_0_0']
"Of course adding CO2 to our atmosphere causes some of the outgoing energy to be absorbed rather than transmitted uninterrupted to space (as shown in the example), this absorption is converted into vibrational and translational modes (heating). Yes, Tom is right, these conversions go in both directions. The energy moves in and out of CO2 and other molecules, but as shown in cavity C above, the gas takes finite measurable time to warm up and reach equilibrium with space (the window), creating a warming effect in the atmosphere.",['0_0_0']
"A. As a result of global climate change, the warmest places on Earth are likely to see the greatest increases in temperature.",['0_0_0']
"A study has found fires in the Arctic are on the rise, which could accelerate global warming.",['0_0_0']
"[Prof Glasser]: 'This unprecedented glacier recession, in response to climate change , will result in significant contributions to sea level rise from this and similar Antarctic Peninsula mountain glaciers and ice caps. 'Wales.co",['0_0_0']
"Muscheler stated that proxy data indicate that the cosmic-ray flux actually decreased early in the 20th century, but recently the level has been steady and high. Based on the proposed link between increased GCR flux and cloudiness, one might have expected that the late 20th century would be cooler than the early 20th centurya state that was not observed.",['0_0_0']
Advocates of immediate precautionary actions often state there is nearly unanimous agreement among scientists that the globe is warming at an unacceptably rapid rate and that society is to blame. But the claim of a scientific consensus on the causes of global warming is not supportable.,['5_1_0']
"For a fringe campaign, 10:10 has been remarkably successful. Around 100,000 people from 152 countries have signed up. British Prime Minister David Cameron has pledged the entire British government to participate. Large companies are associated with 10:10, including Britains Royal Mail, the electronics giant Sony, and Facebook. The United Nations-backed Climate Neutral Network is one of its many partner organisations. The World Wildlife Fund for Nature and Greenpeace are supporters through their proxy the Global Campaign for Climate Action.",['0_0_0']
Effective climate sensitivity increases with time and temperature largely because of polar amplification and the relatively long response times of the high latitude regions.,['0_0_0']
"But then something happened. A theory emerged in 2013 that the Earth actually is getting warmer, just not in the atmosphere as expected. Rather, the increase is in the deep ocean. The amount of increase is, according to the Discovery.com article cited, ""alarming."" How alarming? A chart is provided in the cited reference.",['0_0_0']
"For instance, Dr. Sass, points out, and rightly so, that human activitiesprimarily the burning of fossil fuels for energyhave contributed to the build-up of the atmospheric concentration of carbon dioxide and an enhancement of the earths natural greenhouse effect. If Governor Perry is being advised otherwise, he is getting bad advice.",['0_0_0']
"As the Earths climate changes, we are seeing tropical pest species extend their ranges into mid-latitudes and dragonflies appear in the Arctic. Understanding the details of how life forms adapted to global warming in the past will be of increasing importance in the future.",['0_0_0']
"The fact that the Earth is warming is absolutely undeniable. Melting ice sheets, rising sea levels, melting Arctic sea ice, melting mountain glaciers and warming oceans all point to a warming atmosphere.",['0_0_0']
"Spurred by a warming climate, daily record high temperatures occurred twice as often as record lows over the last decade across the continental United States, new research shows. The ratio of record highs to lows is likely to increase dramatically in coming decades if emissions of greenhouse gases continue to climb.",['0_0_0']
Greenlands Ice Loss Triples and Raises Global Warming Awareness Fears of faster rising global sea levels as 'stable' Greenland ice sheet starts to melt Greenland's ice loss nearly tripled in a decade USA TODAY A formerly stable part of Greenland's ice sheet in the northeast has been losing ice at an accelerating rate. Regional warming triggers sustained mass loss in Northeast Greenland ice sheet,['0_0_0']
"Just to put all this nonsense in perspective, the policy is due to reduce Australias emissions by 160 million tonnes of CO2 by 2020. Sounds impressive right? Well, China's emissions rose in just one year by 750 million tonnes, nearly five times Australias planned reduction by 2020  in just one year. Climate Madness.",['4_2_4']
"This new Nature Climate Change paper [i] by Drew Shindell claims that the lowest end of transient climate response (TCR) below 1.3C in CMIP5 models is very unlikely, and that this suggests the lowest end of model equilibrium climate sensitivity estimates modestly above 2C is also unlikely. The reason is that CMIP5 models display substantially greater transient climate sensitivity to forcing from aerosols and ozone than to forcing from CO 2 . Allowing for this, Shindell estimates that TCR is 1.7C, very close to the CMIP5 multimodel mean of ~1.8C. Accordingly, he sees no reason to doubt the models. In this connection, I would note (without criticising it) that Drew Shindell is arguing against the findings of the Otto et al (2013) study, [ii] of which he and myself were two of the authors.",['0_0_0']
"That is, we know the oceans have been losing sea ice in the Arctic since November 1978, but gaining it around Antarctica.",['1_1_1']
"However, there are apparently some dissenting opinions who don't think that Anthropogenic Global Warming/Climate Change are the cause of Long Cold winters and late winter storms.",['1_7_0']
"Professor Rohling speculates that there may be an important lesson for our future: 'Man-made warming spans 150 years already and studies have documented clear increases in mass-loss from the Antarctic and Greenland ice sheets. Once under way, this response may be irreversible for many centuries to come.'",['0_0_0']
"Hansen says that changes in TSI (Total Solar Irradiance) cant account for temperature rises during the last century, because the increase in TSI was too small and because it has flattened.",['0_0_0']
"Increased concentrations of CO2 in sea water causing a measurable increase in acidity (i.e., a reduction in ocean pH). This may lead to reduced calcification rates of calcifying organisms such as corals, molluscs, algae and crustacea.",['0_0_0']
"There was a warming between 1977 and 1999 that coincides with the warming of the tropical Pacific Ocean. The oceans are major drivers of climate, particularly the Pacific, because it covers 35% of the earth's surface. When it warms, the climate also warms: The atmosphere, the air, is heated from below, the temperatures are higher near the surface.",['2_1_3']
"But now it is feared that emissions from industry could cause additional climate change by warming the globe. This threatens more sea level rise, droughts, floods, heat waves and much else. So, governments have attempted to reduce the emissions of the warming gases, notably carbon dioxide.",['0_0_0']
"The articles in this special issue provide evidence that loss and damage happens simultaneously with efforts by people to adjust to climatic stressors. The evidence illustrates loss and damage around barriers and limits to adaptation: growing food and livelihood insecurity, unreliable water supplies, deteriorating human welfare and increasing manifestation of erosive coping measures (e.g. eating less, distress sale of productive assets to buy food, reducing the years of schooling for children, etc.). These negative impacts touch upon people's welfare and health, social cohesion, culture and identity values that contribute to the functioning of society but which elude monetary valuation.",['0_0_0']
"A major focus of the expedition is to examine the consequences of the Arctic Ocean having less of the so-called multi-year ice older, tougher floes which have survived for several years and a greater proportion of younger ice which is thinner.",['0_0_0']
"""When considering only measured under laboratory radiation effect of CO2 results in a climate sensitivity of 1.2 C. However, there are feedback effects, including mainly the water vapor feedback, the ice-albedo feedback and cloud. Consequently, the possible and probably higher than assumed values, a value of 3 is now accepted as the most likely. """,['0_0_0']
"If you look at the temperature of the Earth, we have to measure the oceans, the air and the land. And there, we see a continually strong rise in temperature.",['0_0_0']
"Instead its been all about meltdown. Citing the Alfred Wegener Institute (AWI) in Bremerhaven, German news weekly Stern wrote : The ice sheets in Greenland and Antarctica are melting at record speed, according to satellite measurements.",['0_0_0']
"Warming seas have already caused widespread damage to reefs, with high temperatures driving a stress response called coral bleaching, where corals lose their colorful symbiotic algae, exposing their white skeletons, the report says. ( source )",['0_0_0']
"First, there would be very little public interest in funding climate science, were it not for an assertion by alarmists in the political and environmental communities that a human-caused (""anthropogenic"") global warming crisis exists.",['6_1_0']
"In discussing their findings, the five researchers say that ""the dramatic historical transformations we quantified on reefs near Bocas del Toro are consistent with results of previous qualitative surveys from other regions of the Caribbean,"" noting that Pandolfi et al . (2003) demonstrated that ""reef corals including Acropora spp. were depleted at sites across the Caribbean as early as the 19th century,"" and that Jackson et al . (2001) had determined that ""the proportion of sites dominated by Acropora corals in particular had declined before the 1980s."" In addition, they state that ""paleoecological data from the opposite end of the southern Caribbean in Barbados showed that A. palmata underwent a dramatic decline within the past centuries concurrent with large-scale land clearing during the onset of European colonization,"" citing Lewis (1984).",['0_0_0']
Here we see the classic energy budget analysis supporting the hypothesis that the surface of the Earth is warmer than the S-B equation would predict due to 324 Wm2 of Back Radiation from the atmosphere to the surface.,['0_0_0']
"Then, in the late 19th century, the graph shows temperatures shooting up, driven by humanity's greenhouse gas emissions.",['0_0_0']
"The storage of radioactive waste is a surmountable problem (see A New Vision for Nuclear Waste, December 2004). Many reactors now have fields of dry-storage casks nearby. Those casks are transportable. It would be prudent to move them into well-guarded centralized locations. Many nations address the waste storage problem by reprocessing their spent fuel, but that has the side effect of producing material that can be used in weapons. One solution would be a global supplier of reactor fuel, which takes back spent fuel from customers around the world for reprocessing. Thats the kind of idea that can go from Impractical! to Necessary! in a season, depending on world events.",['0_0_0']
"CO2 is not increasing : I agree with Cook it has been increasing: the 12-month running averages were increasing almost exactly linearly (unlike the temperature which is chaotic). About 40% of the newly emitted CO2 remains in the atmosphere today. It's likely that this percentage will increase because more properly, we shouldn't count the absorbed CO2 as a percentage of the emissions but as a percentage of the excess CO2 that is already in the atmosphere. Every year, we emit the equivalent of 5-6 ppm or so but the CO2 concentration only increases by 2 ppm or so. Clearly, the Earth has to absorb the remaining 3-4 ppm every year. It's absorbing this amount of CO2 because the CO2 concentration is elevated and the processes that absorb it beat those that emit CO2. However, this amount absorbed by Nature will get even bigger if the deviation from 280 ppm - the temperature-dependent equilibrium value - gets larger. For example, if the CO2 concentration reaches 560 ppm, the Earth may absorb 10 ppm a year which may exceed our emissions in 2100 when the concentration may reach 560 ppm. The CO2 concentrations may stabilize or start to drop at that point. If we stopped emitting CO2 completely, the concentrations would begin to drop by 3-4 ppm per year.",['0_0_0']
"This reinforces ground-based studies that show that substantial changes are occurring as a result of rising carbon dioxide concentrations, warming temperatures and changing land management, including the expansion of forests in some regions and the poleward migration of ecosystems.'",['0_0_0']
Continue with the high economic growth (and hence emission growth) strategy and invest in more accurately identifying the nature and extent of climate change.,['4_3_1']
"For all the hype about the bleaching events on the GBR, most of the reef did not bleach and almost all that did bleach has almost fully recovered.",['3_2_3']
The UNs top weather expert warned Tuesday that the world is in its hottest decade on record as climate negotiators plunged into talks seeking a historic deal on cutting carbon emissions.,['0_0_0']
"Atmospheric levels of CO2 are currently about 380 parts per million (ppm), as opposed to perhaps about 290 ppm around 1850. Based on this increase, we can reasonably estimate that about 40% of manmade CO2 emissions since 1850 remain in the atmosphere, while the other 60% is transferred to oceans and the terrestrial biosphere.",['0_0_0']
"The western Antelope Valley boasts both the highest and most consistent winds in almost all of Southern California,' said Nat Parker, project manager for Element Power's proposed Wildflower Green Energy Farm. 'Between 4 p.m. and 7 p.m. the winds reach their highest peak, and it falls in line with when the electrical grid has highest demand.'",['0_0_0']
"For instance, skeptics often cite the Little Ice Age and Medieval Warming Period as pieces of evidence not reflected in the hockey stick, yet these extremes are examples of regional, not global, phenomena .",['0_0_0']
"The East Antarctic Ice Sheet , long seen as the stable side of Antarcticas vast lode of ice, appears to have been losing mass, particularly in coastal regions, over the past three years, according to a new analysis using gravity measurements. The finding is preliminary and comes with substantial uncertainty, the researchers reported in Nature Geoscience . But the research is generally consistent with other recent studies on ice loss in Antarctica and Greenland using surface and satellite measurements.",['0_0_0']
"Current changes in the ocean around Antarctica are disturbingly close to conditions 14,000 years ago that new research shows may have led to the rapid melting of Antarctic ice and an abrupt 3-4 metre rise in global sea level.",['0_0_0']
The JPL/UC-Irvine satellite study observed that a West Antarctic Pine Island glacier of particularly high concern has retreated 19 miles since 2005. This fast-moving ice discharger first gained lots of attention when satellite measurements revealed a retreat rate of about 1.2 kilometers per year between 1992 and 1996. A large iceberg that broke loose from the glacier caused media-trumpeted speculation that this race to the sea heralded the beginning of the end for the West Antarctic ice sheet.,['0_0_0']
"What the paleoclimate record tells us is that the dangerous level of global warming is less than what we thought a few years ago, Hansen said. The target that has been talked about in international negotations, 2 degrees Celsius for global warming, is actually a prescription for long-term disaster. We cant say exactly what long-term means but we are beginning to see signs of slow feedbacks beginning to come into play already.",['0_0_0']
"Meanwhile, what is the magnitude of the trend for the first three decades of this century? That cannot be known with precision for many years. All I can say is: The current data strongly indicate the current underlying trend less than 2C/century, and likely less than 1.6 C/century!",['3_4_0']
"Earth's poles have very different geographies. The Arctic Ocean is surrounded by North America, Greenland and Eurasia. These large landmasses trap most of the sea ice, which builds up and retreats with each yearly freeze-and-melt cycle. But a large fraction of the older, thicker Arctic sea ice has disappeared over the last three decades. The shrinking summer ice cover has exposed dark ocean water that absorbs sunlight and warms up, leading to more ice loss.",['0_0_0']
"We cannot prevent natural factors from causing a countervailing cooling from time to time, which is why we have had the 17-year pause in global warming.","['1_4_0,', '2_1_0']"
"Matt McGrath (6.00): And people talk about the dangerous 2 degree level, from what you have seen, from what we know now, are we going to blow right past that, and if so, when? Peter Stott (6.05): Well there is still, still time, we showed we showed different scenarios, and the point about this is that what happens about the future depends very much on what we emit, and there is still a chance to avoid 2 degrees if you like, but it very depends on the scenario of the next, of the coming years, the next few years actually.",['0_0_0']
"These glaciers have exhibited mass stability or even expansion  in the Karakoram region contrasting with the glacial mass loss across the nearby Himalayas and Tibetan Plateau, a pattern that has been termed the Karakoram anomaly.",['0_0_0']
A rising sea will be with us for a long time to come one way or another we will have to adapt. But how high and how fast the water rises will be influenced by the speed at which the world including New Zealand reduces greenhouse gas emissions over the coming decades [emphasis added].,['0_0_0']
"Carbonic acid is an acid in water because its hydrogen atoms (H) can dissociate to release protons (H + ), equation (3):",['0_0_0']
"The role of greenhouse gases in the atmosphere can be compared to the glass of a greenhouse: The glass lets the sunlight in, and the light warms the soil and plants in the greenhouse. These send out heat radiation, but when this heat radiation hits the glass, it doesn't pass through like the sunlight, but is absorbed and re-emitted by the glass. (Note, that glass is solid and also a barrier in the convection of warm air, so the comparison is not perfect.) This is in some way what greenhouse gases in the atmosphere do: They let the sunlight in, but they don't let the heat radiation from Earth out again.",['0_0_0']
"There are efficient ways to encourage developing countries to reduce their emissions. A paper on the ACCF website by CRA International, David Montgomery, demonstrates the positive impact. It encourages intellectual property reform, reduction in corruption, reduction of bureaucracy, better infrastructure. In China and India, it could have a very powerful impact on helping them get access through private sector investment in less-emitting technologies.",['4_2_15']
"The EPA has claimed unto itself the power to regulate carbon dioxide, a byproduct of human and animal respiration and the basis for  all life on earth, as a pollutant.","['3_3_1,', '4_1_5']"
"A significant regional flood in the Western States during 1973 resulted from the melting of excessive snowpack in the Rocky Mountains. The highwater period began in April in Arizona and extended through June in Wyoming. Extreme flooding occurred along the South Platte River in Colorado and Nebraska , both from rain on snow and from a general warm-weather snowmelt. The general snowmelt produced significant flooding in the headwaters of the Rio Grande in central Colorado and New Mexico and in the Green River and Colorado River Basins of Wyoming, Colorado, and Utah.",['0_0_0']
"This kind of climate-induced mismatch between animals and their food supply has become a common worry among biologists. Pied flycatchers, small birds that spend winters in Africa, dont return to Europe soon enough to catch the spring insect bonanza. In West Greenland,, migratory caribou miss the best grazing. And in Norway, puffins are declining as the spring bloom of plankton often misses the main hatching of herring and shrinks the -food supply later needed to feed puffin chicks.",['0_0_0']
"CCRIIFF shows access to fossil fuels is responsible for more than doubling the average human lifespan, a vast improvement in human health, a steep decrease in poverty, and the huge increase in global food supplies over the past century",['7_2_1']
"Applying those emission reductions to sea level rise, the new research found that the cuts could dramatically slow rising sea levels. Their results showed that total sea level rise would be reduced by an estimated 22 to 42 percent by 2100, depending on the extent to which emissions were reduced.",['0_0_0']
"The results, published online in the journal Ecology Letters, show that terrestrial vertebrate species appear to evolve too slowly to be able to adapt to the dramatically warmer climate expected by 2100. The researchers suggested that many species may face extinction if they are unable to move or acclimate.",['0_0_0']
In January 2012 the dramatic cooling of the ocean around the glacier is believed to be due to an increase in easterly winds caused by a strong La Nin event in the tropical Pacific Ocean.,['0_0_0']
Most of the observed increase in global average temperatures since the mid-20th century is very likely due to the observed increase in anthropogenic GHG concentrations.,['0_0_0']
"Antarctica has 90 per cent of the Earth's ice and 80 per cent of its fresh water. Extensive melting of Antarctic ice sheets would be required to raise sea levels substantially, and ice is melting in parts of west Antarctica. The destabilisation of the Wilkins ice shelf generated international headlines this month.",['0_0_0']
"The current issue of the Proceedings of the National Academy of Sciences , contains an article by a team of researchers led by Yarrow Axford of the University of Colorado, that concludes that human activities have been, at least in part, responsible for reversing the course of climate change from one of a naturally induced, long-term cooling to one of recent warming. The cooling trend that we helped to offset was more or less ongoing for the past 6,000 years or so, and was expected to last for a few more centuries, if not longerpossibly leading us down into a period of ice age conditions (Axford et al. are not alone in their ideas that human activity has offset a naturally cooling climate, see for example, Ruddiman et al., 2005 ).",['0_0_0']
"No laws of thermodynamics are broken, because the net flow of radiation is still from the warmer object to the cooler object, despite the fact that the cooler object (the atmosphere) keeps the warmer object (the ground) warmer than if the atmosphere was not there. Thats the (so-called) greenhouse effect.",['0_0_0']
"We conclude that extreme heat waves, such as that in Texas and Oklahoma in 2011 and Moscow in 2010, were caused by global warming, because their likelihood was negligible prior to the recent rapid global warming .",['0_0_0']
"Antarctica has been losing more than a hundred cubic kilometers (24 cubic miles) of ice each year since 2002 and that if all of this ice melted, it would raise global sea level by about 60 meter (197 feet).",['0_0_0']
"Man-made sources have increased global levels of CO2, however scientific analysis shows part of the increase is natural and no one is certain how much or little of this rise is man-made.",['2_3_6_2']
"[The IPCC's] work is carried out with complete transparency and objectivity speech to heads of state, December 2008",['0_0_0']
"Global action now leads to greater benefits over time. The decisions we make today will have long-term effects,andfuture generations will either benefit from, or beburdenedby, our current actions.Compared to a future with unchecked climate change,climate action isprojected toavoid approximately 13,000 deaths in 2050 and57,000 deaths in 2100 from poor air quality.Delaying actionon emissions reductions will likelyreduce these and otherbenefits.",['0_0_0']
"Rather than put all the turbines in a single location , Archer and Jacobson say it is best and most efficient to spread out wind farms in high-wind sites across the globe the Gobi Desert, the American plains and the Sahara, for example.",['0_0_0']
"Scientists agree that in a world where carbon dioxide has doubled a standard basis for many global warming modeling simulations temperature would increase from 2 to 4.5 degrees C (3.5 to 8.0 F). (The model used in this study found warming without incorporating the plant feedback on the low end of this range.) The uncertainty in that range is mostly due to uncertainty about 'feedbacks' how different aspects of the Earth system will react to a warming world, and then how those changes will either amplify (positive feedback) or dampen (negative feedback) the overall warming.",['0_0_0']
"The worlds climate is already changing: more floods, more droughts, more tornadoes. Sea level rise has begun, and even if we stopped burning fossil fuels tomorrow, we are already committed to more.",['0_0_0']
"Simply making our homes, cars, and industries more energy-efficient can drastically reduce emissions without the need for drastic lifestyle changes or expensive technologies.",['4_2_12']
"The real discussion here is if you couldn't do it better later on, then maybe you should do it right now, yes. But the point is we expect that all of the costs in complying--for instance, we know, for instance, renewables have been coming down in price about 50 percent per decade. So if we could postpone investing in renewables and make up for it by investing more in them, we at least know there is a backstop technology that would make it much much cheaper to do it in 10, 20, 30 years.",['4_2_10']
"Some scientists have reported that we are perhaps headed towards a mini ice age. Back in 2011 US solar physicists announced that the Sun appears to be headed into a lengthy spell of low activity, which could mean that the Earth, far from facing a global warming problem, is actually headed into a mini ice age.",['1_2_0']
"Scaremongers tell us that unless we act, polar bears  might  die. Meanwhile an Arctic researcher shot a polar bear. Dead. Statistics aren't clear if drowning or  do-gooders  kill more bears, but it's close.","['3_2_2,', '6_1_0']"
greenhouse gases are altering Earths climate. No serious politician on the planet can now dispute that.,['0_0_0']
"We have already shown that temperature is a function of pressure, and radiance and emission spectra from greenhouse gases are in turn a function of temperature, not the other way around.",['2_3_0']
"Rainfall nationwide is 23% below average at the end of the monsoon season, making it the worst drought since 1972 , officials said.",['0_0_0']
"As such, the 2003 heatwave resembles simulations by regional climate models of summer temperatures in the latter part of the 21st century under the A2 scenario (Beniston, 2004). Anthropogenic warming may therefore already have increased the risk of heatwaves such as the one experienced in 2003 (Stott et al., 2004).",['0_0_0']
"Additionally, Kevin Trenberth and associates say the recent series of La Nia events are causing the Pacific Ocean to warm at depths below 700 meters, and as a result, global warming continues. See:",['0_0_0']
"ScienceDaily (Aug. 12, 2010) Global warming may present a threat to animal and plant life even in biodiversity hot spots once thought less likely to suffer from climate change, according to a new study from Rice University.",['0_0_0']
"Further, if India and China don't also sign up to cut their carbon emissions-and they did not embrace Kyoto-these proposed dramatic cuts in American carbon emissions alone would not solve the problems of climate change.",['4_2_4']
"MANY scientists are so sure that the sea level will rise visibly in the coming decades that they are advising planners to adopt new strategies now. A predicted rise in sea level of one foot within the next 30 to 40 years will drive much of the Atlantic and Gulf shoreline inward by a hundred feet and some of it by more than a thousand feet, according to marine geologists.",['0_0_0']
"Fossil fuels remain absolutely essential to our nation’s economy and security. Oil, coal, and natural gas provide the large majority of the nation’s energy, supplying 81 percent of U.S. energy demand in 2020.","['7_2_1,', '7_3_0']"
"Power from coal, oil and gas means that a big part of the electricity price is made up of variable costs, e.g. the cost of the fuel. The money paid for the fuel goes to the country where the fuel came from. In Denmark we have oil and gas (but production is dropping), but no coal. In the US you have coal but not a lot of oil or gas. Wind energy means that the fuel is free. The machine that tap into this energy source is the thing that costs money. So the electricity price of wind energy is mostly made up of fixed costs and only minor variable costs (O&M), hence it is stable. The money paid for the wind turbine goes to where the parts where produced. Most wind turbine manufacturers have regional production and regional supply networks, as they are too expensive to transport around the world. So in essence, the money paid for wind electricity stays in the region for the most part.",['0_0_0']
"The study by Cox and others from the Hadley Centre couples a carbon cycle model with a climate model. It finds that there are potentially huge positive feedbacks from warming. In response to projected warming, the biosphere releases huge amounts of carbon to the atmosphere, significantly accelerating climate change over the next 100 years. Driven by business as usual emissions, the biosphere acts as a net sink until around 2050, whereafter it turns into an overall source. As a result, the business-as-usual concentration increase, without considering the terrestrial biosphere feedbacks, is magnified dramatically by 250 ppmv by the year 2100. The global temperature increase for business-as-usual emissions by 2100 is increased from 5.5C to about 8C as a consequence of this feedback.",['0_0_0']
"Clean-burning natural gas has low levels of greenhouse gas emissions. According to a Natural Gas Council study, climate legislation is likely to increase the demand for natural gas. A sound climate policy should enable more supply of natural gas, not less.",['7_2_4']
"Even though this year should have been a relatively cool year, it was warmer than all but two years since the beginning of this century , Dr Watkins said.",['0_0_0']
"What is clear to me, however, and to the Chamber, is that as the Congress considers such policy options as cap and trade or carbon taxes or other approaches, we need all the facts, all the experience and a real serious consideration of the unintended results. We look forward to participating in that debate. We need to study these options carefully and we need to know where we are going before we go there. I would be glad to elaborate some more on that in the questions.",['4_3_1']
"Agricultural Yields . There is no suggestion that autonomous adaptations due to advances in adaptive capacity are included in the estimates for the baseline scenario. Unmitigated climate change is projected to decrease yields of maize, wheat and rice by 3-7% in mid- to high-latitude areas in 2100, and 10-35% in low latitude areas (based on visual inspection of the graph provided). Under an adaptation scenario, yields would increase by 2-10% in the former regions, but would still be 5-15% below the no-climate-change case in low latitude areas. Under the mitigation-but-no-adaptation scenario, yields would be a little bit worse for mid- to high-latitude regions but better for the low latitude regions. Finally, with both adaptation and mitigation, yields would be higher in all regions (relative to the no-climate-change case).",['0_0_0']
"Nevertheless, the IPCC concludes in the final AR5 draft of the summary for policymakers: There is very high confidence that climate models reproduce the observed large-scale patterns and multi-decadal trends in surface temperature, especially since the mid-20th century.",['0_0_0']
"More important, the ""hottest year"" rhetoric is based on the surface temperature record, a collection of data that is deeply problematic, with heat-island effects difficult to expunge from the data, poor placement and shifts in the measurement stations, etc. ",['5_3_0']
"Support for climate action is waning among the U.S. public, with many concerned about job losses and rising energy costs.","['4_1_1_2,', '4_3_3']"
"Labelling Australia one of the canaries in the coalmine for the effects of global warming, Mr Gore told a breakfast launch in Canberra of a new Climate Commission report there was much cause for optimism about global efforts to solve the problem.",['0_0_0']
"Globally the temperatures are higher, the sea levels are higher, and there is more water vapor in the atmosphere, which energizes storms. So nothing is entirely natural anymore, he said. The background atmosphere has changed and continues to change due to human activity.",['0_0_0']
"Barroso urges to build low-carbon society, confident of Copenhagen agreement COPENHAGEN, May 25 (Xinhua) -- European Commission President Jose Manuel Barroso urged on Monday the international community to grab the chance to build a low-carbon society , expressing his confidence in achieving an agreement on climate change later this year.",['0_0_0']
It's not that there isn't any laboratory evidence supporting global warming theory. There have been many laboratory (spectroscopic) investigations where it has been convincingly established that carbon dioxide absorbs infrared radiation (the fundamental starting point for global warming theory). We even see evidence from satellites that greenhouse gases reduce the Earth's ability to cool to space.,['0_0_0']
"Apart from the fact that we took 36 hours longer than we expected, I actually think Durban will be proven by history to be the most encompassing and farthest reaching agreements that any climate conference has ever reached, said Christiana Figueres, the Costa Rican diplomat who leads the U.N. Framework Convention on Climate Change, the body that oversees the negotiations.",['0_0_0']
"The strong relationship between global temperature and CO2, documented by ice-core studies, makes scientific sense only if the CO2 is the effect rather than the cause.",['2_3_3']
"While ice extent has declined less in winter months than in summer, the downward winter trend is clear. The 1979 to 2000 average is 15.64 million square kilometers (6.04 million square miles). From 1979 through 2003, the February extent averaged 15.60 million square kilometers (6.02 million square miles). Every year since 2004 has had a mean February extent below 15 million square kilometers (5.79 million square miles).",['0_0_0']
"But in recent decades, disease seems to have taken a more prominent role in causing mortality. Because of multiple stresses, many induced by humans, amphibians now succumb to diseases they may historically have been better able to resist or tolerate.",['0_0_0']
"So, remember when anyone tries to argue that global warming has merely slowed down, or that the pause is simply an artifact of using the record hot year of 1998 as a start point.",['0_0_0']
"From a naval perspective, climate change probably means there will be more open water, so the Arctic Ocean will really emerge as the Arctic Ocean.",['0_0_0']
"New research from several international research groups, including the Niels Bohr Institute at the University of Copenhagen provides independent consensus that IPCC predictions of less than a half a meter rise in sea levels is around 3 times too low. The new estimates show that the sea will rise approximately 1 meter in the next 100 years in agreement with other recent studies. The results have been published in the scientific journal, Geophysical Research Letters .",['0_0_0']
"Until recently, many scientists spoke of climate change mainly as a threat, sometime in the future. But it is increasingly clear that we already live in the era of human-induced climate change, with a growing frequency of weather and climate extremes like heat waves, droughts, floods and fires.",['0_0_0']
"The evidence is incontrovertible: Global warming is occurring. If no mitigating actions are taken, significant disruptions in the Earth's physical and ecological systems, social systems, security and human health are likely to occur. We must reduce emissions of greenhouse gases beginning now.",['0_0_0']
"The issues that have arisen through this research point to an even greater urgency for ambitious mitigation and adaptation that are sufficient to manage climate stressors. If this goal is missed, loss and damage will undermine societys ability to pursue sustainable development.",['0_0_0']
"For all their cuteness, giant pandas are in a tight spot. There are fewer than 1,600 pandas left in the wild, and a new study found that more than half of the bears already diminished natural habitat will be unlivable in 70 years thanks to climate change.",['0_0_0']
"For purposes of this essay then global warming is the increase in global average temperature primarily caused by human emissions of greenhouse gases, primarily carbon dioxide [CO 2 ].",['0_0_0']
"Our assessment affirms the conclusion that late 20th century warmth is unprecedented at hemispheric and, likely, global scales.",['0_0_0']
"Despite the Obama administrations efforts, coal will likely continue to play an integral role in providing the general public with inexpensive and reliable baseload electricity that powers our economy and affords Americans a high standard of living, Eick said.","['7_2_1,', '7_3_0']"
"In case we do conclude that we want to roll back atmospheric carbon levels, we should look into things like carbon sequestration, or geo-engineering, that might let us influence the climate without plunging ourselves back into an economic stone age.",['4_2_10']
The Intergovernmental Panel on Climate Change (IPCC) known as the leading international organization for the assessment of climate change predicted in 2012 that droughts would intensify in some seasons and in many regions worldwide in the future due to reduced precipitation and/or increased evapotranspiration.,['0_0_0']
"In fact, sea ice has declined more quickly than many models predicted, indicating that climate models may not be correctly representing some processes controlling sea ice.",['0_0_0']
"No denying makes three major points, one sound and the two unsound. Yes, the scientific method requires openness and honesty, something that Climategate has revealed to be absent among top U.S. and international climate scientists who were behind the influential United Nations/Intergovernmental Panel on Climate Change climate reports.","['6_1_5,', '6_1_3,', '6_2_0']"
"Over this period some parts of the world have warmed at a much faster rate. The land surface average temperature has risen by about 1.1C and Arctic temperatures have increased by almost twice the global average rate. The consequences of this warming are already seen across the globe. For example, northern hemisphere sea-ice and snow cover have decreased markedly, most glaciers have retreated and the risks of certain extreme weather events occurring have increased.",['0_0_0']
"The hockey stick is a reconstruction of climate from the year 1000 onwards. The graph shows that until about 1850, the global average temperature had been dropping slightly, then rising sharply afterwards. Many scientists think that it is not likely a coincidence that the temperature has been rising since the start of the Industrial Revolution, hence the increase has to be man-made.",['0_0_0']
"Dr Paul Willis: Whereas here in the West the ice is melting from above and below . When it comes to sea level rise, Antarctica the sleeping giant is waking up.",['0_0_0']
"The amount of warming we expect from human impacts is so huge that any natural phenomenon in the future is unlikely to counteract it in the long term, he said.",['0_0_0']
"Gore told WaPos Klein that the earth is already suffering the negative consequences of failing to act against global warming. He claims that every extreme weather event now has a component of global warming in it, and that the appearance of more extreme and more frequent weather events has had a very profound impact on public opinion in countries throughout the world.",['0_0_0']
"It says damage to the marine food chain will result from the increasing acidity of the oceans, but the oceans are pronouncedly alkaline and, in any event, estuarial studies show calcifying organisms such as corals thriving even along coasts where rainwater that is pronouncedly acid pours into the sea. The corals survived a 1000-year period 55 million years ago when the entire ocean actually became acid.","['1_9_0,', '3_2_3']"
"Without any IR-absorbing GHGs in the atmosphere, all radiative energy losses balancing solar input would occur at Earths surface. According to the laws of radiation, the average temperature at the surface would then be about -18C, nearly 33C colder than the observed mean value. While IR is radiated to space from the surface and atmosphere, the average loss occurs where the temperature is actually -18C at an altitude of around 5km. The more GHGs in the atmosphere the higher this average radiative layer; and since the temperature below it increases by about 6.5C/km (the lapse rate), the higher this layer the higher the temperature at Earths surface. The enormous complexities of this are explored later.",['0_0_0']
"A: The warming of the last 30 years cannot be attributed primarily to the Pacific Decadal Oscillation (PDO) or the Atlantic Multidecadal Oscillation (AMO). The AMO does not have a significant influence on the Arctic. On the Atlantic, side, the North Atlantic Oscillation (NAO)-a regional expression of the Arctic Oscillation (AO)-is the most influential mode of variability in the Arctic. As I've mentioned previously, there are natural variations in climate that do indeed affect Arctic temperatures in the Arctic and the sea ice. The NAO/AO is a particularly prominent one and a substantial amount of the decline in the sea ice during the late 1980s and early 1990s could be attributed to a strong positive mode during winters because the positive mode favors the loss of thicker ice that is less likely to melt during summer. However, since about 1995, the AO has mainly been in a neutral or negative state. Under such conditions, the Arctic sea ice should have started to recover. Instead, sea ice extent has not only continued downward, but the decline rate has accelerated. The AO may have been a 'trigger' for the precipitous decline, but we wouldn't have the ongoing decline without the documented warming trend (Lindsay and Zhang, 2005).",['0_0_0']
The fact that carbon emissions are going up inexorably in spite of  many projects across the globe already raises a simple question What  are we getting for our money?,['4_2_2']
"America’s investments in education, global health, and economic development are substantial; there’s no need to stretch resources further to tackle climate change too.",['4_4_3']
"Interesting discussion around polar temperatures (and this is where albedo was touched on), and apparently Antarctica is thawing just as much as the Arctic it just has more ice so will take longer.",['0_0_0']
"Reporters Notes: Redesigning the Bay The most recent estimate looks pretty dire. The Bay Conservation and Development Commission (BCDC), a state planning agency, says it expects San Francisco Bay to rise about 16 inches by 2050, and 55 inches by the end of the century. Recent Climate Change - Sea Level Changes ...sea level has risen worldwide approximately 4.8-8.8 inches (12-22 cm) during the last century (IPCC, 2007).",['0_0_0']
"Nevertheless, it is fairly easy to show that natural cycles are indeed involved in not only regional changes, but ""global warming"" as well.",['2_1_0']
"All of the above findings are of a positive nature.  Crop growth was enhanced by the experimental doubling of the air's CO2 content. There was no increase in the evolution of the greenhouse gas N2O from the soil.  And the three Finnish researchers concluded that the high increase in the below-ground biomass indicates ""enhanced photosynthate accumulation in the soil as a response to the increased CO2 concentration.""",['3_3_1']
"Over the last two years, the consequences of 150 years of fossil-fuel development have materialized with a vengeance. The U.S. has experienced the worst drought in 80 years, replete with unprecedented Western fires and fears of widespread crop failure. This on the heels of record-breaking U.S. spring temperatures, with record daily highs outpacing record daily lows at a staggering pace of 12:1 since the start of the year. This on the heels of record U.S. flooding throughout the Mississippi basin last year. These examples reflect only the U.S. experience, in a world where record-breaking extreme weather is becoming the norm.",['0_0_0']
"The highest temperature increase from global warming is occurring in the arctic regions-an area rich in these unstable clathrates. Simulations from the National Center for Atmospheric Research (NCAR) show that over half the permafrost will thaw by 2050, and as much as 90 percent by 2100.",['0_0_0']
"The world is on track for around four degrees Celsius of global warming under current carbon emissions trends, says the EUs chief climate negotiator, a trajectory that some scientists say risks a planetary mass extinction event.",['0_0_0']
"In the Arctic, climate change is happening at an accelerated pace,' Pratt said. 'A big question is what will happen to atmospheric composition in the Arctic as the temperatures rise and snow and ice decline even further'",['0_0_0']
"8. The 20th Century has seen the greatest warming in at least a thousand years, and natural forces cant account for it all. P.20",['0_0_0']
The concentration of carbon dioxide in the atmosphere has no effect on climate above 50 parts per million (ppm).,['2_3_2']
"Let's stop at this point in our examination of the tropical day and consider the idea of 'climate sensitivity'. The solar forcing is constantly increasing as the sun rises higher in the sky. In the morning before the onset of cumulus circulation, the sun comes through the clear atmosphere and rapidly warms the surface. So the thermal response is large, and the climate sensitivity is high.",['0_0_0']
"The Stanford team also forecast a dramatic spike in extreme seasonal temperatures during the current decade. Temperatures equaling the hottest season on record from 1951 to 1999 could occur four times between now and 2019 over much of the U.S., according to the researchers.",['0_0_0']
"Some people wonder if our hot summers are due to global warming. The scientific consensus is that humans are contributing to the greenhouse effect, leading to global warming. When you speak to elderly people they often comment that the seasons are different to when they were younger, particularly when it comes to snow. One of the predictions over the coming decade is that snow will become less frequent in the British Isles; we are expecting milder winters.",['0_0_0']
"THE world is spinning toward a catastrophic climate change scenario with temperatures now far more likely to rise by 6C by the end of the century , a leading international team of scientists warned.",['0_0_0']
"According to an ongoing temperature analysis conducted by scientists at NASAs Goddard Institute for Space Studies (GISS), the average global temperature on Earth has increased by about 0.8Celsius (1.4Fahrenheit) since 1880. Two-thirds of the warming has occurred since 1975, at a rate of roughly 0.15-0.20C per decade.",['0_0_0']
"Theres nothing in this paper that negates the message in the movie, Wallace said. Ice appears to be exquisitely sensitive to the buildup of greenhouse gases, more than we ever would have thought. Natural variations could either accelerate or decelerate the melting rate of Greenlands glaciers in coming decades, he said, but in the long run, the human-induced component is likely to prevail.",['0_0_0']
"One big headline that Germanys online tabloid Bild carries today isabout the breaking off the Antarctic Pine Island ice chunk, which is the size of Berlin880 sq km!",['0_0_0']
"As the CO2 content of the air continues to rise, it is likely that wheat plants will exhibit significant increases in photosynthesis and yield even under less than favorable growing conditions characterized by elevated atmospheric ozone concentrations and/or pathogenic infections by rust-causing organisms.  Thus, it is likely that such detrimental environmental and biotic factors will not threaten world grain production in the years to come, as long as the air's CO2  content is allowed to increase unhindered by mankind's misguided legislative attempts to stabilize the atmospheric concentration of this vital life-supporting gas.",['3_3_1']
It is extremely likely that more than half of the observed increase in global average surface temperature from 1951 to 2010 was caused by the anthropogenic increase in greenhouse gas concentrations and other anthropogenic forcings together. The best estimate of the human induced contribution to warming is similar to the observed warming over this period.,['0_0_0']
Even relatively small temperature increases (23 C) could result in population declines and potentially redistribution of equatorial species to higher latitudes if adaptation cannot keep pace .,['0_0_0']
"In the U.S., discussions from advocates for action on climate change usually begin with the premise that the U.S. is “behind” or “not taking action” to reduce CO2 emissions. The reality is that such concerns about the U.S. are misplaced – and were misplaced long before the passage of the Infrastructure Investment and Jobs Act (IIJA) and the Inflation Reduction Act (IRA) – recent legislation touted as historic action on climate.",['4_4_2']
"*We probably don't agree on what has caused the warming up to now, but it seemed that Prof Lockwood and Svensmark actually agreed it was not due to solar changes, because although they disagreed on how much of the variability in the climate records is solar, they both showed solar records without a rising trend in the late 20th century.",['0_0_0']
"The pace of global warming is likely to be much faster than recent predictions, because industrial greenhouse gas emissions have increased more quickly than expected and higher temperatures are triggering self-reinforcing feedback mechanisms in global ecosystems, scientists said Saturday.",['0_0_0']
"Since ACO2 cannot be distinguished from natural CO2 the amount of ACO2 accumulating and contributing to the increase in CO2 is 3.67% of 1.5% which is 0.055%; a miniscule amount. So, even if CO2 did have a warming effect, as AGW predicts, the anthropogenic contribution to this warming would be negligible.",['2_3_6']
"They conclude that their results ""offer compelling evidence that climate change has already produced observable adaptive shifts in morphology, behavior, and phenology of a great many species,"" as, we might add, birds  do what they need to do  to successfully cope with the climate changes they encounter.",['3_2_1']
The transition to green jobs overlooks the fact that many industries simply won’t be able to replace the specialized roles and expertise that fossil fuel jobs currently provide.,"['4_1_1_2,', '4_2_1']"
"[E]arlier this year [2006], yet another team of scientists reported that the previous twelve months saw 32 glacial earthquakes on Greenland between 4.6 and 5.1 on the Richter scale - a disturbing sign that a massive destabilization may now be underway deep within the second largest accumulation of ice on the planet, enough ice to raise sea level 20 feet worldwide if it broke up and slipped into the sea. Each passing day brings yet more evidence that we are now facing a planetary emergency - a climate crisis that demands immediate action to sharply reduce carbon dioxide emissions worldwide in order to turn down the earths thermostat and avert catastrophe.",['0_0_0']
"Over the past century, consumption of carbon dioxide-emitting fossil fuels (coal, oil and natural gas) has risen to staggering levels, especially in the United States, where five percent of the worlds population is responsible for 25 percent of the worldscarbon dioxide emissions. TOO HOT NOT TO HANDLE offers a wealth of chilling evidence that the greenhouse effect is intensifying and the Earth is warming faster than at any other time in human history.",['0_0_0']
"Sandy was off-the-charts terrible, a storm that broke every record in the books: for storm surge, for barometric pressure, for sheer size.",['0_0_0']
"Since the birth of the industrial revolution, ocean pH has dropped by 0.1 units. That might not sound like much until you realise that a 0.1 unit fall is a 30% increase in acidity.",['0_0_0']
Temperatures have already risen by 0.8C (1.4F) since the Industrial Revolution in the 19th century.,['0_0_0']
"By investing in energy-efficient appliances, buildings, and transportation, we can meet climate goals without disrupting our daily lives or imposing strict regulations.",['4_2_12']
"In 2011 the Congressional Research Service reported that America's reserves of coal are unsurpassed, accounting for more than 28% of the world's coal. It estimated that U.S. recoverable coal reserves were approximately 262 billion tons.",['7_1_0']
"Ocean acidification, which the researchers call the evil twin of global warming, is caused when the CO2 emitted by human activity, mainly burning fossil fuels, dissolves into the oceans. It is happening independently of, but in combination with, global warming.",['0_0_0']
"[Children] are already seeing the impacts of climate change through malnutrition, disease, poverty, inequality and increasing risk of conflict and ultimately an increase in child mortality rates.",['0_0_0']
"Recent heat waves that have triggered wildfires, droughts, and heat-related deaths in the United States and around the globe almost certainly would not have occurred without global warmingand will become more routine in coming years, NASA climate scientist James Hansen says.",['0_0_0']
"During this prehistoric event billions of tons of carbon was released into the ocean, atmosphere and biosphere, causing warming of about 5 degrees Celsius, Bowen said. This is a good analog for the carbon being released from fossil fuels today.",['0_0_0']
"Human activities, such as the release of greenhouse gases from burning fossil fuels, are major factors in the current rise in Earths mean surface temperature (global warming), according to the elementary school standards",['0_0_0']
"Whitehouse said the theory that warmth creates a moist atmosphere that traps heat has been around since the Civil War. 'That's been basic textbook science for a century,' he said. 'It's never been controverted. It's a law, essentially, of science",['0_0_0']
"Our results suggest weak to moderate coupling between CR and year-to-year changes of GT,' they write. 'However, we find that the realized effect is modest at best, and only recoverable when the secular trend in GT is removed.' This 'secular trend' is the warming widely believed to be caused by excess carbon in the atmosphere, an effect the researchers accounted for by first-differencing. 'We show specifically that CR cannot explain secular warming, a trend that the consensus attributes to anthropogenic forcing. Nonetheless, the results verify the presence of a nontraditional forcing in the climate system, an effect that represents another interesting piece of the puzzle in our understanding of factors influencing climate variability,",['0_0_0']
"TAPS was completed in 1978. It has carried almost 17 billion barrels of oil to energy-thirsty American markets. Its a technological and environmental marvel and a critical component of Americas energy infrastructure. Its been a resounding success for this country, and for my state. Its the engine of growth for Alaskas economy, and has proved the safest and most environmentally responsible way to transport oil, is through a pipeline.","['7_2_1,', '7_2_2,', '7_2_3']"
Global warming is not happening and therefore any changes in extreme weather are not due to global warming.,"['1_0_0,', '1_7_0']"
"There is the further matter that U.S. emissions of GHG are about 17 percent of global GHG emissions, a proportion that is declining steadily. And so it is unsurprising that nowhere in the president's speech did he offer an estimate or even an assertion about the climate benefits to be expected from his policy proposals.","['4_2_3,', '4_2_2']"
The best estimate of the human-induced contribution to warming is similar to the observed warming over this period.,['0_0_0']
"But the study also shows that marshes can survive only moderate rates of sea level rise. If seas rise too quickly, the marshes could not increase their elevations at a rate rapid enough to stay above the rising water. And if marshes were to be overcome by fast-rising seas, they no longer could provide the carbon storage capacity that otherwise would help slow climate warming and the resulting rising water.",['0_0_0']
"Researchers have fanned out across Greenland to investigate details of how the lakes might affect the ice sheet and sea level in the future. From recent field studies, they know that when the lakes drain suddenly, they can send meltwater down to the bedrock, where it temporarily lubricates the ice sheets seaward migration, says Sarah Das, a geophysicist at the Woods Hole Oceanographic Institution. Scientists fear that if the region continues to warm, sudden draining may occur more frequently and over a much broader area of the ice sheet. That could speed the calving of glaciers and contribute to sea-level rise.",['0_0_0']
"Todays levels of aragonite saturation in these locations have already dropped five times below the pre-industrial range of natural variability. For example, if the yearly cycle in aragonite saturation varied between 4.7 and 4.8, it varies now between 4.2 and 4.3, which based on another recent study may translate into a decrease in overall calcification rates of corals and other aragonite shell-forming organisms by 15%. Given the continued human use of fossil fuels, the saturation levels will drop further, potentially reducing calcification rates of some marine organisms by more than 40% of their pre-industrial values within the next 90 years.",['0_0_0']
"Scientific studies indicate that most global warming in recent decades is due to the great concentration of greenhouse gases (carbon dioxide, methane, nitrogen oxides and others) released mainly as a result of human activity.",['0_0_0']
"In March, the Intergovernmental Panel on Climate Change of the United Nations released Climate Change 2014: Impacts, Adaptation, and Vulnerability , part of its Fifth Assessment Report. The report said that man-made climate change would reduce world agricultural output. Lead author Dr. Mark Howden stated , Theres increasing evidence that climate change is also impacting on agriculture, particularly on some of the cereal crops such as wheat and maize. The negative impacts are greater and quicker than we previously thought.",['0_0_0']
"Since 1998, other people have made their own 'paleoclimate' reconstructions. Putting those together, the National Academy report in 2006 created what has been called the spaghetti plot ' a chart that superimposes different researchers' graphs of global temperatures over the last 1,000 years. The spaghetti strands curve up and down, but all rise dramatically in the 20th century. The overall pattern, notes Nychka, is the same.",['0_0_0']
The conclusion in Hansen et al. 2005 that the Earth is now absorbing 0.85 Watts per meter squared more energy from the Sun than it is emitting to space is well supported by their modeling results for the ten years or so ending in 2003.,['0_0_0']
"He stresses the importance of keeping land, air and water free of real pollution, particulates, heavy metals, pathogens and explains why CO2 should not be considered a pollutant.",['3_3_0']
"July 2011 was the third warmest July in the 33-year satellite-based global temperature record, which is consistent with the long-term warming trend seen in the satellite data, according to Dr. John Christy, a professor of atmospheric science and director of the Earth System Science Center at The University of Alabama in Huntsville.",['0_0_0']
New carbon dioxide data confirm that formation of the Antarctic ice-cap some 33.5 million years ago was due to declining carbon dioxide in the atmosphere.,['0_0_0']
"The first study of its kind, it drew on 27 biological and geological records, including 12 tree ring data sets, mainly from New Zealand, 13 coral sets from Indonesia, the south-west Pacific and Western Australia and two ice cores from Antarctica. Scientists used the data to produce a long-term temperature record, and found the past five decades were very likely to have been the warmest since 1000AD.",['0_0_0']
"What the Kiribati President, Anote Tong, is worried about is the rising sea level. People on Kiribati are apparently having to move further and further inland because of the inundation of [sea] water on their produce gardens.",['0_0_0']
"The authors write that ""the Antarctic Peninsula is at present one of the most rapidly warming regions on Earth (Vaughan et al ., 2003),"" noting that ""historical observations since 1958 at Esperanza Station document warming equivalent to 3.5 0.8'C per century.""",['0_0_0']
"Coral reefs are crucial sources of fisheries, aquaculture and storm protection. Overfishing and pollution, along with heat and increased acidity brought on by climate change, have wiped out half of the world's reef-building corals during the past 20 years. Even atemporary rise in temperature of a few degrees can kill corals across miles of reef.",['0_0_0']
Fewer Americans See Solid Evidence of Global Warming.,['0_0_0']
"But an even better method would be for business to stop playing politics and return to its core role of wealth creation. A wealthier world will be better able to address the real problems of today in the U.S. and the world, and to essentially increase our resiliency to address future risk. ","['4_2_10,', '4_2_14']"
"Today, even schoolchildren carry iPhones, which are orders of magnitude more powerful and much cheaper. That same innovative process will make both emissions reduction technology and mitigation efforts cheaper and better in the future.",['4_2_10']
"Arctic ice continues to grow at a very fast rate, despite the fact that 2010 is the hottest year on record  and the Arctic is the  fastest warming place on earth.",['1_1_3']
Ocean pH is not falling,['1_9_0']
"Global warming is a new religion and blasphemy against that religion is not a laughing matter, Lord Lawson has said, adding that there is a great gap in Europe with the decline of any real belief in Marxism and any real belief in Christianity. This has filled the vacuum.",['6_1_1']
"My total turnaround, in such a short time, is the result of careful and objective analysis by the Berkeley Earth Surface Temperature project, which I founded with my daughter Elizabeth. Our results show that the average temperature of the earths land has risen by two and a half degrees Fahrenheit over the past 250 years, including an increase of one and a half degrees over the most recent 50 years. Moreover, it appears likely that essentially all of this increase results from the human emission of greenhouse gases .",['0_0_0']
"Large corporations, Google being the prime example, have devised ways to turn the government subsidies for wind and solar electricity into a profitable business. Its not just about making money. These crony capitalists, raiding the U.S. treasury, and making 14% on invested capital, can pretend to be champions of the environment and to be fighting global warming. They are really fighting for tax credits.","['4_1_1,', '6_1_0,', '4_2_6']"
"Scientists predict that by 2020, global catastrophes may well begin to accelerate. The human population is expected to explode and animal species may be dying off at a rapid rate. As the world becomes more chaotic, the costs of mending it would grow more and more daunting.",['0_0_0']
"The Climategate Emails showed, for example, that some members of the band were uncomfortable with aspects of their work, some even questioning the need to erase the existence of the Medieval Warm Period 1,000 years earlier.",['6_2_0']
"The Boulder, Colo. area is reeling after beinginundated by record rainfall, with more than half a years worth of rain falling over the past three days. During those three days, 24-hour rainfall totals of between 8 and 10 inches across much of the Boulder area were enough to qualify this storm as a 1 in 1,000 year event, meaning that it has a 0.1 percent chance of occurring in a given year.",['0_0_0']
"In case you missed the news, humanity spent the Earth Day week reaching another sad milestone in the history of catastrophic climate change: For the first time, measurements of carbon dioxide in the atmosphere surpassed 400 parts per million, aka way above what our current ecosystem can handle.",['0_0_0']
In 1990 the IPCC predicted on its business-as-usual Scenario A that from the Industrial Revolution till the present there would have been 4 Watts per square meter of radiative forcing caused by Man (Fig. T7):,['0_0_0']
"[ Abstract ] As the dominant reservoir of heat uptake in the climate system, the worlds oceans provide a critical measure of global climate change. Here, we infer deep-ocean warming in the context of global sea-level rise and Earths energy budget between January 2005 and December 2013. Direct measurements of ocean warming above 2,000 m depth explain about 32% of the observed annual rate of global mean sea-level rise. Over the entire water column, independent estimates of ocean warming yield a contribution of 0.77 0.28 mm yr 1 in sea-level rise and agree with the upper-ocean estimate to within the estimated uncertainties. Accounting for additional possible systematic uncertainties, the deep ocean (below 2,000 m) contributes 0.13 0.72 mm yr 1 to global sea-level rise and 0.08 0.43 W m 2 to Earths energy balance. The net warming of the ocean implies an energy imbalance for the Earth of 0.64 0.44 W m 2 from 2005 to 2013.",['0_0_0']
"Anderson and other researchers believe that as the Arctic Ocean becomes increasingly ice-free, storm surges will affect ever-larger areas of shoreline in the Arctic basin, including Russias immense Arctic coastline, which stretches many thousands of miles. No other coastal landscape in the world is as vulnerable, says Anderson, who has a research camp on the north coast of Alaska between Barrow and Prudhoe bays. From the western Arctic of Canada to the north slope of Alaska and Siberia, the landscape is very flat. When you fly over this territory, you can see how even the smallest surges can have an impact when there is little or no sea ice.",['0_0_0']
"From the Willis et al 2004 paper , we know that the oceans warmed from mid-1993 through mid-2003, which continued a general increase over time since the mid-1950s. This global warming has been used as a foundation to claim that we understand the global climate system and can accurately predict the consequences of the diverse human forcings of the climate (e.g. see and see ).",['0_0_0']
"Climate change has long been thought to be the main culprit in coral degradation. The report shows that  the loss of parrotfish and sea urchin the areas two main grazers has, in fact, been the key driver of coral decline in the region . ",['3_2_3']
"Recent research shows that young fish are particularly vulnerable to the decreases in water pH that are expected to occur over the next century as elevated CO2 levels change the chemistry of the oceans (SN Online: 12/13/11). Zoologist Gabrielle Miller and her colleagues at James Cook University in Townsend, Australia, wanted to know what might happen if parents as well as hatchlings were exposed to such conditions.",['0_0_0']
"Partial loss of ice sheets on polar land could imply metres of sea level rise, major changes in coastlines and inundation of low-lying areas, with greatest effects in river deltas and low-lying islands. Such changes are projected to occur over millennial time scales, but more rapid sea level rise on century time scales cannot be excluded. {3.4}",['0_0_0']
"The senior biologist who discovered the reef, Neville Barrett, believes it is evidence that rising water temperatures are having an impact on the marine environment.",['0_0_0']
"Actual reconstructions ""diverge"" from the instrumental series in the last part of 20th century. For instance, in the original hockey stick (ending 1980) the last 30-40 years of data points slightly downwards. In order to smooth those time series one needs to ""pad"" the series beyond the end time, and no matter what method one uses, this leads to a smoothed graph pointing downwards in the end whereas the smoothed instrumental series is pointing upwards — a divergence.",['5_2_0']
"In 2008, there is a consensus among climatologists that mankind has and will cause irrevocable and dangerous changes to the Earths temperature.",['0_0_0']
"Hansen, often called the godfather of global warming, announced earlier this month that blistering heat across the United States is so rare that it cant be anything but the man-made global warming he has been warning about for decades.",['0_0_0']
"The average surface temperature in Queensland has risen by almost 0.9 C since early last century ... ... The decade 20002009 was the hottest on record for Queensland, 0.58 C higher than the 19611990 average.",['0_0_0']
"The worlds oceans have absorbed more than 90 per cent of global warming since the mid-20th century, making accurate measurements of deep ocean temperatures vital to predicting how much global temperatures and sea levels are going to rise.",['0_0_0']
Carbon capture technologies offer a flexible solution that doesn’t disrupt industries; we should prioritize these methods over restrictive emissions cuts,"['4_2_13,', '4_1_1']"
The study estimates that subsurface ocean temperature along the coast of Greenland could rise by 3 degrees Fahrenheit and those along the coast of Antarctica could rise by 0.9 degrees Fahrenheit by 2100.,['0_0_0']
A team from U.S. EPA is preparing recommendations for managing or minimizing earthquakes triggered by oil and gas waste injection wells.,['0_0_0']
"This emerging pattern of long-term drying across southern Australia, exacerbated by hot days and weeks and periodically interrupted by very intense rainfall and flooding, comes as no surprise to climate scientists. It is entirely consistent with what we expect from a changing climate. ( source )",['0_0_0']
"SCIENTISTS have used natural records including tree rings and ice cores to reconstruct the first picture of Australia's climate over the past 1000 years ' and the news is we're getting warmer. The study, published in the Journal of Climate, found there were no warmer periods than in the years after 1950 and temperatures have been increasingly decade on decade ever since.",['0_0_0']
"Be that as it may, the IPCCs implicit central estimate of the warming by 2100 driven by the CO2 we add to the atmosphere this century is 70% of 2.2 C, or just 1.5 C.",['3_4_0']
"Climate change predictions that are 2,500 times more precise than previous studies show rising temperatures for the region.",['0_0_0']
"Coal and oil powered factories, mills, pumps, ships, trains, and smelters; and cars, trucks and tractors replaced the work-horses. The result was a green revolution forests began to regrow and vast areas of crop-land used for horse feed were released to produce food for humans. Poverty declined and population soared.",['7_2_1']
"Latest studies from the International Energy Agency reveal a switch from coal to gas would lead to a global temperature rise of more than 3.5 degrees Celsius, an outcome we simply cannot afford.'",['0_0_0']
"Climateprediction.net project coordinator, Dr. David Frame, said: the possibility of such high responses has profound implications. If the real world response were anywhere near the upper end of our range, even today's levels of greenhouse gases could already be dangerously high.",['0_0_0']
Austria is today seeing its earliest snowfall in history with 30 to 40 centimetres already predicted in the mountains. Such dramatic falls in temperatures provide superficial evidence for those who doubt that the world is threatened by climate change.,['1_3_0']
"Hansen told a Kansas wind and renewable conference last month global warming inevitably will bring about droughts, melting ice caps, rising sea levels and mass extinctions.",['0_0_0']
"In the geologic record, there are times when we've had much higher CO2 than at present; yet there are few recognizable extinctions. We are still in an inter-glacial period were warming could be expected.","['2_3_6,', '2_1_4']"
"Across the USA, moderate-to-exceptional drought persisted throughout parts of the south-west desert and eastward through the southern plains, also developing in areas west of the Great Lakes. Drought and anomalous warmth contributed to a record wildfire season for the USA, with more than 3.8 million hectares burned through early December. Drought in the south of Brazil caused significant damage to agriculture in the early part of the year with losses of about 11 per cent estimated for the soybean crop yield alone.",['0_0_0']
"The climate debate may have begun to slowly reflect these realities, but the research and development community has not yet focused much attention on developing policy and technological options that might be politically viable, cost-effective, and practically feasible. I am convinced that as people begin to see the limited performance of existing approaches to emissions reductions and as the toll of climate-related disasters grow due to ever-increasing vulnerabilities, there will be a shift to a more short-term focused approach to climate adaptation.",['0_0_0']
"the Earths surface has warmed by a significant 1.2 degrees Fahrenheit since 1950, and the continental U.S. by an average 3.2 degrees.",['0_0_0']
"Scientific uncertainty has been described as a 'monster' that prevents understanding and delays mitigative action in response to climate change. New research by Professor Stephan Lewandowsky of the University of Bristol, and international colleagues, shows that uncertainty should make us more rather than less concerned about climate change.",['0_0_0']
"Wow. It is amazing that the discussion of how trace atmospheric gasses might affect global temperature, and whether the climactic reaction to this is one of positive or negative feedback, has become a moral rather than a scientific question.","['2_3_1,', '6_1_1']"
"This summer has seen record heat waves and wildfires in the U.S, the worst flooding in Beijings modern history, and droughts that devastated the U.S. corn crop and led India to set up refugee camps for livestock. These extreme events were not freak occurrences this is how the Earth works now.",['0_0_0']
"Analysing data for over 2000 responses by animal and plant species, the research team estimated that, on average, species have moved to higher elevations at 12.2 metres per decade and, more dramatically, to higher latitudes at 17.6 kilometres per decade.",['0_0_0']
_there is little doubt among scientists'_ that the burning of fossil fuels is by far the most dangerous source of energy. '_ we are changing the composition of the air in a way that will have profoundly adverse effects on the Earth's ecology and on ourselves.,['0_0_0']
These data provide some indication that purported support for government interventions in the economy to deal with climate change may be inflated,['4_3_3']
Aslak Grinsted now had a tool to create statistics on the frequency of cyclones that make landfall all the way back to 1923. He could see that there has been an increasing trend in the number of major storm surges since 1923.,['0_0_0']
It is extremely likelythat more than half of the observed increase in global average surface temperature from 1951 to 2010 was caused by the anthropogenic increase in greenhouse gas concentrations and other anthropogenic forcings together. The best estimate of the human-induced contribution to warming is similar to the observed warming over this period.,['0_0_0']
"First it was birds and now it is bees that are finding their numbers under increasing pressure from sources as diverse as habitat loss, insecticide use and changing weather patterns.",['0_0_0']
"Just spraying sulfates into the stratosphere is not the kind of thing that necessarily benefits everyone, so in that sense it seems a mistake to call it a global public good, said co-editor Stephen Gardiner , a UW philosophy professor who has written a book on ethics and climate change. There are decisions about how to conduct sulfate spraying, he writes, and potential tradeoffs between short-term benefits and long-term risks.",['0_0_0']
"Solar energy is still the only distributed generation technology capable of displacing the central station utility business model. Achieving that ambitious goal will require grid parity prices to compete with natural gas, improving solar technology efficiency, and bigger scale players with bankable integrated solutions. Consolidation is rapidly weeding out the smaller players in this sector and that is good.",['0_0_0']
I stand by my previous statements that the Arctic summer sea ice cover is in a death spiral. Its not going to recoverI hate to say it but I think we are committed to a four- to six-degree warmer Arctic.,['0_0_0']
"When driven with estimates of external forcing for the last millennium, AOGCMs simulate changes in hemispheric mean temperature that are in broad agreement with proxy reconstructions (given their uncertainties), increasing confidence in the forcing reconstructions, proxy climate reconstructions and models. In addition, the residual variability in the proxy climate reconstructions that is not explained by forcing is broadly consistent with AOGCM-simulated internal variability.",['0_0_0']
"The authors write that ""ocean acidification is predicted to negatively impact the reproduction of many marine species, either by reducing fertilization success or diverting energy from reproductive effort."" And they say that ""while recent studies have demonstrated how ocean acidification will affect larval and juvenile fishes, little is known about how increasing partial pressure of carbon dioxide ( p CO 2 ) and decreasing pH might affect reproduction in adult fishes."" So they decided to do something about it. And do it they did. What was done",['0_0_0']
It is reasonable to infer that greenhouse-gas forcing is now the dominant external forcing of the climate system.,['0_0_0']
"Well, I think it is manmade. I think its clearly manmade. And, look, this probably explains the biggest fundamental difference between John McCain and Barack Obama and Sarah Palin and Joe Biden Governor Palin and Joe Biden. If you dont understand what the cause is, its virtually impossible to come up with a solution. We know what the cause is. The cause is manmade. Thats the cause. Thats why the polar icecap is melting. Now, lets look at the facts. We have 3 percent of the worlds oil reserves. We consume 25 percent of the oil in the world.",['0_0_0']
"Some aspects of climate change are progressing faster than was expected a few years ago such as rising sea levels, the increase of heat stored in the ocean and the shrinking Arctic sea ice.",['0_0_0']
"However, in a story in The Washington Post, a group of scientists from the National Oceanic and Atmospheric Administration (NOAA) say that based upon their analysis of new surface temperature data and corrections to old data that NOAA knew were imperfect, there has been no break in global warming.",['0_0_0']
"No tropical forests in South America currently experience average yearly temperatures of more than 84 degrees Fahrenheit (29 degrees Celsius). But by the end of this century, average global temperatures are likely to rise by another 1 F (0.6 C), leading some scientists to predict the demise of the world's most diverse terrestrial ecosystem.",['0_0_0']
"Man-made global warming, driven mainly by the burning of oil, gas and coal, has amounted to around 0.8 C (1.12 F) over the past century.",['0_0_0']
"If you care a lot about fairness and equity, climate change is an urgent, massive problem, because millions (maybe even billions) of poor people will suffer, die, or become refugees as the climate changes.",['0_0_0']
"The string of thunderstorms underscores a climbing incidence of meteorological catastrophes in the past three decades. Insurers could count on losing about $2 billion from storm damage in the early 1980s. Now the annual average loss is above $10 billion, according to the giant reinsurer Munich Re.",['0_0_0']
"In other words, the 2007 minimum was not simply the result of unusual ice motion. It was the result of ice motion, enhanced melt, warmer ocean temperatures, and a long-term thinning trend seen in a variety of observations (Maslanik et al., 2007; Nghiem et al., 2007; Kwok and Rothrock, 2009). The same atmospheric conditions would not have led to such a low extent in earlier years when the ice pack was thicker. As Ogi et al. (2008) say (with clarifying comments by me italicized in brackets): the precipitous decline in September SIE [ sea ice extent ] in recent years is mainly due to the cumulative loss of multi-year ice: summertime SLP [ sea level pressure ] anomalies [ which control the strength and direction of the wind anomalies ] have played an important role in setting the timing of record lows, but the long term trend is mainly due to preconditioning [ the thinning of the ice cover ].",['0_0_0']
Arctic ice experts say that recent data offer powerful evidence that summer sea ice has passed a point of no return.,['0_0_0']
"After the accelerated shrinkage of the glacier during the 1990s, enhanced by the warm 1997/98 El Nio, Bolivia lost its only ski area",['0_0_0']
"These results relate to no action taken to mitigate global warming. The project also looks at the scenario where strong greenhouse gas reduction policies are implemented and temperature rise is kept below 2 degrees Celsius (the current international target). In this case, impacts of climate change would reduce by 60 billion, a 30% decrease. In addition, some significant biophysical impacts would be substantially reduced: the increased burned area would halve and 23 000 annual heat-related deaths would be spared.",['0_0_0']
"Completely contrary to the popular contrarian myth, global warming has accelerated, with more overall global warming in the past 15 years than the prior 15 years. This is because about 90% of overall global warming goes into heating the oceans, and the oceans have been warming dramatically.",['0_0_0']
"Scientists are fairly confident that global warming increased the severity and likelihood of extreme heat events in 2013 in Australia, New Zealand, South Korea, Japan, China and Europe.",['0_0_0']
"Following the release of a study by the British Geological Survey that shows there could be 40 trillion cubic metres of shale gas resources in England alone, the impact of  these reserves on the UKs gas prices has been a hot topic.",['7_1_0']
There has been much alarmist speculation recently that global warming could trigger the collapse of the Gulf Stream.,['6_1_0']
"The latest findings show that virtually all the ice surveyed is what is called first-year ice, ice that only grew this past winter, as opposed to tougher multi-year ice which survives the warmth of summer.",['0_0_0']
"For example, the stratosphere (that part of the atmosphere higher than about 11 km) has been cooling as the lower atmosphere and the ocean warm. This is the pattern we expect from the addition of greenhouse gases and not from, say, changes in the suns output.",['0_0_0']
Everyone knows that the ice sheet on Greenland is melting. But new research shows it is disappearing much faster than previously thought. The findings could mean that ocean levels are also rising more quickly .,['0_0_0']
"Official new figures show the rate of emissions is increasing at an alarming 3.5 per cent a yearexceeding the worst-case scenarios of the UNs peak scientific body, the Intergovernmental Panel on Climate Change.Despite years of effort to change our ways, the Global Carbon Project report shows that for the first time, humans are now emitting more than 10 billion tonnes of carbon annually .",['0_0_0']
Daniel Yergin explains why technology continues to thwart doomsayers who claim the world will run out of oil,['7_1_0']
"Her primary conclusion was that a warming climate had caused the species range to shift northward.  She concluded neither that a) the species had become endangered, nor b) that the species overall range had declined.",['3_2_0']
"Since pre-industrial times, the atmospheric concentration of CO2 has risen by 40% to a level unprecedented in at least 800,000 years This has led to an enhanced greenhouse effect.",['0_0_0']
Global warming may accelerate the disintegration of the WAIS. It may happen 20 or 30 years sooner than would otherwise have been the case. But it still is estimated to require about 200 years or more.,['0_0_0']
"As a result, the Mauna Loa record does accurately measure the background CO2 levels, despite the fact that it is on an active volcano. The samples that are identified as volcanic CO2 are not thrown away, however. They are used for analyses of the volcanic emission rates, such as this one (pdf).",['0_0_0']
Evidence is mounting that the EPA's greenhouse gas regulations for coal-fired power plants are in disarray.,['4_2_0']
"If more of this new natural gas were devoted to generating electricity ""instead of just backing up 40,000 U.S. wind turbines"" millions of birds and bats would not be slaughtered every year, and vital species would not be driven to the brink of extinction in wildlife habitats that have been blanketed by turbines.",['4_1_3_2']
This means that geographic ranges of common plants and animals will shrink globally and biodiversity will decline almost everywhere.,['0_0_0']
"The evidence for climate change, since then [2007], has only got stronger. The reasons for taking precautionary action have only become more compelling . Of course News Ltd cant, on its own, affect the global climate by reducing its carbon footprint, and nor can Australia. But if every company, and every nation, acted or refrained from acting on the basis of that logic, the chances of eventually stabilising global temperatures at less than catastrophic levels would be reduced to zero.",['0_0_0']
"Climate change is expected to act as a risk multiplier, interacting with other trends. It is likely to make it even more difficult to address poverty, disease, and food and water insecurity. In particular, rising temperatures and changing patterns of precipitation may affect the availability of food (including crops and livestock) and water, leading to more hunger and increased volatility in food prices, and heightened regional tensions, affecting international stability and security. An increased frequency of extreme weather events may adversely affect human health, disrupt the flow of natural resources and commodities, and threaten global infrastructure for transport and energy. Moreover, the inherent uncertainty of these various impacts is likely to increase risks significantly in the business and financial sectors.",['0_0_0']
"During the video, Holdren also said, A growing body of evidence suggests that the kind of extreme cold being experienced by much of the United States as we speak is a pattern that we can expect to see with increasing frequency as global warming continues.",['0_0_0']
"This all is an indication that temperature is not the cause of the sharp increase of CO2 in the last 150 years, as that wouldnt give more than 8 ppmv (or 16 ppmv based on ocean solubility) increase with a maximum 1C temperature increase since the depth of the LIA, while the current increase is over 100 ppmv.",['0_0_0']
"Extremely hot summers have increased noticeably. We can say with high confidence that the recent heat waves in Texas and Russia, and the one in Europe in 2003, which killed tens of thousands, were not natural events they were caused by human-induced climate change.",['0_0_0']
"Scientific research has concluded that humans have caused rapid global climate change by contributing to ever higher concentrations of greenhouse gases, 80 per cent of which comes from the burning of fossil fuels.",['0_0_0']
"Climate Science: You have to look at 30 year trends, and other lines of evidence, the sea ice is melting, antarctic is loosing mass, the ocean is acidifying, we must decarbonize the economy.",['0_0_0']
"Industrial wind is promoted as a clean, green, economical (some say free), sustainable and non-polluting source of energy where every kW of wind energy produced eliminates the need for a polluting kW. Is this not logical and simple to understand?",['0_0_0']
"Glacier growth is causing ice to accumulate in some areas, which contradicts the idea that climate change is causing universal ice loss.",['1_1_4']
"Scientists have known for some time that greenhouse gases associated with global warming steadily make ocean water more acidic, a threat to coral, shellfish and smaller shell-forming creatures that serve as food for young salmon and other fish.",['0_0_0']
"The fact remains that there is 4 percent more water vaporand associated additional moist energyavailable both to power individual storms and to produce intense rainfall from them. Climate change is present in every single meteorological event , in that these events are occurring within a baseline atmospheric environment that has shifted in favor of more intense weather events.",['0_0_0']
"Theres a new study entitled Global warming preceded by increasing carbon dioxide concentrations during the last deglaciation , Shakun et al. ( paywalled , hereinafter Shakun2012). The paper claims to show that in the warming since the last ice age, CO2 leads temperature.",['0_0_0']
"Vast amounts of methane which is 25 times more effective at trapping heat than carbon dioxide are stored in the permafrost and scientists have long warned that, if it escapes as temperatures rise, it could greatly accelerate global warming.",['0_0_0']
"Confidence in detection . The quality of agreement between model simulations with 20 th century forcing and observations supports the likelihood that models are adequately simulating the magnitude of natural internal variability on decadal to century time scales. From the IPCC AR4: However, models would need to underestimate variability by factors of over two in their standard deviation to nullify detection of greenhouse gases in near-surface temperature data, which appears unlikely given the quality of agreement between models and observations at global and continental scales (Figures 9.7 and 9.8) and agreement with inferences on temperature variability from NH temperature reconstructions of the last millennium.",['0_0_0']
"The adjustments do seem to be very aggressive in identifying any effects that might have artificially created a cooling trendbut lax in finding and correcting effects that mighthave artificially created a warming trend. First and foremost, the changing urban heat island effect in growing cities seems to be under-corrected (Again there is debate on this -- the proprietors of the model believe they have fixed this with a geographic normalizing, correcting biases from nearby thermometers. I and others believe all they are doing is mathematically smearing the error over a larger geography).",['5_3_0']
"Using data from the Intergovernmental Panel on Climate Change (IPCC), a Science and Public Policy Institute paper published last month found that if the United States eliminated all carbon dioxide emissions, the overall impact on global temperature rise would be only 0.08 degrees Celsius by 2050.",['4_2_2']
"This September, sea ice covering the Arctic Ocean fell to the sixth lowest extent in the satellite record, which began in 1979. All of the seven lowest extents have occurred in the last seven years, since 2007. Satellite data analyzed by NSIDC scientists showed that the sea ice cover reached its lowest extent on September 13. Sea ice extent averaged for the month of September was also the sixth lowest in the satellite record.",['0_0_0']
"Of most concern, Harig said, is that this massive and accelerating loss occurred along West Antarctica's Amundsen Sea, particularly Pine Island and the Thwaites Glacier, where heavy losses had already been recorded. An iceberg more than 2,000 square miles in size broke off from the Thwaites Glacier in 2002.",['0_0_0']
"The heat budget indicates that the simulated global OHC700 increase since 1971 was largely driven by an increased downward longwave radiative heat flux, consistent with the thermodynamic effects of increased anthropogenic greenhouse gases in the atmosphere. This flux has accelerated in the most recent decade (that is, 2003-2012) and is damped by both an increased upward longwave radiative heat flux and latent heat flux.",['0_0_0']
"The melting spread quickly. Melt maps derived from the three satellites showed that on July 8, about 40 percent of the ice sheet's surface had melted. By July 12, 97 percent had melted.",['0_0_0']
"Humans cause numerous other radiative forcings, both positive (e.g. other greenhouse gases) and negative (e.g. sulfate aerosols which block sunlight). Fortunately, the negative and positive forcings are roughly equal and cancel each other out, and the natural forcings over the past half century have also been approximately zero ( Meehl 2004 ), so the radiative forcing from CO2 alone gives us a good estimate as to how much we expect to see the Earth's surface temperature change .",['0_0_0']
"Implications for Future Changes: There is a strong historical relationship between tropical Atlantic SST and tropical cyclone activity extending back through the late nineteenth century. There is no apparent role of the AMO. The underlying factors appear to be the influence of (primarily anthropogenic) forced large-scale warming, and an offsetting regional cooling overprint due to late twentieth century anthropogenic tropospheric aerosol forcing. These findings have implications for potential impacts of various alternative possible future anthropogenic forcing scenarios on Atlantic tropical cyclone trends.",['0_0_0']
"Over the past millennium, late-20th century snowpack reductions are almost unprecedented in magnitude across the northern Rocky Mountains, and in their north-south synchrony across the cordillera.",['0_0_0']
All the physical indicators are consistent with a warming world. There is no doubt the trend of temperature is upwards since the early 20th century. And that trend is accelerating.,['0_0_0']
"When you look at the possibility of natural unforced variability, you see that can cause excursions that we've seen recently",['2_1_0']
"Using airborne radars flown during NASAs Operation IceBridge, Koenig and her colleagues were surprised to see the signature of liquid water under snow. They now report these buried lakes are common and extensive on the western margins of the Greenland Ice Sheet. The volume of water retained in buried lakes is small compared with the total mass of water melting from the ice sheet every year, but the lakes can warm the ice and prime the system for melt in spring and summer.",['0_0_0']
"The future persistence of low-lying reef islands has been the subject of considerable international concern and scientific debate. Current rates of sea level rise are widely believed to have destabilised islands promoting widespread erosion and threatening the existence of atoll nations. This study presents analysis of the physical change in 27 atoll islands located in the central Pacific Ocean over the past 20 to 60 years, a period over which instrumental records indicate an increase in sea level of the order of 2.0 mm y-1.",['0_0_0']
"The impacts of climate change may affect the security of nations. Reduced availability of water, food, and land can lead to competition and conflict among humans, potentially resulting in large groups of climate refugees.",['0_0_0']
"As we pointed out originally, it is the absorbed solar energy that causes the warming. This absorbed energy, in equilibrium, is balanced by an equal emission of IR energy. When more of the emitted IR from the surface is absorbed by the addition of greenhouse gases in the atmosphere, and some of this additionally absorbed IR is re-emitted downward towards the ground, the ground cools more slowly, and thus is warmer than it was before the addition of the greenhouse gas.",['0_0_0']
"The IR thermometer was measuring different strengths of the greenhouse effect, by definition the warming of a surface by downward IR emission by greenhouse gases in the sky. This reduces the rate of cooling of the Earth's surface (and lower atmosphere) to space, and makes the surface warmer than it otherwise would be.",['0_0_0']
Overall climate change is leading to more frequent extreme events. Extremes with respect to temperatures. That means in Germany we will get temperatures well over 40C and at times almost 50C. We will get extremely hot nights. We will get droughts that will be interrupted by horrendous rains,['0_0_0']
New Zealand emits just 0.11% of global emissions. Im going to write it BIG so people can see it.,['4_2_3']
"The Arctic seems to be warming up. Reports from fishermen, seal hunters, and explorers who sail the seas about Spitsbergen and the eastern Arctic, all point to a radical change in climatic conditions, and hitherto unheard-of high temperatures in that part of the earths surface.",['0_0_0']
"We seem to have to revise upward predictions of how much climate can regionally vary, suggests Thomas Laepple, based on his findings. Given the huge amount of greenhouse gases released into the atmosphere, we can be sure that it is getting warmer globally. But the range of changes we are headed for could well be larger than we have generally expected. This has to do with the fact that the natural variations in combination with the warming trend always point in both directions: over a period of decades or a hundred years temperatures in a particular region may rise to a lesser or greater degree than present-day climate models generally forecast.",['0_0_0']
MSNBC host Chris Hayes : The scientific consensus is that human civilization cannot survive in any recognizable form a temperature increase this century more than 2 degrees Celsius.,['0_0_0']
"This is a key here. When this discovery was made, the Congressional  Research Service--nobody has denied this. That was less than a year ago  when they said America has the largest recoverable resources of oil,  gas, and coal in the world. That means we could be totally self- sufficient. All we have to do is develop our own resources.","['7_1_0,', '7_3_0']"
Mann claimshis 'climate scientist colleague Andrew Weaver' found that 'extracting and burning all of the Keystone-targeted oil would likely result in approximately 0.4C of additional warming.' That increment combined with past warming and warming already in the pipeline would nearly equal the 2C of warming above pre-industrial levels that many scientists regard as the threshold of dangerous anthropogenic interference in the climate system.,['0_0_0']
"What the data is telling us, Hayhoe said, is that climate change is altering the risk of many weather extremes, flooding chief among them.",['0_0_0']
Polar bears survive mainly on a diet of seals that they hunt on the sea ice - but increased melting in the summer reduces seal numbers and as a result the bears struggle to find a meal.,['0_0_0']
"The researchers calculated results for low and high greenhouse gas emissions scenarios. In both cases, results suggest more fire seasons that are longer and stronger across all regions of the U.S. in the next 30-50 years. Specifically, high fire years like 2012 would likely occur two to four times per decade by mid-century, instead of once per decade under current climate conditions.",['0_0_0']
"Dr. Pocklington, an oceanographer with almost 30 years experience monitoring climatic trends in the North Atlantic, showed that the North Atlantic has been cooling since the late 1950s. He added that, ""there is no evidence that this region has warmed dramatically during the 1990s, supposedly containing the warmest years in history.""",['1_5_0']
"A lot of people realize and recognize that fossil fuels are necessary to run this machine called America. Right now, 53 percent of our energy is generated from coal. Coal is necessary. We have clean coal technology, and the releases are much less than they used to be. Oil and gas are both fossil fuels. It is necessary. You cannot run this machine called America without them.","['7_3_0,', '7_2_3']"
"To better understand the impact climate change and specifically, increasing ocean acidity has on this endangered species, UBC researchers exposed northern abalone larvae to water containing increased levels of CO2. Increases from 400 to 1,800 parts per million killed 40 per cent of larvae, decreased the size of larvae that did survive, and increased the rate of shell abnormalities.",['0_0_0']
"I am satisfied that the methodology applied by NIWA was in accordance with internationally recognised and credible scientific methodology,' Justice Venning says.",['0_0_0']
We have been lied to about climate change.,['6_2_0']
"An important benefit of renewable energy, Mr Berold says, is the relatively short time taken to establish a solar or wind farm as little as 18 months which has made it a priority in the race to build new capacity.",['0_0_0']
"Since Jan. 1, the United States has set more than 40,000 hot temperature records, but fewer than 6,000 cold temperature records, according to the National Oceanic and Atmospheric Administration. Through most of last century, the U.S. used to set cold and hot records evenly, but in the first decade of this century America set two hot records for every cold one, said Jerry Meehl, a climate extreme expert at the National Center for Atmospheric Research. This year the ratio is about 7 hot to 1 cold. Some computer models say that ratio will hit 20-to-1 by midcentury, Meehl said.",['0_0_0']
"Climate change could be causing more than higher temperaturesit may also be helping to fuel a rise in Malaria in East AfricaEarlier research had suggested the upsurge was due to drug resistance and population growth, and not global warming. But scientists in the United States and Britain say it may not be just a coincidence that the rise in malaria parallels East African warming trends.",['0_0_0']
"But in reality, ""subsidized ethanol production gravely"" harms the environment, ""and also causes"" starvation, high food prices, and rioting.","['4_1_3,', '4_1_1']"
"The Queensland floods were cited by the organisation, along with those in Pakistan and the Russian heatwave, as among a high number of extreme weather events across the world in 2010.",['0_0_0']
"According to the National Climate Assessment, a report released by the White House in May 2014, winter storms and hurricanes have both increased in frequency and intensity since the 1980s. Tropical cyclones (hurricanes and tropical storms) killed nearly 170,000 people from 2001 to 2010 alone.",['0_0_0']
"For the record, and for the umpteenth time, there is no great amount of uncertainty about whether the planet is warming or why. A new study looked at nearly 12,000 recently published papers by climate scientists and found that of those taking a position on the question, 97 percent agreed that humans are causing atmospheric warming by burning fossil fuels, which releases carbon dioxide and other greenhouse gases.",['0_0_0']
"In his paper, Hansen notes that globally, since the 1950s, the average temperature has increased by about a standard deviation, and as expected, the occurrence of extreme (greater than 3 standard deviations above the old mean) temperatures has increased considerably.",['0_0_0']
"As the world's climate becomes warmer due to increased greenhouse gases in the atmosphere, sea levels are expected to rise by up to three feet by the end of this century.",['0_0_0']
Stories citing experts or the latest studies promoting alarmism get covered more than 8 times as often as critical experts and studies.,['6_1_2']
The first big-picture review of the worlds oceans shows human activity is driving changes at a rate not seen for millions of years . Many species are threatened and increases in disease are predicted.,['0_0_0']
The records show that changes in global temperature do not always follow changes in atmospheric CO2 levels.,['2_3_3']
Especially important for us here in Germany was a study on North Sea sea level. Scientists at the University of Siegen showed what consequences climate change is already having on our own coastlines. The evaluation of the data from 13 gauge stations over the last one and a half centuries confirm a sea level rise and an acceleration over the last few decades.,['0_0_0']
"Until the voters say enough-is-enough, the infliction of more costs by our elected official and environmentalists onto the suppliers, that are paid by the users, will continue into perpetuity.",['4_1_1']
"We used to think the rate of acceleration of sea level rise in the last 25 years was only a little worse compared to the past now that we know the rate used to be much slower, we know that its much worse, ThinkProgress writes.",['0_0_0']
A new study in the Journal of Climate Science warns that decades long drought may become the norm for the southwestern United States.,['0_0_0']
"Examination of several proxy records (e.g., sediment cores) of sea ice indicateice-free or near ice-free summer conditions for at least some time during the period of 15,000 to 5,000 years ago.",['2_1_4']
"The ice in the Arctic Ocean is at near historic lows, and breaks records every couple of years due to human-caused global warming, the scientists at NSIDC say.",['0_0_0']
"4. In Ecological and Evolutionary Responses to Recent Climate Change cited by the AAAS, Parmesan relayed the story of another climate disruption, In the most-extreme cases, the southern edge [of a butterflys range] contracted concurrent with northern edge expansion. For example, the sooty copper (Heodes tityrus) was common in the Montseny region of central Catalonia in the 1920s, but modern sightings are only from the Pyrenees, 50 km to the north. Symmetrically, H. tityrus entered Estonia for the first time in 1998, by 1999 had established several successful breeding populations.",['0_0_0']
"I even started out in college in nuclear engineering, then 3 Mile Island happened and I saw the handwriting on the wall. Nuclear fission , which is what we use now, creates all sorts of radioactive isotopes as byproducts of the fission , and they remain radioactive for thousands of years, making disposal/storage a problem.",['0_0_0']
"2. The base of the West Antarctic ice sheet is mostly 1,000 m (3,300 ft) below sea level, so warm ocean water can cause melting of basal ice at the terminus, resulting in calving and rapid retreat of the ice terminus. As the terminus enters deeper water, it can retreat much faster.",['0_0_0']
"A poll due for release on Wednesday shows that a large majority of Americans believe that this years unusually warm winter, last years blistering summer and some other weather disasters were probably made worse by global warming. And by a 2-to-1 margin, the public says the weather has been getting worse, rather than better, in recent years.",['0_0_0']
AIR temperatures above the entire frozen continent of Antarctica have risen three times faster than the rest of the world during the past 30 years.,['0_0_0']
"Barton sent samples to OSU and the National Oceanic and Atmospheric Administrations Pacific Marine Environmental Laboratory for analysis. Their ensuing study clearly linked the production failures to the CO2 levels in the water in which the larval oysters are spawned and spend the first 24 hours of their lives, the critical time when they develop from fertilized eggs to swimming larvae, and build their initial shells.",['0_0_0']
"Disaster losses in many low- and middle-income countries are likely to rise faster than economic growth unless governments change their economic policy to take account of increasing disaster risk, warns a new guide from climate experts.",['0_0_0']
Arctic ocean may be ice-free at the end of each summer from 2015 onwards. Wadhams says that accelerating climate change in the Arctic has forced him to abandon his scepticism about geoengineering. One has to consider doing something.,['0_0_0']
"The melting of ice and reduction in snow cover can be traced to local environmental conditions, not necessarily to climate change",['1_1_0']
"The Antarctic ice sheet has been losing ice during the last two decades (high confidence). There is very high confidence that these losses are mainly from the northern Antarctic Peninsula and the Amundsen Sea sector of West Antarctica, and high confidence that they result from the acceleration of outlet glaciers. {4.4.2, 4.4.3, Figures 4.14, 4.16, 4.17}'",['0_0_0']
"The United States is experiencing the hottest year on record. Most of the countrys warmest years have come in the past decade. Worldwide, the 13 warmest years on record (record keeping began in the 1880s) have come in the past 15 years.",['0_0_0']
"An Arctic Ocean that is ice-free in summer is inevitable, he said. Any recovery made by the ice sheet, he said, wouldnt last more than a couple of years in the best case scenario. By the summer of 2030, he says, the Arctic will be completely ice free for a few weeks at a time.",['0_0_0']
"When water temperatures get too hot, the tiny algae that provides coral with its colour and major food source is expelled. This phenomenon, called coral bleaching, can lead to the death of corals.",['0_0_0']
"At the same time as the surface is cooling, the deeper ocean is warming, which has already accelerated the decline of glaciers on Pine Island and Totten. It appears global warming is replicating conditions that, in the past, triggered significant shifts in the stability of the Antarctic ice sheet.",['0_0_0']
"The collapse of the Larsen B Ice Shelf seems to have been caused by a series of warm summers on the Antarctic Peninsula, which happen during what in the Northern Hemisphere are winter months. Those trends built up to a particularly warm summer in 2002, according to NASA.",['0_0_0']
The science that predicts the extent of Anthropogenic Global Warming (AGW) is not settled science.,['5_1_0']
"Despite the hype, many green jobs end up being temporary or lower-paying, failing to deliver the promised economic boost for workers and communities.",['4_2_1']
"Exploiting these underground resources, though, will mean a lot of noisy, water-intensive and potentially harmful fracking, or hydraulic fracturing, the process of shooting chemical solutions mixed with sand into the shale to prize it open and release the gas. Its a controversial practice: Concern about ill effects such as groundwater contamination has led to a ban on fracking in countries such as France and Bulgaria and in the state of Vermont.",['0_0_0']
"The amount of solar energy being produced today is far greater than many people think, particularly in California, the U.S. state with the most installed solar units. Here is a plot of the renewable energy output for California yesterday (April 16, 2015). Solar energy is the dominant source of renewable energy during the daytime hours.",['0_0_0']
"Unless there is a shift away from some of the fossil fuel energy now used for electricity generation and transportation, Birol said, the world is perfectly on track for a six-degree Celsius increase in temperature.",['0_0_0']
"While the sheer size of the newest turbines are the most noticeable advancement, Hornung said every aspect of the technology has been improving, including rotor shape, the use of carbon fibre for lighter blades, and the ability to rotate the blades automatically to capture as much wind as possible.",['0_0_0']
"When the snow melts, it exposes dark land below it, further accelerating regional warming. Black carbon in snow causes about three times the temperature change as carbon dioxide in the atmosphere, Zender says. The climate is more responsive to this than to anything else we know.",['2_2_0']
Temperatures are again forecast to exceed 40 degrees Celsius in some parts of the State today.,['0_0_0']
"UMass Amherst's Bradley adds that without substantially better information, there is a risk of underestimating the severity of a number of problems, including water shortages and the possible extinction of some alpine flora and fauna.",['0_0_0']
"A 0.3oC global temperature increase towards the end of the 21st century from a doubling of current carbon dioxide concentration is not obviously dangerous. However, what also needs to be taken into account is the positive feedback. A warming of the surface temperature will cause a warming of the overlying atmosphere, an increase in the water vapour concentration (another naturally occurring greenhouse gas), a further increase in back radiation, and an incremental increase in surface temperature. Each successive incremental surface temperature increase will cause another incremental temperature increase through the positive feedback amplification.",['0_0_0']
"If current trends continue, atmospheric carbon dioxide could increase to more than 80 per cent above pre-industrial levels by 2050.",['0_0_0']
We expect fewer cold and more warm days and nights in most regions of the world.,['0_0_0']
"Natural gas drillers exploit government loopholes, ignore decades-old environmental protections, and disregard the health of entire communities. 'Fracking,' a violent process that dislodges gas deposits from shale rock formations, is known to contaminate drinking water, pollute the air, and cause earthquakes. If drillers cant extract natural gas without destroying landscapes and endangering the health of families, then we should not drill for natural gas.",['0_0_0']
"Climate Change is a term used to describe changes in weather pattern around the world in recent years against what had been many years back. This is said to be caused by global warming, an increase in the average temperature of the Earth due to natural and anthropogenic activities.",['0_0_0']
Scientists say it is too late to stop climate change. Greenhouse gas emissions are expected to heat the planet’s surface by another three or four degrees by 2100,['4_3_2']
"The atoll disappears. Might take five years or fifty, but if the reef dies, the atoll disappears.",['0_0_0']
"In the first part of your question, you suggest that a lack of understanding of earlier warming periods is a given, and that this casts doubt on our understanding of current warming. From this perspective, it might seem reasonable to assume that because previous change was natural, the current change must be too. Many natural explanations for the current observed warming have been suggested:'it's just natural variability,' 'it's the sun,' 'it's cosmic rays,' etc. However, these have all been investigated and evidence is simply lacking.",['0_0_0']
"If temperatures continue to warm in the 21st century, as many climate scientists project, the number of Katrina-strength hurricanes could at least double, and possibly rise much more, with every 1.8 degree F (1 degree C) rise in global temperatures, the researchers said . ( source )",['0_0_0']
"Lead author Robert Mawdsley, postgraduate research student in Ocean and Earth Science, says: 'We find that at many sites around the world significant changes in tidal levels have already occurred, and at some sites the magnitude of the changes are comparable with the increase in global mean sea level through the 20th century.",['0_0_0']
"We expected that we would estimate the individual contributions, and that their sum would get us back to the 1.5 to 1.8 mm per year that other people had predicted, Hay said. But the math doesnt work out that way. Unfortunately, our new lower rate of sea-level rise prior to 1990 means that the sea-level acceleration that resulted in higher rates over the last 20 years is really much larger than anyone thought.",['0_0_0']
"More importantly, climate models suffer from the limitations of current scientific understanding of the forces that determine weather patterns and climate change. Climate modelers cannot avoid making assumptions about the operation and effects of such key variables as water vapor, clouds, ocean-atmosphere interaction, solar cycles, ocean currents, and the natural carbon cycle. Those assumptions are fraught with uncertainties and may be little better than educated guesses. It is not surprising, therefore, that the models have been notoriously poor at replicating current and past climate.",['5_4_0']
"[SLIDE 8] And the fact is that the earth is getting hotter. This is the global average surface temperature land-and-ocean combined index with an arbitrary zero, and what you see there is that 2005 remains the hottest year on record although 2010 may be on a course to surpass it; 2009 the second and so on through the list. The fifteen hottest years have all occurred since 1990.",['0_0_0']
"Continued rapid loss of ice will be an important driver of major change in the world's climate system in the coming years, he said at an Olso meeting of scientists reviewing research from the two-year International Polar Year 2007-2008.",['0_0_0']
"The team, led by earth scientists at Ohio State University, pinpointed a period in 2010 when high temperatures caused the natural ice flow out to sea to suddenly accelerate, and 100 billion tons of ice melted away from the continent in only 6 months.",['0_0_0']
"But for some parts of the United States, some researchers add, the dryness encouraged by this natural climate cycle appears to be reinforcing a longer-term drying that is consistent with climate models gauging the effects of global warming. For the West in particular, conditions may be setting up for what researchers call a megadrought by the end of the century.",['0_0_0']
The only period in 600 million years when CO2 levels were equal to the present was over 300 million years ago. Since that time CO2 levels averaged 1000 to 1200 ppm or 3 to 4 times current levels. How did the plant and animal life survive those levels? It makes a mockery of the claim that even a doubling of atmospheric CO2 is a problem.,"['2_3_6_1,', '3_2_0']"
"Mr Stocker added: Heatwaves are very likely to occur more frequently and last longer. As the Earth warms, we expect to see currently wet regions receiving more rainfall, and dry regions receiving less, although there will be exceptions.",['0_0_0']
"A study published in Science reconstructs global temperatures further back than ever before a full 11,300 years. The new analysis finds that the only problem with Manns hockey stick was that its handle was about 9,000 years too short. The rate of warming over the last 100 yearshasntbeen seen for as far back as the advent of agriculture .",['0_0_0']
"WILLIAM COLLINS: What man has been doing is enhancing the greenhouse effect by taking carbon dioxide that was formed over the last half-a-billion years and releasing that carbon dioxide, which is a greenhouse gas, back into the Earth's atmosphere.",['0_0_0']
"But, we have this graph charting the rise and fall of arctic sea ice for the last 365 days, notice that the arctic sea ice is right back where it started at in February 2007.",['1_1_3']
"in a different way or would not have occurred at all in the absence of climate change. For example, the likelihood of the 2003 European heatwave occurring was probably substantially increased by rising global temperatures.",['0_0_0']
"The primary forcing used in our model is basically the same as that used in the new CMIP5 experiments, the largest components of which are anthropogenic greenhouse gases and aerosols, and volcanic aerosols. Using these traditional forcings alone in our 1D model gives a climate sensitivity in the range of what the IPCC models produce.",['0_0_0']
"And this can have important consequences for Antarctica's diminishing ice sheet. 'There is a need to understand how the flow of ice within Antarctica's ice sheet responds to warming and gain insight in atmospheric processes, cloud formation and snowfall,' adds Nicole Van Lipzig, co-author of the study and professor of geography at KU Leuven.",['0_0_0']
"Worstall: This isnt a criticism of carbon markets Its a validation... AFP: Climate change gathers steam, say scientists PARIS (AFP) Earth's climate appears to be changing more quickly and deeply than a benchmark UN report for policymakers predicted, top scientists said ahead of international climate talks starting Monday in Poland. Evidence published since the Intergovernmental Panel for Climate Change's (IPCC) February 2007 report suggests that future global warming may be driven not just by things over which humans have a degree of control , such as burning fossil fuels or destroying forest, a half-dozen climate experts told AFP. Even without additional drivers, the IPCC has warned that current rates of greenhouse gas emissions, if unchecked, would unleash devastating droughts, floods and huge increases in human misery by century's end. But the new studies, they say, indicate that human activity may be triggering powerful natural forces that would be nearly impossible to reverse and that could push temperatures up even further. At the top of the list for virtually all of the scientists canvassed was the rapid melting of the Arctic ice cap. ""In the last couple of years, Arctic Sea ice is at an all-time low in summer, which has got a lot of people very, very concerned,"" commented Robert Watson, Chief Scientific Advisor for Britain's department for environmental affairs and chairman of the IPCC's previous assessment in 2001. ""This has implication's for Earth's climate because it can clearly lead to a positive feedback effect ,"" he said in an interview. When the reflective ice surface retreats, the Sun's radiation -- heat -- is absorbed by open water rather than bounced back into the atmosphere, creating a vicious circle of heating.",['0_0_0']
"Carbon dioxide, once emitted into the atmosphere, remains there for centuries. If temperatures rise and predicted meteorological dominos begin to fall, subsequent efforts to reduce emissions will not offer relief.",['4_3_2']
"Try and picture a very thin layer of gases a quarter-inch, half an inch, somewhere in that vicinity thats how thick it is. Its in our atmosphere. Its way up there at the edge of the atmosphere. And for millions of years literally millions of years we know that layer has acted like a thermal blanket for the planet trapping the suns heat and warming the surface of the Earth to the ideal, life-sustaining temperature. Average temperature of the Earth has been about 57 degrees Fahrenheit, which keeps life going. Life itself on Earth exists because of the so-called greenhouse effect. But in modern times, as human beings have emitted gases into the air that come from all the things we do, that blanket has grown thicker and it traps more and more heat beneath it, raising the temperature of the planet. Its called the greenhouse effect because it works exactly like a greenhouse in which you grow a lot of the fruit that you eat here.",['0_0_0']
"Indeed the IPCC and CSIRO try to alarm the world with stories of drowning of low islands, like Tuvalu. But detailed mapping has shown that Tuvalu, and many other coral islands, have actually grown over the past 20 years.","['1_6_0,', '6_1_3']"
The impacts of extreme heat are often overplayed while the impacts of adaptation to the heat are underplayed. And a new paper has just been published in the journal Environmental Health Perspectives that finds that the risk of dying from heat waves in the U.S. has been on the decline for the past several decades.,['3_6_0']
"Average global temperatures would rise by one-half a degree to one degree Fahrenheit from 1990 to 2000 if current trends are unchanged, according to Dr. Hansens findings. Dr. Hansen said the global temperature would rise by another 2 to 4 degrees in the following decade.",['0_0_0']
"Increasingly, we are hearing in the media that the January-February south east Australian heatwave and disastrous bushfires in Victoria that have killed over 200 people are the result of climate change or global warming .",['0_0_0']
The basic claim of the anthropogenic global warming theory is that rising carbon dioxide levels increase the retained energy and thus causes the surface of the Earth to warm. A further claim is that this warming in turn causes water vapour concentrations in the atmosphere to rise causing even more energy retention in a positive feedback loop.,['0_0_0']
CO2-induced Greening of the Earth: Benefiting the Biosphere While Lifting the Poor out of Poverty.,['3_3_1']
"Moreover, there is good research suggesting that conflict in Dafur had nothing to do with climate change.",['3_5_0']
"The accuracy of the surface temperature record can be independently validated against satellite records. Over the period from 1979 to present where satellite lower-tropospheric temperature data is available, satellite and surface temperatures track quite well.",['0_0_0']
"The CRU emails show how science has been perverted into a political movement, and how scientists conspired to serve a ""post-normal"" agenda where truth is trampled exactly as the proponents of ""post-normal"" science had anticipated.",['6_2_0']
"We may not be able to do anything about the weather or climate. But we can, and must, implement policies that ensure we have the technology, money, jobs and energy to adapt to whatever climate and weather changes might come.",['4_2_11']
"However, the main gases of the atmosphere are oxygen and nitrogen, non-greenhouse gases, and they are also excellent insulators against the conduction of heat (like a blanket); adding additional trace amounts of carbon dioxide will have no appreciable impact on the insulating properties of the atmosphere.",['2_3_1']
"A group of researchers led by Purdue University scientists believes sweet and biomass sorghum would meet the need for next-generation biofuels to be environmentally sustainable, easily adopted by producers and take advantage of existing agricultural infrastructure.",['0_0_0']
If manmade global climate change is something worth fretting over -- and it's not at all clear that it is -- the aerosol study opens up the possibility for an entirely new hypothesis for global warming with aerosols as the culprit.,"['2_2_0,', '5_1_0']"
"So, while the boom in natural gas has caused it to be cheaper, the effects of natural gas can leave those of us concerned about the environment and the future of energy ambivalent. On the one hand, natural gas is thought of as being the bridge to renewable energy, but at the same time it may actually be halting the development of many renewable energy sources that have higher initial costs. Likewise, while natural gas as fuel is much cleaner than gasoline or diesel, the process of acquiring the gas by fracking is damaging to the environment and may have repercussions we arent even aware of yet.",['0_0_0']
"The research is suggesting that, in a warmer world, we'll get more intense cyclones because there'll be more energy in the oceans and also the atmosphere,' he said.",['0_0_0']
"According to the authors, ""all regions showed more annual cold related mortality than heat related mortality.""  In fact, over the seven regions studied, annual cold related deaths were nearly  ten times greater than annual heat related deaths.",['3_6_0']
The scenarios discussed by scientists see a further warming of 1.4 to 5.8 C on average by the end of the century . In Germany there will be no longer frost or snow by then; in hot climate zones there will be desolation.,['0_0_0']
Kerry said the cost of inaction will far outweigh the significant expense of reducing greenhouse gas emissions that trap solar heat in the atmosphere and contribute to the Earths rising temperatures.,['0_0_0']
"Phytoplankton play a key role in the transport of carbon from the atmosphere to the ocean. However, in the future this transport may be interrupted. Some have postulated, for example, that ""in a warmer acidified ocean, phytoplankton may be exposed to a shallower mixing depth and hence a higher average light dose"" (Garc?_a-G?_mez et al ., 2014), which increase in irradiance is further postulated to negatively impact marine photosynthesis and slow the transport of carbon into the ocean. Under such circumstances, it would be expected that more CO 2 will remain in the atmosphere, acting as a positive feedback to amplify CO 2 -induced global warming.",['0_0_0']
"Sixty percent of Protestant pastors disagree that global warming is real and manmade, and 41 percent of them strongly disagree, a new survey says.","['1_0_0,', '2_1_0']"
"As even EPA  admits, applying the Act literally (i.e. lawfully, statutorily) to CO2 leads to absurd results. For example, EPA and its state counterparts would have to process an estimated 41,000 pre-construction permits annually (instead of 280) and 6.1 million operating permits annually (instead of 14,700). Such workloads vastly exceed agencies administrative resources.","['4_1_4,', '4_2_0']"
He said that 50 per cent of the 10 years after 2011 will be warmer than 1998. After that any year cooler than 1998 will be considered unusual.,['0_0_0']
"What I think is absurd, what I disagree with very strongly, is the idea that climate is predictable, that we can do things 100 years in advance knowing what's going to happen.",['5_4_0']
Permafrost and ice changes are complex processes -- climate change isn’t the main factor impacting these processes.,['1_1_0']
"Not so long ago, the United Nations Intergovernmental Panel on Climate Change, IPCC, released a report about how it is now hotter, and that there is a 95% chance this has been caused by human activity.",['0_0_0']
Let the market decide how to generate more power efficiently.,['4_2_8']
"Wen asserts greenhouse gases already in the atmosphere will continue to affect China's climate for years to come, regardless of mitigation measures taken to reduce future emissions. 'As a result, we expect warming in China will continue into the future, and consequently warming in extreme temperatures will also continue,' Wen said. 'This will have huge implications for China, as heat waves and drought have already become more and more of an issue in our country. We would expect more hardship for dry-land farming as water supply is already stressed, higher demand on energy for cooling, and increasing heat-induced health issues.'",['0_0_0']
"It is now apparent that the Kyoto Protocol is a dead end. The reality is that, since Kyoto was agreed in December 1997, greenhouse gas emissions have continued to increase in every nation that undertook commitments to reduce emissions.",['4_2_0']
"Overall, it concludes, the pause does not materially alter the risks of substantial warming of the Earth by the end of this century.",['0_0_0']
"Adaptation Issues and Prospects: Evidence of rapid evolution by corals is very limited. Some corals may migrate to higher latitudes, but entire reef systems are not expected to be able to track the high rates of temperature shifts. Human adaptation options are limited to reducing other stresses, mainly by enhancing water quality, and limiting pressures from tourism and fishing. These options will delay human impacts of climate change by a few decades, but their efficacy will be severely reduced as thermal stress increases.",['0_0_0']
"Cambioclimaticio: Sorry Maurizio, the Alpine glaciers have retreated in view of an eye, as well as the glaciers of the other mountain ranges.",['0_0_0']
11. Global temperature.. has risen from near the coldest to the warmest levels of the Holocene within the past century .,['0_0_0']
"A large (~1023J) multi-decadal globally averaged warming signal in the upper 300m of the worlds oceans was reported roughly a decade ago and is attributed to warming associated with anthropogenic greenhouse gases. The majority of the Earths total energy uptake during recent decades has occurred in the upper ocean, but the underlying uncertainties in ocean warming are unclear, limiting our ability to assess closure of sea-level budgets, the global radiation imbalance and climate models. For example, several teams have recently produced different multi-year estimates of the annually averaged global integral of upper-ocean heat content anomalies (hereafter OHCAcurves) or, equivalently, the thermostericsea-level rise. Patterns of interannualvariability, in particular, differ among methods. Here we examine several sources of uncertainty that contribute to differences among OHCAcurves from 1993 to 2008, focusing on the difficulties of correcting biases in expendable bathythermograph(XBT) data. XBTdata constitute the majority of the in situ measurements of upper-ocean heat content from 1967 to 2002, and we find that the uncertainty due to choice of XBTbias correction dominates among-method variability in OHCAcurves during our 19932008 study period. Accounting for multiple sources of uncertainty, a composite of several OHCAcurves using different XBT bias corrections still yields a statistically significant linear warming trend for 19932008 of 0.64Wm-2 (calculated for the Earths entire surface area), with a 90-per-cent confidence interval of 0.530.75Wm-2.",['0_0_0']
"As long as these subsidies and tax credits exist, clean-energy executives will likely spend most of their time pursuing advanced legal and accounting methods rather than investing in studies, innovation, new transmission technology and turbine development.",['4_2_6']
"And thats very problematic because of course carbon dioxide not only acidifies sea water, but its increasing the temperature of the atmosphere. Those two things combined are a double whammy, he said.",['0_0_0']
"In Senate testimony during the summer of 1988, a NASA scientist testified that his GISS climate model's predicted temperatures will accelerate to much higher levels if the world's governments did nothing about reducing CO2 emissions. In reality, as the temperature data above shows, actual temperatures in 2009 were about the same as in 1988, some twenty years later.","['5_4_0,', '1_4_0']"
One might conclude that a lot of different and contradicting assumptions go into the simulations of Earths climate. There certainly is little agreement among modeling groups about how sunlight impacted the energy imbalance in the past or might impact it in the future.,['5_4_0']
"As of the latest readings posted at the National Snow and Ice Data Center on June 1, it looks for the moment like the melt-backs pace is flirting with the 2007 record.",['0_0_0']
"Though the sunspots are affecting the radiation received from the sun, they are not the only thing affecting our climate. Much closer to home, there are thousands of volcanos and volcanic vents spewing volcanic ash and gases into the atmosphere.","['2_1_1,', '2_1_2']"
"In fact, there is strong evidence that changes in surface temperatures, what we call our climate is tied quite strongly to Carbon Dioxide concentrations (CO2), and this goes back many, many thousands of years. See, for example,",['0_0_0']
"Theres a lot in the news about the plight of polar bears, but musk ox may be similarly at risk",['0_0_0']
"As ocean water warms, it expands and drives sea levels higher, Patzert said. Currently, oceans are rising at an average of more than 3 millimeters, or 0.12 of an inch, per year. This pace is significantly faster than the average rate over the last several thousand years, scientists say.",['0_0_0']
"POGO-affiliated scientists at the UK-based Sir Alister Hardy Foundation for Ocean Science recently published a world atlas charting the distribution of the subset of plankton species that grow shells at some point in their life cycles. Not only are these shelled plankton fundamental to the oceans food web, they also play a major role in planetary climate regulation and oxygen production. Highly acidic sea water inhibits the growth of plankton shells.",['0_0_0']
"He said that last year atmospheric CO2 passed the 400 parts per million level (to which I wanted to shout out, the more CO2 the greener the planet). He said we are warming and will continue warming. He said we have warmed a little less than one degree Celsius but if we dont change course we will warm 4 or 5 degrees Celsius in the near future. He said the ocean was warming, the poles were melting and the sea levels were rising.",['3_3_1']
"When the collective information from all of these independent sources of information is combined, climate scientists indeed find evidence for a climate sensitivity that is very close to the canonical 3C estimate. That estimate still remains the scientific consensus, and current generation climate models which tend to cluster in their climate sensitivity values around this estimate remain our best tools for projecting future climate change and its potential impacts.",['0_0_0']
"The authors calculated a net warming value of around 0.5 C since the 1950s, which is very close to the actual temperature rise of 0.55 C observed over that period. Changes in solar radiation a hypothesis for global warming proffered by many climate sceptics contributed no more than around 0.07 C to the recent warming, the study finds.",['0_0_0']
I chose the title largely in reaction to the sanctimonious tone employed by so many of those who advocate substantial and and costly responses to what they see as irrefutable evidence that the worlds climate faces catastrophe. To them the cause has become a substitute religion.,['6_1_1']
But he said global atmospheric warming of about 0.75C over the past half century had to be having some impact.,['0_0_0']
"THE Arctic ice cap has melted so much that open water is now just 350 miles from the North Pole, the shortest distance recorded, scientists say .",['0_0_0']
It comes after officials for the panel were forced earlier this month to retract inaccurate claims in the IPCC's report about the melting of Himalayan glaciers.,['5_0_0']
"I've searched sea surface temperature records for more than 4 years, and I can find no evidence of an anthropogenic greenhouse gas signal. That is, the warming of the global oceans has been caused by Mother Nature, not anthropogenic greenhouse gases.",['2_1_3']
"We can see the frightening effects of the Arctics rising temperatures in the quick and devastating melt of the regions sea ice. In 2008, Arctic summer sea ice reached the second-lowest extent recorded since the dawn of the satellite era and winter sea ice reached its lowest recorded extent in 2011. Now climate scientists say the Arctic could be completely ice free in the summer by 2012.",['0_0_0']
"Models use systems of differential equations based on the laws of physics, fluid motion, and chemistry, and use a coordinate system which divides the planet into a 3D grid. Winds, heat transfer, radiation, relative humidity, and surface hydrology are calculated within each grid and evaluate interactions with neighboring points. (Photo credit: Wikipedia)",['0_0_0']
Global warming is still real. These colder temperatures just mean it could be a lot colder without global warming. We still must fight global warming because these colder temperatures will not last. We must still significantly reduce our carbon footprint.,['0_0_0']
"If CO2 plays this role it is surprising that climatic proxies indicate that Antarctica seems to have warmed prior to the Northern Hemisphere, yet glacial cycles follow in phase with Northern insolation.","['2_3_4,', '2_3_1']"
This sequestration of CO2 by living things is far more important than trivial additions to the atmosphere caused by human activity.,['2_3_6']
"The researchers found that long-term warming resulted in loss of native species and encroachment of species typical of warmer environments, pushing the plant community toward less productive species.",['0_0_0']
"It was supposed to be the next big thing. At the turn of the century, green jobs were supposed to be the wave of the future. How is that going for them? According to the best numbers from the Bureau of Labor Statistics, fewer than 2,500 green jobs have been created in California since 2010.",['4_2_1']
"Barycentric' influence of the planets on the sun is just statistically insignificant, and a previous paper that claims to find a signal in isotopic records is proven to be nothing more than a statistical artifact.",['0_0_0']
"Next here are three proxies all with t-values in the seemingly uninformative 0.6-0.65 range: an Argentine tree ring series, a French tree ring series and a Greenland dO!8 series (the last one being used over and over again in these studies.) At very low confidence intervals, each of these ""proxies"" yields only very wide ""confidence"" intervals, none of which actually overlap the observed value.",['5_2_0']
Does it matter anyway is all this of just academic interest. Well the worry appears to be that peripheral ice sheet melting around Antarctica and Greenland is now proceeding rapidly with surface water getting in the bottom of the glaciers further speeding up their movement. The breakup of the Larsen ice shelf will allow more rapid glacial movement up to eight times has been recorded. Sea level rises are predicted.,['0_0_0']
"Our analysis shows that it is no longer enough to say that global warming will increase the likelihood of extreme weather and to repeat the caveat that no individual weather event can be directly linked to climate change. To the contrary, our analysis shows that, for the extreme hot weather of the recent past, there is virtually no explanation other than climate change.",['0_0_0']
Noaa predicts third-ever global bleaching event could cause a 6% global reduction in coral reefs in less than two years.,['0_0_0']
"Two years ago, a Canadian research team alarmed climate scientists when it published the results of a survey of the oceans. The researchers reported that the worlds phytoplankton tiny, plant-like organisms that grow in seawater seemed to have been disappearing at a rate of about 1 per cent a year for the past century. Using measurements of ocean clarity, they found that phytoplankton biomass had shrunk by about 40 per cent on average since 1950 and that the decline was observed in eight of 10 oceans and seas that circle the globe.",['0_0_0']
The Arctic region has warmed more than most other parts of the planet over the past 30 years. Satellite observations have documented a decrease of around 40% in the extent of sea ice cover in the Arctic since 1980.,['0_0_0']
"The set-up for this summer is disturbing, says Mark Serreze, of the US National Snow and Ice Data Center (NSIDC). A number of factors have this year led to most of the Arctic ice being thin and vulnerable as it enters its summer melting season.",['0_0_0']
"(Reuters) The multiyear ice covering the Arctic Ocean has effectively vanished, a startling development that will make it easier to open up polar shipping routes, an Arctic expert said on Thursday.",['0_0_0']
"Steig says that surface temperatures are reliable, yet GISS has massively altered them over the past decade. In fact, GISS has nearly doubled reported 1880 to 2000 warming since their 2003 version. They have altered the data so much, they had to stretch the scale at both ends to fit their alterations on to the graph. This is not reliable data.",['5_3_0']
"Heavy rainfall events have intensified over most land areas and will likely continue to do so, but changes are expected to vary by region.",['0_0_0']
"If one adds greenhouse gases to the atmosphere, one is adding to the blanket that is inhibiting the emission of heat radiation (also commonly referred to as infrared radiation or long wave radiation). This causes the temperature of the earth to increase until equilibrium with the sun is reestablished.",['0_0_0']
The planet is warming due to increased concentrations of heat-trapping gases in our atmosphere. A snowy winter in Washington does not alter this fact.,['0_0_0']
"Burning fossil fuels produces water vapor , carbon dioxide, methane, and nitrous oxide, known collectively as greenhouse gases, because they trap heat in the lower atmosphere , just as the glass roof of a greenhouse keeps heat from escaping.",['0_0_0']
"What McIntyre has essentially done is put his finger on small technicalities that dont matter, argues Prof. Mann, now based at Pennsylvania State University. In every case, theyve been dismissed. When the question arises, does it make a difference? The answer is always no. All that is important to him is to be able to say that hes found a problem and then allow everybody else to say this fundamentally undermines the science.",['0_0_0']
"Although carbon capture projects have stumbled lately, oil companies buy carbon dioxide, usually in individual transactions, for a process known as enhanced oil recovery, in which carbon dioxide is pumped into the ground to force extra oil out of the fields. But naturally occurring carbon is in decline, and there is more demand than can be met, said Ann E. Banks, chief commercial officer of the Summit Power Group, which is developing a project that will pipe carbon dioxide captured from gasified coal to help extract oil in West Texas.",['0_0_0']
More greenhouse gasses in the atmosphere means more IR is absorbed and Earths surface becomes warmer,['0_0_0']
"This time, modeled global warming will make submerged permafrost melt faster, releasing methane faster. From All Voices, Climate threat: Methane leaking from offshore permafrost",['0_0_0']
"If climate scientists are right, its already too late to stop catastrophic warming. Even if the entire planet immediately froze CO2 emissions at today\'s levels -- something no one is advocating -- it would push back the date the planet exhausts its ""carbon budget"" by just eight years.","['4_2_0,', '4_3_0']"
The Answer claimed that the temperature rise since about 1880 is statistically significant. This means that the temperature rise could not be reasonably attributed to natural random variation i.e. global warming is real.,['0_0_0']
There are a number of ways to present how poorly climate models simulate global surface temperatures. Normally they are compared in a time-series graph.,['5_4_0']
"If warmings of 10C were really to occur in [the] next three centuries, the area of land likely rendered uninhabitable by heat stress would dwarf that affects by rising sea level, they write.",['0_0_0']
"Forty-eight of 102 countries reported new record maximum temperatures in the decade 2001-2010, compared to 20 per cent for the preceding decade and about 10 per cent for earlier decades.",['0_0_0']
"A just-published survey of 90 sea-level experts from 18 countries now reveals what amount of sea-level rise the wider expert community expects. With successful, strong mitigation measures, the experts expect a likely rise of 40-60 cm [about 16 to 24 inches] in this century and 60-100 cm [about 24 to 39 inches] by the year 2300. With unmitigated warming, however, the likely range is 70-120 cm [about 28 to 47 inches] by 2100 and two to three meters [6.5 to 10 feet] by the year 2300.",['0_0_0']
There's no tropospheric hot spot (which would also expand the atmosphere) as expected from warming.,['2_3_5']
"Evidence from ancient ice cores tell us that when greenhouse gases increase in the atmosphere, the climate warms,' said White. 'And when the climate warms, ice sheets melt and sea levels rise. If we see comparable rises in sea level in the future like we have seen in the ice-core record, we can pretty much say good-bye to American coastal cities like Miami, Houston, Norfolk, New Orleans and Oakland.'",['0_0_0']
"His verdict was that a rise in temperatures of this magnitude would catapult the planet into an extreme greenhouse state not seen for nearly 100 million years, when dinosaurs grazed on polar rainforests and deserts reached into the heart of Europe.",['0_0_0']
"[An IPCC AR5 chapter] will deal with longer-term projections, to 2100 and beyond, using a suite of global models. Many of these models will attempt new and better representations of important climate processes and their feedbacks in other words, those mechanisms that can amplify or diminish the overall effect of increased incoming radiation. Including these elements will make the models into more realistic simulations of the climate system, but it will also introduce uncertainties .",['0_0_0']
Concentrations of greenhouse gases in the atmosphere have reached new highs and are very rapidly approaching levels consistent with a 2 to 2.4 Celsius rise in average global temperatures.,['0_0_0']
Has this been too good to last? Critics say so. They point to a substantial downward revision (roughly a two-thirds reduction) of shale gas reserves in the Marcellus formation that underlies the Appalachian states from West Virginia to New York. They claim that the industry is nothing but a variation of a Ponzi scheme (see Rolling Stone). They note that the gas flow from new wells declines exponentially in a matter of months. Their most often repeated argument is that fracking is a huge environmental disaster that will contaminate aquifers wherever it takes place.,['0_0_0']
"Even if we could somehow make climate change disappear tomorrow, these reefs would continue their decline, says Jeremy Jackson, lead author of the report and IUCNs senior advisor on coral reefs.",['0_0_0']
"Some researchers believe natural factors like ocean cycles are major drivers of climate change, not human-caused CO2.",['2_1_3']
"And while no single weather event can be linked definitively to global climate change, a growing number of scientists say these extreme events represent the face of a warming world.",['0_0_0']
"Thats the analogy John Yackel, head of the department of geography, makes when he considers the annual summer ice melt in the Arctic, which hes been closely monitoring for the past 15 years documenting the ice cover as its steadily shrunk in the wake of Arctic and global warming.",['0_0_0']
"Many scientists expect that the level of carbon dioxide in the atmosphere will sometime this century reach double the levels that were present during preindustrial times. Because carbon dioxide traps outgoing heat energy similarly to the glass in a greenhouse, the additional human-created outputs of the gas mostly from fossil-fuel burning are expected to warm Earths climate. The key question is: by how much?",['0_0_0']
"We need to acknowledge the time lag between what we do to the atmosphere and its impacts on the climate. What we do now, affects the climate decades into the future. This means we need to drastically cut our emissions, now and forever, to stabilise the climate in the second half of the century.",['0_0_0']
"Without extra efforts to cut emissions, warming by the end of the 21st century will bring high risks of severe, widespread, and irreversible impacts globally, the IPCC said.",['0_0_0']
"PHILADELPHIA - An international team of environmental scientists led by the University of Pennsylvania has shown that sea-level rise, at least in North Carolina, is accelerating. Researchers found 20th-century sea-level rise to be three times higher than the rate of sea-level rise during the last 500 years. In addition, this jump appears to occur between 1879 and 1915, a time of industrial change that may provide a direct link to human-induced climate change.",['0_0_0']
"This phenomenon can lead to drastic changes in maritime life systems. Calcium forming organisms like shellfish, snails and microscopic plankton, which are at the base of the food chain, react sensitively to ocean acidification.",['0_0_0']
"Late last month, the United Nations reiterated in a landmark report that ""warming of the climate system is unequivocal,"" noting that air and oceans are getting warmer, ice and snow is less plentiful, and sea levels are rising.",['0_0_0']
"CO2 levels have risen. Theres debate about how much of this rise is due to mankind, but the fact it has risen is not in dispute.",['0_0_0']
Kay and her colleagues then conducted a series of future simulations that looked at how Arctic sea ice was affected both by natural conditions and by the increased level of greenhouse gases in the atmosphere. The computer studies indicated that the year-to-year and decade-to-decade trends in the extent of sea ice are likely to fluctuate increasingly as temperatures warm and the ice thins.,['0_0_0']
"2. At the same time, atmospheric concentrations of so-called greenhouse gases, particularly carbon dioxide, have been rising. All the evidence points to the net increase being caused largely by burning fossil fuels.",['0_0_0']
"Having assessed the relevant scientific evidence, we do not find convincing support for the hypothesis that human emissions of carbon dioxide are causing, or will in the foreseeable future cause, dangerous global warming.",['2_3_0']
"However their asymmetrical categorization of a 74-year baseline period vs. three 11-year climate change periods is highly problematic. If their intent was to determine the timing of any significant shifts, their analysis should have compared equal decade-long periods.",['5_0_0']
"The global average minimum nighttime temperature has risen. (This is unlikely to be caused by some variability in the sun, for example, and appears linked to the greenhouse gases that hold in heat radiating from the earths surface, even after the sun has gone down.)",['0_0_0']
"IPCC predicts that the impacts of climate change will be catastrophic. This affects everybody. Nobody is safe. We're going to lose low lying countries, there will be a loss of live stock, potential wide spread famine and species extinction.",['0_0_0']
Many countries are unwilling to sign a treaty when greenhouse gas emission reductions cannot be independently verified.,['4_2_6']
The world will be a barren wasteland because of the deranged profit incentive of anti-CO2 policies.,"['4_1_3,', '4_1_1']"
"Two new climate studies have delivered a critical blow to global warming alarmism. Estimates driven by old computer models projected an increase of 1.2C in global temperature if carbon-dioxide levels double. However, new research relying on available empirical data shows the climate's sensitivity to higher amounts of carbon dioxide is much lower than previously thought.","['3_1_0,', '5_4_0,', '6_1_0']"
"The initial projections for Scott Reef were not optimistic,' says Dr James Gilmour from AIMS, the lead author on the publication, 'because, unlike reefs on the Great Barrier Reef, there were few if any reefs nearby capable of supplying new recruits to replenish the lost corals at Scott Reef.",['0_0_0']
"When one cuts through EPAs propaganda, the health benefits the Agency touts are virtually nonexistent.  In reality, Utility MACT is designed to kill coal.  As EPA admits, this extension of Obamas cap-and-trade agenda will cost American families up to $11 billion in electricity rate increases (over 11 percent increase, on average), and destroy up to 1.4 million jobs.","['4_1_1,', '4_1_2']"
CO2 is not rising.,['2_3_6']
"At all study sites and at all sampling times, the addition of sunscreen, even at very low concentrations (10l/l), resulted in the release of large amounts of zooxanthellae and coral tissue within 18-48 hours, with complete bleaching of hard corals occurring within 96 hours. What is more, bleaching reportedly occurred at a faster rate in corals subjected to higher temperature, suggesting, in the researchers' words, ""synergistic effects with this variable."" Based on these results and conservative estimates of global sunscreen use and potential sunscreen release in and around tropical reefs, Danovaro et al . further calculated that approximately 10% of the world's coral reefs are at risk of sunscreen-induced bleaching. What it means",['0_0_0']
"He argued: Firstly, global warming has not paused 2014 was the warmest year on record, sea-ice is continuing to melt and sea-level rise.",['0_0_0']
"The draft report says the available evidence now suggests that above a certain threshold of warming, the Greenland ice sheet will almost disappear within approximately 1000 years, which will result in 7 metres of global sea-level rise. It estimates that the threshold may lie between 1 C and 4 C of warming, but is not confident of this figure.",['0_0_0']
The authors are concluding that there is therefore another 3C of warming we should see over time due to our current CO2 levels that has just not showed up yet because slow-response-time feedbacks like ice melting / albedo changes havent fully come into play.,['0_0_0']
"The onset of the melt season in the high Arctic is now on average seven days earlier than it was in 1982, Meier said. Earlier melting can lead to increased solar radiation absorption. This is one step in a potential feedback cycle of warming leading to melting, melting leading to increased solar radiation absorption, and increased absorption leading to enhanced warming.",['0_0_0']
"In the press release, they point out that although climate change has been blamed for the decline in Caribbean coral reefs, the majorreason for the decline is  drum roll the loss of the parrotfish and other reef grazers.",['3_2_0']
"emagazineindia.com - Global warming killing 150,000 more people in poor countries: WHO Copenhagen, March 12 Around 150,000 deaths now occur in low-income countries each year due to climate change that causes crop failure and malnutrition, diarrhoea, malaria and flooding, says the World Health Organisation (WHO). Almost 85 percent of these excess deaths are among young children, WHO spokesperson Sari Setiogi said Thursday.",['0_0_0']
"Taken together, an assessment of the available evidence, detailed below, points to another extreme September sea ice minimum. Could the North Pole be ice free this melt season? Given that this region is currently covered with first-year ice, that seems quite possible. '",['0_0_0']
Environmental advocates turn blind eye to global warming benefits--again.,['3_0_0']
Climates always change -- why are we so worried?,['2_1_4']
"We think this is a rather generous account of environmentalism. The concept of standard of living rarely enters the environmental debate except as frankly rather spurious claims about how much better our lives would be if we had greater access to more green space. Instead, environmentalism is premised on a catastrophe occurring if we do not observe its imperatives. ",['6_1_4']
"Underneath the surface, the ice can be thick or thin. The newest satellite techniques and field observations allow us to see that the volume of ice is shrinking much faster than its area today. The picture is very troubling. We are losing ice very fast, he said.",['0_0_0']
"When the authors include changes in man-made aerosol emissions in the latest Met Office Hadley Centre model, which includes a comprehensive treatment of aerosol-cloud interactions, they can reproduce much of the decade-to-decade variability in Atlantic hurricane activity. This supports evidence of a link between the two.",['2_2_0']
"Such focus on measuring the results of mitigation programs can be expected to rouse loud scorn and ""debunking"" from the likes of Al Gore and a league of crony capitalists intent on making millions selling ""carbon offsets"".","['6_2_0,', '4_2_6']"
"Water vapor, thanks to the sheer quantity of it in the atmosphere, is the most important of the greenhouse gases, accounting for 65-85% of the natural greenhouse effect without which the Earth would be an ice planet.",['2_3_4']
"By 2100, the amount of carbon released by permafrost loss could be 1.7-5.2 times larger than those reported, depending on how swiftly Earths surface warms, they said.",['0_0_0']
"But acting quickly to mitigate climate change could reduce losses by 60 per cent and buy an additional 40 years for species to adapt. This is because this mitigation would slow and then stop global temperatures from rising by more than two degrees Celsius relative to pre-industrial times (1765). Without this mitigation, global temperatures could rise by 4 degrees Celsius by 2100.",['0_0_0']
"It all clicked in my mind when I imagined for moment what would happen if, say, moles adopted a ‘green’, no impact philosophy and took as their ultimate goal a pristine, untouched meadow--no tunnels ‘raping’ the soil, no earthworms disturbed--in fact, no moles around. Human beings have as much right to shaping their environment as moles do to burrowing their tunnels.",['4_1_5']
"The international icon of global warming, the polar bear is going extinct as the Arctic sea ice melts beneath its feet due to the greenhouse gas emissions of 6.8 billion people, especially those in high-consumption nations like the United States. The bear was put on the endangered species list in 2008.",['0_0_0']
"Even today, calling anthropogenic  global warming ""fact,"" meaning conclusively demonstrated, would still be an exaggeration.",['5_1_0']
"If warmer temperatures decrease zooplankton in the ocean, as predicted by our study, this will ultimately lead to less food for fish and less seafood for humans,' says co-author Benjamin Gilbert of U of Ts ecology and evolutionary biology department .",['0_0_0']
"AUSTRALIA'S renewable energy target (RET) has driven $18.5 billion of investment in clean power and eroded wholesale energy prices since it was introduced a decade ago, a new report suggests.",['0_0_0']
"The Greenland ice sheet continues to lose mass and thus contributes at about 0.7 millimeters per year to the currently observed sea level change of about 3 mm per year. This trend increases each year by a further 0.07 millimeters per year. The pattern and temporal nature of loss is complex. The mass loss is largest in southwest and northwest Greenland; the respective contributions of melting, iceberg calving and fluctuations in snow accumulation differing considerably. This result has been published by an international research group led by the GFZ German Research Centre for Geosciences in the latest issue of Earth and Planetary Science Letters, 1 June 2012. The result was made possible by a new comparison of three different types of satellite observations: measurements of the change in gravity by changes in ice mass with the satellite pair GRACE, height variation with the laser altimeter on the NASA satellite ICESat and determination of the difference between the accumulation of regional atmospheric models and the glacier discharge, as measured by satellite radar data.",['0_0_0']
"Such a change is well within the range of the climate's natural variations whose mechanisms are not all understood. It is safe to conclude ""the natural variability of climate adds confusion to the effort to diagnose human-induced climate change. Apparent long-term trends can be artificially amplified or damped by the contaminating effects of undiagnosed natural variations.""","['2_1_4,', '5_4_0']"
"For that premium, Germans bought an electricity market that relies on renewable energy for more than 20% of capacity today, compared to 6.3% in 2000. They have installed more solar panels than any other country in the world. Between 2010 and 2011, the number of photovoltaic installations in Germany increased 76%, according to the German Association of Energy and Water Industries.",['0_0_0']
Read Doubling Of CO2 Levels In End-Triassic Extinction Killed Off Three Quarters Of Land And Sea Species .,['0_0_0']
"Barrett: Blankets keep people warm, greenhouse gases keep the Earth warm, but their mechanisms are different.",['0_0_0']
"Over the last century, we have already observed the disappearance of the Dion Islets penguin colony, close to the West Antarctic Peninsula, says Stephanie Jenouvrier, WHOI biologist and lead author of the study. In 1948 and the 1970s, scientists recorded more than 150 breeding pairs there.",['0_0_0']
"Several areas of earth science require knowledge of the fluctuations in sea level and ice volume through glacial cycles. These include understanding past ice sheets and providing boundary conditions for paleoclimate models, calibrating marine-sediment isotopic records, and providing thebackground signal for evaluating anthropogenic contributions to sea level. From 1,000 observations of sea level, allowing for isostatic and tectonic contributions, we have quantified therise and fall in global ocean and ice volumes for the past 35,000 years. Of particular note is that during the 6,000 y up to the start of the recent rise 100150 y ago , there is no evidence forglobal oscillations in sea level on time scales exceeding 200 y duration or 1520 cm amplitude.",['0_0_0']
Radiative forcing (RF) is a concept used for quantitative comparisons of the strengths of different human and natural agents in causing climate change The combined anthropogenic RF is estimated to be +1.6 Wm -2 . This RF estimate is likely to be at least five times greater than that due to solar irradiance changes .,['0_0_0']
"Any time we burn a carbon-containing fuel such as coal or natural gas or oil, it releases carbon dioxide into the air. Carbon dioxide can be measured coming out of the tailpipe of our cars or the smokestacks of our factories. Other heat-trapping gases, such as methane and nitrous oxide, are also produced by agriculture and waste disposal. The effect of these gases on heat energy in the atmosphere is well understood, including factors such as the amplification of the warming by increases in humidity.'",['0_0_0']
"The researchers further report that the amount of rainfall in the region did not change much over the past few decades and, therefore, cannot account for changes in glacier retreat. Instead, climate change is to blame for the melting: regional temperatures increased an average of 0.15C per decade over the 1950-1994 period.",['0_0_0']
"As we know, the usual suspects have been trying to pretend that the Houston floods are unprecedented and caused by climate change.","['1_7_0,', '6_1_0']"
"Assuming renewable energy can be produced cheaper than conventional energies, then all electricity customers can benefit by having lower power bills.",['0_0_0']
"By far the largest number of local glaciers in north-east Greenland had receded very greatly during recent decades, and it would not be exaggerating to say that these glaciers were nearing a catastrophe.",['0_0_0']
"""[S]enior commanders have come to see overdependence on fossil fuel as a big liability,"" wrote reporter Elisabeth Rosenthal, ""and renewable technologieswhich have become more reliable and less expensive over the past few yearsas providing a potential answer. . . . The Marines are exploring . . . a small-scale, truck-based biofuel plant that could transform local crops, like illegal poppies, into fuel.""",['0_0_0']
"Climate scientists are selectively withholding key geological data, observations, and relationships allows global warming advocates to spin a pseudo-scientific explanation for polar ice melting, to efficiently provoke people to incite impassioned responses, to garner headlines, and to sway national and worldwide environmental policies.",['6_2_0']
"Earlier in the day, Rep. Peter DeFazio (D-Ore.) said on the floor that a new study from Harvard University and Oregon State University shows that the Earth is hotter now than it has been for much of the last 11,300 years. He also said the use of engines and turbines over the last 100 years has caused a fast rate of warming than in the last 100 centuries combined.",['0_0_0']
"By constantlyblasting air conditioning to provide immediate relief from soaringtemperatures,humankind is ultimately making for hotter long-term temperaturesby contributing to global warming.",['0_0_0']
"Co-author Lisa Levin, a professor at Scripps Institution of Oceanography at the University of California, San Diego, notes: Because many deep-sea ecosystems are so stable, even small changes in temperature, oxygen, and pH may lower the resilience of deep-sea communities. This is a growing concern as humans extract more resources and create more disturbances in the deep ocean.",['0_0_0']
"That is, there is still a fair chance that we can hold the 2C line, if strong mitigation of greenhouse gases is combined with the following three actions: (i) a slow, rather than instant, elimination of aerosol cooling, (ii) a directed effort to first remove warming aerosols like black carbon, and (iii) a concerted and sustained programme, over this century, to draw-down excessive CO2 (geo- and bio-engineering) and simultaneously reduce non-CO2 forcings, such that the final equilibrium temperature rise will be lower than would otherwise be expected on the basis of current concentrations.",['0_0_0']
Sea level is rising no faster than for 150 years. From 2004-2012 the Envisat satellite reported a rise of a tenth of an inch.,['1_6_0']
"Now, you say, this is the LA Times, so surely they would blame all this on global warming? And, of course, you would be right.",['6_1_2']
"As the fight over the PTC points out, wind energy cannot survive without the tax credits.",['4_2_7']
"No, climate change is real. It has been observed for decades. The planet has warmed and we have contributed.",['0_0_0']
"BPL: No. Its up 40% since the industrial revolution began. Its the absolute amount that matters, not the concentration. The nitrogen, oxygen and argon that make up more than 99% of Earths atmosphere is not radiatively active.",['0_0_0']
"Pauses as long as 15 years are rare in the simulations, and we expect that [real-world] warming will resume in the next few years, the Hadley Centre group writes. Researchers agree that no sort of natural variability can hold off greenhouse warming much longer.",['0_0_0']
"How quickly can Earth's lizards adapt to the rising global temperatures? That's the important question,' Sinervo said. 'We are actually seeing lowland species moving upward in elevation, slowly driving upland species extinct, and if the upland species can't evolve fast enough then they're going to continue to go extinct.'",['0_0_0']
"Figure 2(b) shows the 60-month (5-year) and 132-month (11-year) running-mean surface air temperature in the GISS analysis. Contrary to frequent assertions that global warming slowed in the past decade, as discussed in our paper in press, global warming has proceeded in the current decade just as fast as in the prior two decades. The warmth of 2010 is especially noteworthy, given the strong La Nina that developed in the second half of 2010. The La Nina, caused by unusually strong easterly equatorial winds, produces the cool anomalies in the tropical Pacific Ocean as cold upwelling deep water along the Peruvian coast is blown westward along the equator.",['0_0_0']
An increase in human-made carbon dioxide in the atmosphere could initiate a chain reaction between plants and microorganisms that would unsettle one of the largest carbon reservoirs on the planet ' soil.,['0_0_0']
"The only good national energy strategy is one premised on private property rights, voluntary exchange, and the rule of law. Not a central, government plan, but a decentralized we-the-people plan.","['4_1_5,', '4_2_8']"
"Advances in radar and other scanning technologies have allowed researchers to build a detailed picture of the topography underlying these glaciers, and to better understand the dynamics of how the ice behaves. Where the forward, bottom edge of the ice meets the land is called the grounding line. Friction between the ice and the land holds back the glacier, slowing its progress to the ocean. Beyond that line, however, the ice floats on the sea surface, where it is exposed to warmer ocean water that melts and thins these shelves of ice. As the ice shelves thin and lose mass, they have less ability to hold back the glacier.",['0_0_0']
"The U.S. already leads in global aid, technological innovation, and disaster relief efforts—adding the burden of climate action isn’t necessary when we’re already doing so much.",['4_4_3']
"It is clear from extensive scientific evidence that the dominant cause of the rapid change in climate of the past half century is human-induced increases in the amount of atmospheric greenhouse gases, including carbon dioxide (CO2), chlorofluorocarbons, methane, and nitrous oxide. The most important of these over the long term is CO2 , whose concentration in the atmosphere is rising principally as a result of fossil-fuel combustion and deforestation.",['0_0_0']
"I might add, on green energy, the green energy industry has received  increases of 153 percent of subsidies. Subsidies have increased 153  percent for green energy. So I don't think that they should be  receiving some special benefit from this Rush amendment; and that's why  I would oppose it, and I would ask all Members to oppose it.",['4_1_1']
"As humans emit greenhouse gases like CO2, the air warms and holds more water vapor, which then traps more heat and accelerates warming .",['0_0_0']
Climate change will affect carbon cycle processes in a way that will exacerbate the increase of CO2 in the atmosphere (high confidence) . Further uptake of carbon by the ocean will increase ocean acidification.,['0_0_0']
"And those scientists have provided ample evidence that human activity is indeed linked to climate change. Just last month, the Intergovernmental Panel on Climate Change a body made up of the worlds top climate scientists said it was 95% certain that we fossil-fuel-burning humans are driving global warming. The debate right now isnt whether this evidence exists (clearly, it does) but what this evidence means for us.",['0_0_0']
"Atmospheric concentrations of CO2 rose by a record amount over the past year. It is the third successive year in which they have increased sharply. Scientists are at a loss to explain why the rapid rise has taken place, but fear the trend could be the first sign of runaway global warming.",['0_0_0']
"A major bleaching event is currently under way in large parts of the North Pacific, including the Marshall Islands and Hawaii , which experts have warned could be on a historic scale akin to the record bleaching of 1998 that saw mass coral die-off around the world.",['0_0_0']
"Recently a High Court judge in the UK listed nine of the 35 major scientific errors in Gore's movie, saying they must be corrected before innocent schoolchildren can be exposed to the movie. Gore's exaggeration of sea-level rise was one.","['1_6_0,', '6_1_3']"
"By the end of the century, should the current emissions of greenhouse gases remain unchecked, temperatures over the northern hemisphere will tip 5-6 degrees C warmer than today's averages. In this case, the hottest summer of the last 20 years becomes the new annual norm.",['0_0_0']
While NOAA and NASA declare that '?_ 2014 temperatures continue the planet's long-term warming trend'_',['0_0_0']
"Dinocyst-based reconstructions of sea ice cover concentration during the Holocene in the Arctic Ocean, the northern North Atlantic Ocean and its adjacent seas Anne de Vernal et al Sea ice cover extent expressed in terms of mean annual concentration was reconstructed from the application of the modern analogue technique to dinocyst assemblages. The use of an updated database,which includes 1492 sites and 66 taxa, yields sea ice concentration estimates with an accuracy of 1.1/10. Holocene reconstructions of sea ice cover were made from dinocyst counts in 35 cores of the northernNorth Atlantic and Arctic seas. In the Canadian Arctic, the results show high sea ice concentration (>7/10)with little variations throughout the interval. In contrast, in Arctic areas such as the Chukchi Sea and theBarents Sea, the reconstructions show large amplitude variations of sea ice cover suggesting millennialtype oscillations with a pacing almost opposite in western vs. eastern Arctic. Other records show tenuouschanges with some regionalism either in trends or sea ice cover variability. During the mid-Holocene,and notably at 6 0.5 ka, minimum sea ice concentration is recorded in the eastern Fram Strait,northern Bafn Bay and Labrador Sea. However, this minimum cannot be extrapolated at the scale of theArctic and circum-Arctic. The comparison of recent observations and reconstructions suggests largervariations in the Arctic sea ice cover during the last decades than throughout the Holocene.",['0_0_0']
"Vincent said in 10 years of working in the region, he has never seen such a dramatic loss of sea ice.",['0_0_0']
"Carbon dioxide, a trace gas absolutely essential for human and other life, is currently four one-hundredths of 1 percent of the atmosphere.","['2_3_1,', '3_3_0']"
"In the absence of .greenhouse gases, the average surface temperature of the Earth would be over 30C cooler than it is today.",['0_0_0']
"With technologies like clean coal, the U.S. can continue using its fossil fuel resources responsibly without causing significant harm to the environment.","['7_2_3,', '7_2_4']"
"The process is gradually dropping the pH from basic (~8.1) in the direction of 7.0, which would be neutral. But “ocean neutralization” really doesn’t convey that there is a problem.",['1_9_0']
There’s no clear evidence linking climate change to melting glaciers or thawing permafrost.,['1_1_0']
"Global average sea level rose at an average rate of 1.8 [1.3 to 2.3] mm per year over 1961 to 2003. The rate was faster over 1993 to 2003: about 3.1 [2.4 to 3.8] mm per year. Whether the faster rate for 1993 to 2003 reflects decadal variability or an increase in the longer-term trend is unclear. There is high confidence that the rate of observed sea level rise increased from th3 19th to the 20th century, the total 20th-century rise is estimated to be 0.17 [0.12 to 0.22] m.",['0_0_0']
Global warming became climate change so as to be able to take the blame for cold spells and wet seasons as well as hot days.,['1_8_0']
"However, the Met Office considers that the temperature attained in 2014, and therefore all of the years of the past decade or so, would not have been achieved without human influence.",['0_0_0']
"3. As the ice retreats, there are no more grounding line positions, so calving will accelerate and cause collapse of the ice sheet.",['0_0_0']
"The evidence falls in line with what we would expect if carbon dioxide is the main dial that governs global climate; if we crank it up or down there are dramatic changes,' Huber said. 'We went from a warm world without ice to a cooler world with an ice sheet overnight, in geologic terms, because of fluctuations in carbon dioxide levels.'",['0_0_0']
Rapid Arctic sea-ice decline: Summer-time melting of Arctic sea-ice has accelerated far beyond the expectations of climate,['0_0_0']
There isn't any doubt in the scientific community that the temperature increase associated with an interglacial period precedes an increase in carbon dioxide concentrations.,['2_3_3']
"5. Again in Ecological and Evolutionary Responses to Recent Climate Change cited by the AAAS, Parmesan had argued global warming was causing amphibian extinctions writing, Documented rapid loss of habitable climate space makes it no surprise that the first extinctions of entire species attributed to global warming are mountain-restricted species. Many cloud-forest-dependent amphibians have declined or gone extinct on a mountain in Costa Rica.",['0_0_0']
"The uptake of carbon dioxide into the oceans drives a change in ocean chemistry, changing hydrogen levels and the concentration of carbonate ions that pteropods and other organisms use to build their calcium carbonate shells.",['0_0_0']
"Contrary to Smiths assertions, there is conclusive evidence that climate change worsened the damage caused by Superstorm Sandy . Sea levels in New York City harbors have risen by more than a foot since the beginning of the 20th century. Had the storm surge not been riding on higher seas, there would have been less flooding and less damage. Warmer air also allows storms such as Sandy to hold more moisture and dump more rainfall, exacerbating flooding.",['0_0_0']
"Climate change is such an immense, complex problem that involves almost every aspect of modern life—energy, transportation, industry—that it feels impossible to solve. Given how difficult it is to make the necessary changes on a global scale, maybe it’s not worth pouring resources into an issue we’re unlikely to fix, especially when we could be focusing on other immediate challenges.","['4_3_0,', '4_2_14']"
"The Venus syndrome is the greatest threat to the planet, to humanitys continuing existence, James Hansen declared. If we burn all the coal, there is a good chance we will initiate the runaway greenhouse effect. If we also burn all the tar sands and tar shale, I think it is a dead certainty.",['0_0_0']
"The main message of my testimony is that the questions about what actions on climate change make sense in the short term raised by Congressman Scheuer remain largely unanswered 16 years later. Until we better organize the climate science and technology enterprise to focus on policy options for the short term, the climate debate is likely to remain in its present gridlock.",['4_3_1']
"Humans have shrunk the habitats of many life forms, through unsustainable agriculture, fishing or hunting. And it is going to get even worse. Global warming is said to be threatening thousands of animal and plant species with extinction. That, at least, is what the Intergovernmental Panel on Climate Change (IPCC) has been predicting for years.",['0_0_0']
It points to the natural variability of the climate system. It's quite likely  the warming is simply due to the dimming and brightening of the sun.,['2_1_1']
"Watching multiple predictions fail and proponents get rich, Americans instinctively know that the whole global warming agenda doesn't add up",['6_2_0']
"Atlantic hurricanes have developed more frequently during the last decade than at any point in at least 1,000 years, a new analysis of historical storm activity suggests.",['0_0_0']
The bounce back in the extent of sea ice in the Arctic this summer was reflected also in the volume of ice.,['1_1_3']
"Let me digress briefly and quote definition of the GHT and GHG: Earths atmosphere includes some gasses which have a distinctive trait: They let sunlight pass through to heat Earths surface, but they capture energy that leaves this sun-warmed surface. These are called greenhouse gasses.",['0_0_0']
"Levels of carbon dioxide a greenhouse gas and major contributor to climate change rose by 2.3 parts per million between 2009 and 2010, higher than the average for the past decade of 2.0 parts per million , a new report by the World Meteorological Organisation found.",['0_0_0']
"While greenhouse gases are often the focus, other activities are contributing significantly more to climate change",['2_2_0']
"Even assuming the worse-case scenarios, delaying substantial cuts in CO2 emissions for the next 25 years would produce an additional global temperature rise of no more than a few tenths of a degree C by the year 2100.",['3_4_0']
"4. Decrease in ice abundance.15% to 20% (over 20 years).In earlier times, polar ice often approached the shores of Iceland and interfered with fishing and navigation. For the past 25 years ice has not appeared in significant quantities.",['0_0_0']
"Clearly, if we burn all fossil fuels, we will destroy the planet we know. Carbon dioxide would increase to 500 ppm or more. We would set the planet on a course to the ice-free state, with sea level 75 metres higher. Climatic disasters would occur continually.",['0_0_0']
"What does that have to do with climate change? Sea iceis vanishingfrom the Arctic thanks to climate change, which leaves behind dark open ocean water, which absorbs more of the heat from the sun than reflective ice. That in turn is helping to cause the Arctic to warm faster than the rest of the planet, almosttwice the global average. The jet streamthe belt of fast-flowing, westerly winds that essentially serves as the boundary between cold northern air and warmer southern airis driven by temperature difference between the northerly latitudes and the tropical ones.Some scientiststheorize that as that temperature difference narrows, it may weaken the jet stream, which in turns makes it more likely that cold Arctic air will escape the polar vortex and flow southward. Right now, an unusually largekinkin the jet stream has that Arctic air flowing much further south than it usually would.",['0_0_0']
"The wind turbines would have a significant visual impact on the mountains and other wild land, and adversely affect a broad swathe of Scotlands finest landscapes.",['4_1_3']
"Team leader, Dr Doug Smith said: Occurrences of El Nino, for example, have a significant effect on shorter-term predictions. By including such internal variability, we have shown a substantial improvement in predictions of surface temperature. Dr Smith continues: Observed relative cooling in the Southern Ocean and tropical Pacific over the last couple of years was correctly predicted by the new system, giving us greater confidence in the models performance.",['0_0_0']
"Mann: Weve been measuring the global temperature on the planet with thermometers for about 100 years. In this period the atmosphere warmed up about 1C. If we want to know just how unusual this warming has been, then we have to look much further back in the past. This can be done only by evaluating the natural archives tree rings, corals, ice cores and ediments, which help tell us how the climate in the past developed. This is precisely what we did at the end of the 1990s. The result from this: the most recent warming has been unprecedented. The temperature curve of the Hockey Stick begins about 1000 years ago and falls off during the Middele Ages until the so-called Little Ice Age. But starting in the 20th century, the curve suddenlyshoots upwards. The temperature is now rising faster than ever before. Thats the blade of the hockey stick.",['0_0_0']
"The hope is that the level of CO 2 in the atmosphere can thus be kept below what is widely agreed to be the upper limit for a tolerable level of global warming, 450 parts per million.",['0_0_0']
Severe flooding due to sea-level rise and heavy downpours is likely to occur more frequently.,['0_0_0']
McKay and Kaufman illustrated the decadal-scale similarity between the Kaufman et al 2009 reconstruction and the PAGES2K Arctic (revised) reconstruction in theirFigure 2d (shown below). A similar point could have been made about the PAGES2k-2013 version as well. The decadal-scale similarity is real enough.,['0_0_0']
"Two American researchers allege that U.S. government scientists have skewed global temperature trends by ignoring readings from thousands of local weather stations around the world, particularly those in colder altitudes and more northerly latitudes, such as Canada.",['5_3_0']
"With this we surpass the 400 ppm mark for the first time in 25 million years. [] The Earths climate does not fundamentally react to the rise in CO2 in a linear fashion, explained Bijma. However there seems to be a relationship: The continued increase in greenhouse gas concentration as a whole strengthens the tendency to warming of the atmosphere. The higher the CO2 concentration, the graver are the consequences of climate change.",['0_0_0']
You should also note that Watts abstract CONFIRMS Mullers preliminary finding.station quality does not impact the MEAN temperature recorded.( it does hit diurnal temperature range which is a cool thing folks will have to look at).people miss that the mean temp is not affected.,['0_0_0']
"Cook: Human aerosol emissions, which have a cooling effect, have also increased over this period. And while 3 C is the IPCCs best estimate for equilibrium climate sensitivity, the climate system is not yet in equilibrium. Neglecting these two factors (aerosols and thermal inertia of the global climate), as Monckton and Lindzen have done, will certainly give you an underestimate of equilibrium sensitivity, by a large margin. This is how Monckton supports his lowball climate sensitivity claim by neglecting two important climate factors.",['0_0_0']
"Green jobs sound great on paper, but in reality, they often don’t provide stable, long-term employment and can’t match the wages of traditional energy jobs.",['4_2_1']
"Global carbon dioxide emissions from burning fossil fuels have increased by 49 per cent in the last two decades, according to the latest figures by an international team, including researchers at the Tyndall Centre for Climate Change Research, University of East Anglia (UEA).",['0_0_0']
"In addition to the CO2 and temperature changes, climate change is expected to cause a reduction in rainfall, with this rainfall being distributed across more extreme events. That is why the researchers subjected the vines to two different treatments. One with properly hydrated plants (20-35% of water content in the soil) and the other treatment consisted of plants subjected to water stress, and which were irrigated with 40% less water. As regards the soil, three different textures were studied with clay contents of 9%, 18% and 36%.",['0_0_0']
"For a planet receiving the same amount of solar radiation as the Earth, a runaway greenhouse effect is a realistic possibility.",['0_0_0']
"Instead, people should focus on immediate benefits from investing in green technologies, including improved health, economic growth, consumer savings from efficiency, and reduced dependence on foreign oil. He said on health, there are about 100,000 premature deaths a year that can be linked to oil use.",['0_0_0']
The Stanford scientists say their findings should go a long way toward restoring confidence in the basic science and climate computer models that form the foundation for climate change predictions.,['0_0_0']
"This summary is valuable and sobering as it further reinforces the view that New Orleans, despite all of the damage that occurred with the failure of the levees, has not yet seen its worst case hurricane landfall.",['0_0_0']
"Temperatures in Western Europe were 0.81 C warmer in the decade of 2003 to 2012 compared to 1990-1999, a rise overwhelmingly ascribed to man-made carbon gases.",['0_0_0']
"Of particular concern are the well-documented loading of carbon dioxide to the atmosphere, which has been linked unequivocally to burning of fossil fuels, and the corresponding increase in average global temperature, it said.",['0_0_0']
"Since 1987, environmental pressure groups have blocked every attempt to open ANWR with a collection of bogus arguments, false claims, and irrelevant facts",['6_1_4']
"Global surface air temperatures have risen less rapidly over the past 15 years than the previous few decades. The causes of this hiatus have been much debated. However, just considering surface temperatures does not tell the whole story a new analysis using satellite & ocean observations confirms that the Earth is still gaining energy overall.",['0_0_0']
"Emissions of greenhouse gases have grown dramatically over the past two centuries, as have concentrations of CO2 in the atmosphere",['0_0_0']
Didn't Hansen predict catastrophic sea level rise and increased hurricanes within 20 years in1988? Doesn't anyone look at his record of prediction? Pushing the scare seems to be the thing.,['6_1_5']
Previous research had led to speculation that ocean acidification might not harm fish if they could buffer their tissues in acidified water by changing their bicarbonate levels. Munday and Dixson were the first to show that fishes' sensory systems are impaired under ocean acidification conditions in the laboratory.,['0_0_0']
The thrust of the argument that echoes around the internet and appears over and over again in the popular press is the following sequence: 1. Anthropogenic CO2 causes the planet to heat. 2. This causes more summer ice melt. 3. The longer duration of open water in the summer and fall hampers the bears seal hunting and breeding. 4. Bear population diminishes.,['0_0_0']
"For the oceans to become sufficiently ""acidified"" to have any impact on coral larvae, it would require an atmospheric CO2 level that exceeds 2100 ppm. The likelihood that level of CO2 will be attained due human emissions is extremely low, and very far into the future if it were to happen. The possible impact would be a reduction in size of larvae but would also include a positive increase in survivorship.",['3_2_3']
"All this is little more than blatant scare mongering, and FOE was calling on its members and others who received its email to ""Call on President Obama to ensure that all Americans are protected from climate disasters.""",['6_1_4']
"Ocean heat content is rising, snow and ice cover is decreasing in the Northern Hemisphere, and Arctic sea ice is retreating.",['0_0_0']
"Earth could end up much like Venus, where the high on a typical day is 500 degrees Celsius. It would probably take a lot of warming to initiate such a runaway greenhouse effect, but scientists have no clue where exactly the tipping point lies.",['0_0_0']
"The fact that we still see a positive imbalance despite the prolonged solar minimum isn't a surprise given what we've learned about the climate system, but it's worth noting because this provides unequivocal evidence that the sun is not the dominant driver of global warming,' Hansen said.",['0_0_0']
"For the record I do not think that any sea ice will survive this summer . An event unprecedented in human history is today, this very moment, transpiring in the Arctic Ocean.",['0_0_0']
"Climate change is happening, human activities are a big part of the problem, and the evidence from all corners is pretty darn convincing. Convincing enough for the likes of Dr. Richard Muller to come around on the topic. And hes a longtime global warming skeptic. (see http://online.wsj.com/article/SB10001424052970204422404576594872796327348.html )",['0_0_0']
What we are experiencing is outside of anything humans have seen on our planet and the only explanation that makes any real sense is that it is due to human actions.,['0_0_0']
These diving instruments suggest that the oceans have not warmed up at all over the past four or five years. That could mean global warming has taken a breather.,"['1_5_0,', '1_4_0']"
"Plans also assume that 15GW of nuclear capacity will come on stream, which represents about ten reactors. The government is currently in negotiations with EDF to build two of these, but these have been bogged down for sometime now. There is no guarantee that they will be successful, or whether the price will be affordable. Given the long lead time in building nuclear, it looks increasingly unlikely whether all ten reactors can be built, on satisfactory terms, in time for the Fourth Carbon Budget.",['0_0_0']
"This energy bill will create a set of incentives that will spur the development of new sources of energy, including wind, solar, and geothermal power. It will also spur new energy savings, like efficient windows and other materials that reduce heating costs in the winter and cooling costs in the summer.",['0_0_0']
"For a world dependent on fossil fuels, carbon capture and storage (CCS) could be a key to controlling greenhouse gas emissions.","['7_2_4,4_2_10_2']"
"Since 1970, the cosmic ray flux has not changed markedly while the global temperature has shown a rapid rise,' [Solanki] says. 'And that lack of correlation is proof that the Sun doesn't cause the warming we are seeing now.'",['0_0_0']
The Danish Meteorological Institute reports  that Greenlands ice sheet has seen more growth so far this year than in the last four years. Greenlands ice sheet growth in 2015 is also higher than the mean growth for 1990 to 2011,['1_1_2']
"The version of global warming theory being pushed by the IPCC is that anthropogenic emissions of greenhouse gases are causing a radiative energy imbalance of the climate system, leading to warming.",['0_0_0']
"The researchers noted that over the past decade Europe saw a number of exceptional summer heat waves with important impacts on society. The 2003 heat wave was the hottest summer on record since 1540 and led to a major health crisis and crop shortfall. Meteorologists were stunned when the record was shattered by the 2010 heat wave just a few years later. Maximum temperature measurements averaged over 7 days exceeding the average for this figure from 1871-2010 by 13.3 degrees Celsius. According to the researchers, extreme summers such as these could be considered as prototypes of summers of future warmer climate. But our ability to anticipate such events one or several months in advance, thereby giving us the chance to prepare ourselves, remains poor.",['0_0_0']
"The oceans absorb much of the CO2 that we release to the atmosphere, Ries says. However, he warns that this natural buffer may ultimately come at a great cost.",['0_0_0']
"Each year more than a quarter of global CO2 emissions from burning fossil fuels and cement production are taken up by the Earth's oceans. This process turns the seawater more acidic, making it more difficult for some marine life to live. Rising CO2 emissions, and the increasing acidity of seawater over the next century, has the potential to devastate some marine ecosystems, a food resource on which we rely, and so careful monitoring of changes in ocean acidity is crucial.",['0_0_0']
"In 2003 Professor McKitrick teamed with a Canadian engineer, Steve McIntyre, in attempting to replicate the chart and finally debunked it as statistical nonsense.  They revealed how the chart was derived from ""collation errors, unjustified truncation or extrapolation of source data, obsolete data, incorrect principal component calculations, geographical mislocations and other serious defects"" -- substantially affecting the temperature index.",['5_2_0']
"Recent U.S. public opinion data shows declining support for aggressive climate policies, as more people worry about the economic impact on households.","['4_3_3,', '4_1_1_2']"
"The picture of global temperature and its drivers as presented by the IPCC and the computer climate models is one in which CO2 has been the dominant factor since the start of the industrial age and other factors have had minimal impact. In order to support this picture, the IPCC has sought to portray CO2 as having been an important driver of global temperature in the past.",['0_0_0']
"The U.S. has already made major strides with emission reductions, clean energy investments, and climate policies, so there’s no need to add more regulations.",['4_4_2']
"a new report released by the Department of Energy in July, says that our electrical grid will be impacted due to the effects of global warming. Over the last century, air and ocean temperatures have continued to increase and droughts have become more prolonged. Both of these conditions have produced a seemingly never-ending fire season across the Western United States. July 2012 was the hottest month ever recorded in the United States and 2012 was the warmest year overall.",['0_0_0']
"The amount of CO2 in the atmosphere exceeded 400 parts per million (ppm) for the first time in probably more than three million years of Earth history. The IPCC told us that when that happened, the 400 parts per million mark, climate change would be irreversible and catastrophic. They're right. So what's the point?",['4_3_2']
"The definition from the American Meteorological Society Glossary of Meteorology is:' ' drought A period of abnormally dry weather sufficiently long enough to cause a serious hydrological imbalance. Drought is a relative term, therefore any discussion in terms of precipitation deficit must refer to the particular precipitation-related activity that is under discussion. For example, there may be a shortage of precipitation during the growing season resulting in crop damage ( agricultural drought ), or during the winter runoff and percolation season affecting water supplies ( hydrological drought ). Compare dry spell ; see absolute drought , partial drought .",['0_0_0']
6. In summer under certain conditions the scientists reckon with a complete melting of the Arctic sea ice. For Europe we expect an increase in drier and warmer summers. Winters on the other hand will be warmer and wetter.,['0_0_0']
"So when thousands of the worlds leading scientists and five reports over a long period of time with thousands of scientists contributing to those reports when they tell us over and over again that our climate is changing, that it is happening faster than they ever predicted, ever in recorded history, and when they tell us that we humans are the significant cause, let me tell you something: We need to listen.",['0_0_0']
"Several independent indicators show an increase in global warming from 1975 to 2003. This increase is mainly due to the increase in the concentration of carbon dioxide, the academy said in conclusion to the report.",['0_0_0']
"In a statement accompanying the release of the study, Dr. Huber said the results were important because the overall measure of cyclone activity, whether through more intense storms or more frequent storms, had doubled with a one-quarter-degree increase in average global temperature.",['0_0_0']
"U.S. fossil fuels are produced with strict environmental standards, making them cleaner than those from other countries, so there's no harm in continuing to use them.",['7_2_3']
"Sir Brian Hoskins: I think we have to learn two lessons from this. The first one is that by increasing the greenhouse gas levels in the atmosphere, particularly carbon dioxide, to levels not seen for millions of years on this planet, we are performing a very risky experiment. Were pretty confident that that means if we go on like we are the temperatures are going to rise somewhere between 3-5 degrees by the end of this Century, sea levels up to half to 1 metre rise.",['0_0_0']
"Over the past century and a half, the earth has warmed about 0.8 o C, on average.",['0_0_0']
"It was the warmest July since at least 1880 in western Russia. The heat wave led to an increase in deaths in the region, as well as drought, widespread fires, increased air pollution and severe crop damage. Also affected by the warming were Belarus, Ukraine and the Baltic nations.",['0_0_0']
"Rather than a raw accumulation of carbon emissions in the air, its an accumulating effect that we wish to measure this time, including non-emission aspects like land-use changes that also ruin the atmosphere. As the governments chief authority says, after all, its a safe bet that atmospheric changes since the Industrial Revolution are due to human intervention. Logically, then, whats bad must stay bad if it is to echo across the centuries.",['0_0_0']
"Scientists have observed an increase in carbon dioxide's greenhouse effect at the Earth's surface for the first time. The researchers, led by scientists from the US Department of Energy's Lawrence Berkeley National Laboratory (Berkeley Lab), measured atmospheric carbon dioxide's increasing capacity to absorb thermal radiation emitted from the Earth's surface over an eleven-year period at two locations in North America. They attributed this upward trend to rising CO 2 levels from fossil fuel emissions.",['0_0_0']
"which tree species can survive, and animals are shifting to new habitats as well.Are these gradual changes in the wild consistent with dramatic scientic assessments of a crystallizing planetary emergency? Unfortunately, yes. Present examples only hint at the scale of the planetary emergency that climate studies reveal with increasing clarity",['0_0_0']
"Right now, were increasing CO2 levels and temperatures anywhere from 100 to 200 times faster than anything weve seen over the last 800,000 years, said Richard Feely, a scientist at the National Oceanic and Atmospheric Administrations Pacific Marine Environmental Laboratory. And its at least 10 times faster than weve seen over the past 50 million years.",['0_0_0']
"I, of course, was interested in the claim the North Sea had warmed by about a degree Celsius over the last 50 to 100 years, which is something like six times faster than pretty much any marine area around the world.",['0_0_0']
"the 12 hottest years on record have all come in the last 15.Heat waves, droughts, wildfires, and floods all are now more frequent and intense.We can choose to believe that Superstorm Sandy, and the most severe drought in decades, and the worst wildfires some states have ever seen were all just a freak coincidence. Or we can choose to believe in the overwhelming judgment of science and act before its too late.",['0_0_0']
"""A common confusion between weather and climate arises when scientists are asked how they can predict climate 50 years from now when they cannot predict the weather a few weeks beyond a few days. Projecting changes in climate (i.e., long-term average weather) due to changes in atmospheric composition or other factors is a very different and much more manageable issue.""",['0_0_0']
We know that the Antarctic Peninsula (advertised as the fastest warming place on the planet) is a volcanic chain which has seen  recent activity.,['2_1_2']
"Specifically, Joughin et al. ,writing in Science , find that 'in as few as 2 centuries Thwaites Glaciers edge will recede past an underwater ridge now stalling its retreat. Their models suggest that the glacier will then cascade into rapid collapse.' Rignot et al. ,writing in Geophysical Research Letters (GRL), 'describes recent radar mapping of West Antarcticas glaciers and confirms that the 600-meter-deep ridge is the final obstacle before the bedrock underlying the glacier dips into a deep basin.'",['0_0_0']
"Attempts to resolve the arguments are plagued with problems, a lot of which are inherently insoluble. There are many aspects of the behaviour of the natural climate system and of human society that are unpredictable in principle, let alone in practice.",['5_0_0']
"It is very likely that several of the unprecedented extremes of the past decade would not have occurred without anthropogenic global warming, said the study.",['0_0_0']
"Glaciers are melting, sea levels are rising, cloud forests are drying, and wildlife is scrambling to keep pace. Its becoming clear that humans have caused most of the past centurys warming by releasing heat-trapping gases as we power our modern lives. Called greenhouse gases, their levels are higher now than in the last 650,000 years.",['0_0_0']
"Frances grape harvest is expected to slump by almost 20 per cent compared with last year. Italys grape crop showed a 7 per cent drop on top of a decline in 2011, said Coste.",['0_0_0']
"A team of seven scientists from various agencies in China began their article noting In the past 100 years, the mean surface temperature in China has increased by 0.40.6C, and it is expected that the average surface temperature in western China will rise by 1.7C in the next 30 years and by 2.2C over the next 50 years. Furthermore, Xiao et al. report The annual mean rainfall decreased by about 60 mm [~2.4 in.] from the 1950s to the 1990s in semiarid regions of China, and a loss of soil moisture through evaporation increased 3545 mm [~1.5 in.] due to the temperature increase. The rainfall and available soil moisture throughout the entire growing stage of the crops was about 100 mm [~4 in.] lower in the 1990s than in the 1950s. As a result, concerns about the vulnerability of agricultural production to climate change are increasing. For example, it is likely that evaporation will increase and soil moisture will decline in many regions as the temperature increases. If that is not enough bad news, they state There is now strong evidence that overall crop yields will decrease by 510% in China by 2030 as a result of climatic changes, and that the yields of wheat, rice and maize will be greatly reduced.",['0_0_0']
"Between 30 and 65 percent of the ice gain due toenhanced snowfall in Antarctica is countervailed by enhanced iceloss along the coastline, says lead-author Ricarda Winkelmann.",['0_0_0']
"Firstly, we know more about how rising temperatures will reduce the effectiveness of carbon sinks: the science now tells us that for any given level of emissions, concentrations of greenhouse gases (GHGs) and temperatures will increase by more than the RCEP report anticipated.",['0_0_0']
"It is true that the signature of human-induced global warming is clearly apparent in the increasing number of new high temperature records, which are currently outnumbering low temperature records by a factor of about 3 to 1. Just as a rising tide lifts all ships, a rise in global mean temperature is bound to raise the levels of the highest temperatures.",['0_0_0']
Climate scientists are claiming that 2003 was the hottest year Britain has seen since record-keeping began in 1659; most blame man's emissions of greenhouse gases as the prime cause. The truth is that we still don't know that the warmer summers of recent years are due to man's handiwork. The variation could be natural and there's no saying that the current trend will continue.,"['2_1_0,', '5_0_0']"
"Corals didn't even have a chance to bleach. They just went straight to dead,' said Johnson, who joined teams of divers last week surveying reefs in the Florida Keys National Marine Sanctuary. 'It's really ecosystem-wide mortality.'",['0_0_0']
"aku Glacier is monitored by the Juneau Icefield Research Program, which has documented its rate of advance since 1988 at 56feet (17 meters) per year.",['1_1_4']
"From supporting global security to advancing medical research, the U.S. is already a force for societal good, so tackling climate change doesn’t need to be a priority.",['4_4_3']
The Russian cutoff of natural gas to Europe was also a reminder of the geopolitical risk of discouraging domestic coal under cap and trade.,"['7_2_2,', '4_1_2']"
"Indeed, spring snow cover in Eurasia seems to be down markedly according to this plot from Rutgers Snow Lab:",['0_0_0']
"Although cap-and-trade backers claim it will cut greenhouse gas emissions, it may perversely increase them and also result in dirtier air, as well as harming forests and water supplies.","['4_1_3_1,', '4_2_0']"
I think the evidence is overwhelming that all measures of the planet are statistically much warmer than any sort of normal level in recent history would suggest.,['0_0_0']
"If this is how global warming/climate change affects food production in Africa, Africa needs more of it.","['3_2_0,', '3_3_0']"
"What we can already say, based on our latest studies, is: We currently find ourselves on the warmest possible future trajectory [] The temperature projection shows a warming of more than eight degrees Celsius in the year 2200.",['0_0_0']
"Researchers have understood, and have been concerned for some time, that warmer temperatures will speed up the rate of decomposition of stored organic matter in soils, a process that ordinarily is slow. This faster rate of decomposition, in turn, could further increase carbon released to the atmosphere and cause even greater global warming.",['0_0_0']
The good news is that our research provides crucial new evidence of how swift action to reduce CO2 and other greenhouse gases can prevent the biodiversity loss by reducing the amount of global warming to 2 degrees Celsius rather than 4 degrees. This would also buy time up to four decades ' for plants and animals to adapt to the remaining 2 degrees of climate change.,['0_0_0']
Neither the proposed legislation nor the ancillary materials offer an empirical estimate or even a qualitative assertion about the environmental benefits to be yielded by the proposed carbon pollution tax.,['4_2_2']
"Train alsocites the Supreme Courts 2007 ruling, Massachusetts v. EPA (549 U.S. 497, 2007), as proof that Congress intended to regulate greenhouse gases through the Clean Air Act. The Court, henotes, held that greenhouse gases fit well within the Clean Air Acts definition of an air pollutant.",['0_0_0']
"The first climate study to focus on variations in daily weather conditions has found that day-to-day weather has grown increasingly erratic and extreme, with significant fluctuations in sunshine and rainfall affecting more than a third of the planet.",['0_0_0']
"The year 2012 was the warmest on record for the contiguous United States, beating the previous record by a full degree in temperature, a government climate agency said on Tuesday. Scientists at the National Oceanic and Atmospheric Administration said the average temperature in 2012 in the contiguous United States was 55.3 degrees Fahrenheit (12.94 degrees Celsius), 3.2 degrees above the average recorded during the 20th century and 1.0 degree above 1998, until now the hottest on record .",['0_0_0']
"Increased temperatures are not the only change animals will have to adapt to, Secord said. Greenhouse experiments show that increased atmospheric carbon dioxide lowers the nutritional content of plants, which he said could have been a secondary driver of dwarfism during the PETM.",['0_0_0']
"Global mean surface temperatures remain high, with the last decade being the warmest on record.",['0_0_0']
"Humans have already caused so much damage to the atmosphere that the effects of global warming will last for more than 1,000 years, according to a summary of a climate-change report being prepared by the world's leading scientists.",['0_0_0']
"Lets also be quite clear that science does not work by way of consensus, and the same is true of global warming. Science does not progress by appeal to authority; in fact, major scientific advances usually come from outside the consensus; one can cite many classic examples, from Galileo to Einstein. [Another way to phrase this issue: Scientific veracity does not depend on fashionable thinking.] In other words, the very notion of a scientific consensus is unscientific.",['5_1_0']
"The Antarctic Sea Ice Extent on Sept 13, 2014 may have set a new all time record (at least for the satellite era, we don't have data prior to that).",['1_1_1']
We are already contributing enough to the societal good we don't need to also address climate change issues,['4_4_3']
"It was global warming, until our planet stopped warming around 1995. The alarmist mantra then became climate change or climate disruption or extreme weather.","['1_4_0,', '1_8_0,', '6_1_0']"
"Chukchi Sea and Southern Davis Strait bears, for example, are doing very well  contrary to all predictions  despite marked declines in summer sea ice because they have ample food during their critical spring feeding period when sea ice is abundant.",['3_2_2']
"One answer often given (and the one I often use, too) is that since we emit twice as much as is needed to explain the atmospheric increase, there is no reason to look elsewhere. Just assume the huge natural sources and sinks of CO2 are in balance, and then humans are responsible for the small changes we see.",['0_0_0']
"Using Sites field notes for comparison, Sinervo and collaborators resurveyed 48 species of spiny lizards (Sceloporus) at 200 sites in Mexico where the lizards had been studied between 1975 and 1995. They found that 12 percent of the local populations had gone extinct.",['0_0_0']
Global warming and Mann have been worth millions of grant dollars and lots of publicity for Penn State. But one would think the institution's integrity is worth more.,['6_1_5']
"And: Energy storage is not needed for wind ener gy. The U.S. has added 60 GW of wind, and Europe even more, with zero need to add energy storage. As explained above, there is plenty of flexibility on the existing power system.",['0_0_0']
"The researchers analyzed observational data collected between 1979 and 2010 and found that a decrease in autumn Arctic sea ice of 1 million square kilometers the size of the surface area of Egypt corresponded to significantly above-normal winter snow cover in large parts of the northern United States, northwestern and central Europe, and northern and central China.",['0_0_0']
"The U.S. has already reduced its emissions to 1990 levels and invested heavily in clean energy, so there's no need for even stricter climate policies.",['4_4_2']
he IPCC's catastrophic anthropogenic global warming (CAGW) alarmists have long predicted that increasing CO2 levels will directly cause global warming to reach anywhere from 3 to 10 degrees Celsius higher in the near future. In essence the world's maximum temperatures are being exclusively driven to dangerous heights by CO2.,"['3_4_0,', '6_1_5']"
"The paper compares the period from 1951 to 1980 to 1981-2010. According to Hansen and his two co-authors, summers that they consider extremely hot went from covering just 1% of the earth in the first era to 10% in the latter period.",['0_0_0']
"The study doesnt analyse the impact of other factors, such as melting glaciers and ice sheets, on sea levels. These factors are expected to accelerate sea level rise further.",['0_0_0']
". . . CO2 provides a measurable direct addition to the atmospheric trapping of infrared radiation leaving the surface of our planet. However, a simple comparison of the relative greenhouse efficiencies of water vapor and CO2 quickly becomes problematic because water vapor enters the climate system mostly as a feedback gas . . . Thus, as climate warms (cools), the holding capacity of the atmospheric water vapor increases (decreases) exponentially. This is a powerful water vapor positive feedback mechanismthat is, a process that acts to amplify the original warming caused by increasing CO2 levels. With this major positive feedback, the modeled climate sensitivity increases by about a factor of three, to roughly 3 C .",['0_0_0']
"Its a vicious cycle warmer temperatures mean clouds trap more heat, which in turn leads to even more warming, Dessler says.",['0_0_0']
"Carbon dioxide is an excellent infrared absorber, and therefore, its increasing presence in the atmosphere contributes to global warming; and",['0_0_0']
"The debate has been intensifying because Earth is warming much faster than some researchers had predicted. James E. Hansen, who directs NASA's Goddard Institute of Space Studies, last week confirmed that 2005 was the warmest year on record, surpassing 1998. Earth's average temperature has risen nearly 1 degree Fahrenheit over the past 30 years, he noted, and another increase of about 4 degrees over the next century would imply changes that constitute practically a different planet.'",['0_0_0']
"This would take us halfway back towards the last Ice Age, and would kill hundreds of millions. Colder is far more dangerous than warmer.",['3_6_0']
"We find that ocean-driven ice-shelf thinning is in all cases coupled with dynamic thinning of grounded tributary glaciers that together account for about 40% of Antarctic discharge and the majority of Antarctic ice-sheet mass loss2. In agreement with recent model predictions, we conclude that it is reduced buttressing from the thinning",['0_0_0']
"The authors write that ""carbon sequestration as a climate change mitigation policy has received significant attention over the past several years,"" and they note that planting young fast-growing trees to absorb excess atmospheric CO 2 ""has recently gained potentiality, leading to identification of tree species with high CO 2 sequestration capacity."" What was done",['0_0_0']
Sub-zero temperatures occur only half as frequently in northern cities as they did 75 years ago.,['0_0_0']
"Naturally they claim this ancient forest was wiped out by global warming, somehow forgetting to mention that for hundreds of millions of years  prior  to the Carboniferous age atmospheric carbon dioxide had been somewhere north of 3,000ppm, possibly  far north.",['2_3_6_1']
"Perhaps more perverse is that these subsidies significantly obstruct the long-term success and viability of the very technologies and energy sources that they were intend to promote. Instead of relying on a process that rewards competition, taxpayer subsidies prevent a company from truly understanding the price point at which the technology will be economically viable.",['4_2_8']
"Water Vapor accounts for the largest percentage of the greenhouse effect, between 36% and 66% for clear sky conditions and between 66% and 85% when including clouds.",['2_3_4']
premature deaths (in the UK) due to hot weather will increase by between 580 and 5900 pa.,['0_0_0']
"Reducing emissions is often more cost-effective in developing countries where green technology and efficiency improvements can have a big impact. By investing in renewable energy and reforestation projects abroad, we can reduce global emissions more effectively and at a lower cost than if we only focused on making expensive changes at home.",['4_2_15']
"When temperatures rise as a result of smokestack and tailpipe emissions, droughts, heat waves, and floods become more frequent and more intense. The temperatures create 'more and more hot extremes and worse unprecedented extremes and that's what we're seeing,' said Neville Nicholls, a climate scientist at Monash University in Melbourne, Australia.",['0_0_0']
"The recently released National Academy of Sciences report on climate change has wrongly been characterized as proving humans are a significant culprit. The reality is, it does no such thing.","['2_0_0,', '5_1_0']"
"Our research suggests in a warming world we are likely to see more extreme El Nio and La Nina events, which over the past decade in Australia have been related to extreme flooding, persistent droughts and dangerous fire seasons,' said lead author Dr Shayne McGregor from UNSW",['0_0_0']
Climate not to blame for African civil wars,['3_5_0']
"Since the discovery and generation of energy with coal, oil, and natural gas, generations have lived lives not only different from all who preceded them, but better in so many ways, not the least of which is extended life expectancy. Nations with energy are places where people live longer, healthier lives. They are also wealthier nations where the energy translates into industry, jobs, transportation, and all the other attributes of modern life.","['7_2_1,', '7_3_0']"
"As fossil fuel emissions increase, so does the amount of carbon dioxide oceans absorb and dissolve, lowering their pH levels. ""As pH declines, there is this concern that marine species that have shells may start dissolving or may have more difficulty making calcium carbonate, the chalky substance that they use to build shells,"" said Debora Iglesias-Rodriguez, a professor in UCSB's Department of Ecology, Evolution and Marine Biology.",['0_0_0']
"James Hansen, who cautioned of the dangers of climate change as long ago as 1988 , said the deadly European heat wave of 2003, the Russian heat wave of 2010 and the catastrophic droughts in Texas and Oklahoma last year could all be linked to climate change .",['0_0_0']
"The key player in the process is the Indo-Pacific warm pool, an enormous, bathtub-shaped area spanning a region of the tropical oceans from the east coast of Africa to the International Date Line in the Pacific. The warm pool has heated by about 1 degree Fahrenheit, or 0.5 degrees Celsius, in the past 50 years, primarily because of human-generated emissions in greenhouses gases.",['0_0_0']
"The Met Office says despite the change, ""we will continue to see near-record levels of global temperatures in the next few years"".",['0_0_0']
"Earths climate is remarkably sensitive to forcings, i.e. imposed changes of the planets energy balance. Both fast and slow feedbacks turn out to be predominately positive. As a result, our climate has the potential for large rapid fluctuations. Indeed, the Earth, and the creatures struggling to exist on the planet, have been repeatedly whipsawed between climate states.",['0_0_0']
"Not to be an alarmist, but the signs of global warming are everywhere. From melting ice caps and rising sea levels to increasing sea and air temperatures, symptoms of the greenhouse effect are ever present. And while these sound like academic consequences of a purely scientific problem, there are real global warming consequences to life on earth , ranging from the spreading of disease to the degradation of air quality.",['0_0_0']
"The Keeling curve, which is widely used to show the increase in CO2 emissions, is based on data from the top of Mount Mauna Loa in Hawaii. Mauna Loa is a volcano and it doesn’t seem to me that a volcano is the best place to be taking CO2 measurements.",['5_3_0']
Global Warming: Melting Down the Facts About this Overheated Myth,"['5_0_0,', '6_1_0']"
"But now that global warming alarm has been rebranded as ""climate change,"" what about a warning posted by Office of Science and Technology Director on the White House website that global warming will cause cold winters to happen with greater regularity?","['1_8_0,', '1_3_0']"
Nowadays it is clear that the climatic unstability is mostly caused by human activities. Yes.,['0_0_0']
"Economic Consequences The costs associated with climate change rise along with the temperatures. Severe storms and floods combined with agricultural losses cause billions of dollars in damages, and money is needed to treat and control the spread of disease",['0_0_0']
"He said the increased frequency of extreme weather would cause physical injury and psychological instability, as the population became anxious about storm, drought or extreme heat events.",['0_0_0']
Scenario 2: The earths temperature increases year-over-year at a rate equal to the observed rise in the temperature observed during the period 1951-2012 (a rate of 0.0107C/decade). This represents a continuation of the observed trend.,['0_0_0']
A trio of oil companies led by Chevron Corp. has tapped a petroleum pool deep beneath the Gulf of Mexico that has the potential to boost the nation's reserves by more than 50 percent.,['7_1_0']
"CLEVELAND. February 18.Dr. William S. Carlson, an Arcticexpert, said last night that polar ice caps were melting at an astonishing and unexplained rate,and threatening to swamp seaports by raising ocean levels.",['0_0_0']
DENVER A study of two Rocky Mountain ski resorts says climate change will mean shorter seasons and less snow on lower slopes.,['0_0_0']
"Just as in medieval times when the people were expected to (and often did) believe everything they were told by the priest, now we see that  it is the scientist whose word is gospel. Even today panellists on  programmes such as BBC Question Time who question climate change can be booed and jeered at by people who read scientific papers on the issue even less than illiterate medieval peasants read the Bible, at the time still un-translated from the Latin.",['6_1_1']
Warmer-than-average conditions were present for much of the U.S. east of the Rockies. Twenty states had monthly temperatures that ranked among the ten warmest on record. Near-average conditions were present for the Northern Plains and much of the West. The Pacific Northwest was slightly warmer than average.,['0_0_0']
"For instance, in terms of these most basic heating and cooling concepts (energy gain and energy loss), the same thing happens when you put a blanket over yourself when it is cold. The blanket stays cooler than your skin, but it nevertheless makes your skin warmer than if the cooler blanket was not there. Even though the direction of flow of heat never changes (it is always from warmer to cooler objects), a cooler object can still make a warm object even hotter.",['0_0_0']
"Rapid loss of ice-mass from glacers are cited as proof positive of global warming's onslaught. The latest measurements, however, suggest significantly smaller overall ice-mass losses than previous estimates.",['1_1_4']
"There is no rise in the Sea Surface Temperature of the East Pacific Ocean, about 33% of the global ocean surface area, since 1982.",['1_5_0']
"Global warming could also be a factor because it is supposed to increase weather extremes, according to climate scientists, says the Belfast Telegraph.",['0_0_0']
"Theglobal warmingsignal is now louder than the noise of random weather, as I predicted would happen by now in the journal Science in 1981. Extremely hot summers have increased noticeably. We can say with high confidence that the recent heat waves in Texas and Russia, and the one in Europe in 2003, which killed tens of thousands, were not natural events they were caused by human-induced climate change.",['0_0_0']
"2) In the process, however, greenhouse gases drastically change the vertical temperature structure of the atmosphere, warming the lower layers, and cooling the upper layers. Think of greenhouse gases as a ""radiative blanket"" - when you add a blanket over a heat source, it warms the air between the blanket and the heat source, but it cools the air away from the heat source.",['0_0_0']
"The sea ice monthly extent for September 2011 was 4.6 million square kilometers, based on National Snow and Ice Data Center (NSIDC) estimates. This was the second lowest extent behind 2007 and 2.4 million square kilometers below the 1979 to 2000 average.",['0_0_0']
"Instead of forcing the current generation to invest in climate policy, they should be forced to invest in infrastructure, machinery, tools, factories or anything else that would lead to greater production (and therefore consumption) capacity in the future.",['4_2_14']
"The observations cannot be explained by natural factors, Dr Stott said. Since 1980, the Earth has warmed by about 0.5C and is now warming at a rate of about 0.16C per decade, with even higher rates at higher latitudes such as in the Arctic.",['0_0_0']
"Here is the most frightening part: The amount of submarine methane clathrate far out-weighs permafrost methane clathrate by a factor of 10. The submarine methane currently locked up in ocean trenches and continental shelves totals some 10,000 billion tons, or 10 trillion tons. If even a small percentage of this submarine methane is released, the entire biosphere will be toast .",['0_0_0']
"""We were completely shocked by the warm surface temperatures at the NEEM camp in July 2012,"" says Professor Dorthe Dahl-Jensen. ""It was even raining and just like in the Eemian, the meltwater formed refrozen layers of ice under the surface. Although it was an extreme event the current warming over Greenland makes surface melting more likely and the warming that is predicted to occur over the next 50-100 years will potentially have Eemian-like climatic conditions,"" she believes.",['0_0_0']
You genuinely have to be an idiot to think that Arctic sea ice is recovering,['0_0_0']
The temperature has been warming over the last century and has increased the most within that period in the last 30 or so years.,['0_0_0']
"5. NCA assertion : U.S. average temperature has increased by 1.3F to 1.9F since 1895, and most of this increase has occurred since 1970.",['0_0_0']
"The result of such a major shift in the biosphere would be mixed, Barnosky noted, with some plant and animal species disappearing, new mixes of remaining species, and major disruptions in terms of which agricultural crops can grow where.",['0_0_0']
"Figure 4 shows the sea ice index during most of 20th century. During the first two decades heavy sea ice was quite common along the coasts of Iceland, but in the 1920s a drastic change occurred. Sea ice along the coasts of Iceland became an uncommon characteristic and almost a forgotten phenomena around the middle of the century. An abrupt change occurred in the mid-1960s.",['0_0_0']
"New international climate data show that 2005 is on track to be the hottest year on record, continuing a 25-year trend of rising global temperatures.",['0_0_0']
"This has caused the ocean to acidify at a rate about 100 times faster than at any time in the past 650,000 years.",['0_0_0']
"Temperatures around the world could rise by as much as 11C, according to one of the largest climate prediction projects ever run.",['0_0_0']
"But according to increasing numbers of serious climate scientists, it does suggest that the computer models that have for years been predicting imminent doom, such as those used by the Met Office and the UN Intergovernmental Panel on Climate Change, are flawed, and that the climate is far more complex than the models assert.",['5_4_0']
"Andrew Dessler, a professor of atmospheric sciences at Texas A&M, says warming due to increases in greenhouse gases will cause clouds to absorb more heat, which will lead to additional warming, a university release said Thursday.",['0_0_0']
"A considerable change of climate inexplicable at present to us must have taken place in the Circumpolar Regions, by which the severity of the cold that has for centuries past enclosed the seas in the high northern latitudes in an impenetrable barrier of ice has been, during the last two years, greatly abated.",['0_0_0']
The AP report on eagle deaths was published just one day after the Fish and Wildlife Service revealed that it will not prosecute the operator of a proposed wind project.,['4_1_3_2']
"It could even be this year or next year but not later than 2015 there wont be any ice in the Arctic in the summer,",['0_0_0']
"Shortwave radiation passes largely unimpeded through the atmosphere. It strikes the ground and warms it. The warmed ground emits longwave radiation, some of which is absorbed by greenhouse gases, causing the atmosphere to warm.",['0_0_0']
"While we cannot say these events were due to global warming, it is highly likely these events would not have happened without global warming.",['0_0_0']
"The question of how climate model projections have tracked the actual evolution of global mean surface air temperature is important in establishing the credibility of their projections. Some studies and the IPCC Fifth Assessment Report suggest that the recent 15-year period (19982012) provides evidence that models are overestimating current temperature evolution . Such comparisons are not evidence against model trends because they represent only one realization where the decadal natural variability component of the model climate is generally not in phase with observations. We present a more appropriate test of models where only those models with natural variability (represented by El Nio/Southern Oscillation) largely in phase with observations are selected from multi-model ensembles for comparison with observations. These tests show that climate models have provided good estimates of 15-year trends, including for recent periods and for Pacific spatial trend patterns .",['0_0_0']
"Accelerated melting of two fast-moving outlet glaciers that drain Antarctic ice into the Amundsen Sea Embayment is likely the result, in part, of an increase in sea-surface temperatures in the tropical Pacific Ocean, according to new University of Washington research.",['0_0_0']
"Thirty-four degrees centigrade [Celsius] in Vietnam today, in May. Twenty-nine, thirty, thirty-two, thirty-three in places all around Europe, he said. Unprecedented. Breaks every record thats ever been seen.",['0_0_0']
"?_they estimate that about 746 cubic kilometres of ice are melting each year, overall. The ice melting is diluting the oceans, decreasing its density and raising sea levels as a consequence,' says Shepherd.",['0_0_0']
"New estimates also show that by 2100, the sea level will have risen by between 0.9 and 1.6 metres, which is approximately twice the increase predicted by the UNs panel on climate change, IPCC, in its 2007 report. This is largely due to the rapid melting of the Arctic icecap. Between 2003 and 2008, the melting of the Arctic icecap accounted for 40 per cent of the global rise in sea level.",['0_0_0']
"Summers are getting warmer and, despite the unusual temperatures this year along Australia's east coast, winters generally are not as cold as they used to be.",['0_0_0']
"The piece completely misrepresented my work. My work has long taken the view that policies to slow global warming would have net economic benefits, in the trillion of dollars of present value. This is true going back to work in the early 1990s (MIT Press, Yale Press, Science, PNAS, among others). I have advocated a carbon tax for many years as the best way to attack the issue. I can only assume they either completely ignorant of the economics on the issue or are willfully misstating my findings.",['0_0_0']
I believe that the burning of fossil fuels over the last 50 years has caused serious damage to the planets climate. Strongly Agree,['0_0_0']
"Ocean heat touches on the very core of the AGW hypothesis:  When all is said and done, if the climate system is not accumulating heat, the hypothesis is invalid. Now that heat accumulation has stopped (and perhaps even reversed), the tables have turned.  The same criteria used to support their hypothesis, is now being used to falsify it.",['1_5_0']
"Studies have shown that shifts brought about by climate change make ocean and freshwater environments more susceptible to toxic algae blooms and allow harmful microbes and bacteria to proliferate , according to researchers from the National Oceanic and Atmospheric Administration (NOAA).",['0_0_0']
"SAN FRANCISCO, Oct. 13, 2011 ' The tiny phytoplankton Emiliania huxleyi , invisible to the naked eye, plays an outsized role in drawing carbon from the atmosphere and sequestering it deep in the seas. But this role may change as ocean water becomes warmer and more acidic, according to a San Francisco State University research team.",['0_0_0']
"To paraphrase Gavin Schmidt, the individual ensemble members contain random noise that is inherent in each model. That noise limits the value of each individual ensemble member. The model mean, through averaging, minimizes model noise, revealing the forced component. In other words, the model mean is the best-guess approximation of the modelers assumptions about how climate on Earth is supposed to respond to human-induced global warming.",['0_0_0']
"Can light-colored rooftops and roads really curb carbon emissions and combat global climate change? The idea has been around for years, but now, a new study by researchers at Lawrence Berkeley National Laboratory that is the first to use a global model to study the question has found that implementing cool roofs and cool pavements in cities around the world can not only help cities stay cooler, they can also cool the world, with the potential of canceling the heating effect of up to two years of worldwide carbon dioxide emissions.",['0_0_0']
"11 of the past 12 years rank among the warmest since humans began taking accurate temperature measurements in the 1850s, a record of extremes so pronounced it is unlikely to be due to chance.",['0_0_0']
The results reproduce Antarcticas recent contribution to sea level rise as observed by satellites in the last two decades and show that the ice continent could become the largest contributor to sea level rise much sooner than previously thought.,['0_0_0']
"Dessler adds, 'Over a century, however, clouds can indeed play an important role amplifying climate change.'",['0_0_0']
"With more CO 2 , more outgoing radiant energy is absorbed, changing the thermal dynamics of the atmosphere. All the extra greenhouse gasses that have entered the atmosphere since 1900, including CO 2 , equate to an extra 2.7 W/m 2 of energy absorption by the atmosphere. 10 This is the worrisome greenhouse effect.",['0_0_0']
It will make the case that humans are causing global warming with carbon emissions even more strongly upgrading it from very likely in 2007 to extremely likely it is manmade.,['0_0_0']
Researchers say the polar bear population this year appears to be in even worse shape than last year.,['0_0_0']
"Nor is it changing in the right direction 2010 was the hottest year on record; last year the 10th hottest, despite cooling currents in the Pacific. The Arctic ice shrank to the smallest volume ever. While the ice melts, changes in our energy economy are moving at a glacial place.",['0_0_0']
Most of the observed increase in globally averaged temperatures since the mid-20th century is very likely due to the observed increase in anthropogenic greenhouse gas concentrations.,['0_0_0']
"From a historical perspective, an atmospheric CO2 concentration of 400 ppm is actually almost scraping the bottom of the barrel. Over the Earths history, atmospheric CO2 concentrations have ranged from 180 ppm to 7000 ppm.",['2_3_6']
"Phylogenetically-controlled regressions were used to test whether species traits correlated with predicted responses to climate change. Climate change is likely to impact more than two-thirds of lagomorph species, with leporids (rabbits, hares, and jackrabbits) likely to undertake poleward shifts with little overall change in range extent, whilst pikas are likely to show extreme shifts to higher altitudes associated with marked range declines, including the likely extinction of Kozlovs Pika (Ochotona koslowi). Smaller-bodied species were more likely to exhibit range contractions and elevational increases, but showing little poleward movement, and fecund species were more likely to shift latitudinally and elevationally. Our results suggest that species traits may be important indicators of future climate change and we believe multi-species approaches, as demonstrated here, are likely to lead to more effective mitigation measures and conservation management. We strongly advocate studies minimising data gaps in our knowledge of the Order, specifically collecting more specimens for biodiversity archives and targeting data deficient geographic regions.",['0_0_0']
One of the energy firms hoping to exploit the UKs resources of shale gas says it may be sitting on significantly more gas than previously thought.,['7_1_0']
"We found that the large amount of ocean warming goes a long way to explaining why glaciers have retreated so much,' said Tripati, a faculty member in the College of Letters and Science and a member of UCLA's Institute of the Environment and Sustainability. 'Throughout the region, they have retreated by close to a kilometer since the last ice age, and are predicted to disappear in the next one to three decades. Previously understanding this large-scale glacial retreat has been a puzzle. Our results help resolve this problem.'",['0_0_0']
"If it wasn’t for machines and of course the fuel that powered them, I would be dead. Now I don’t feel as bad when people try and put the moral “right” on banning fossil fuels","['7_2_0,', '4_1_0']"
Fracking is a dangerous way of getting oil and gas and a shortsighted energy strategy.,['0_0_0']
Leaked United Nations report reveals the world's temperature hasn't risen for the last 15 years.,['1_4_0']
"Through [the de Vries solar cycle's] influence the temperature will decrease until 2100 to a value like the one of the last Little Ice Age 1870, the scientists wrote.","['1_2_0,', '2_1_1']"
"In respect to the contemporary popularity of tree-frogs, which are recognised as early indicators of environmental stress, I am advised from time to time that certain endemic species are thought to have become extinct, whilst others are disappearing.",['0_0_0']
"While the yearly loss of the mountain glaciers was most apparent from the retreat of their margins, Mr Thompson said an equally troubling effect was the thinning of the ice fields from the surface.",['0_0_0']
"In April of last year, 47% of Americans blamed human activity versus 34% who viewed long-term planetary trends as the culprit. But the numbers have been moving in the direction of planetary trends since then.",['4_2_7']
"Arctic sea ice area is currently almost 2 million square kilometers higher than one year ago. It is near normal for the end of October, humiliating some would-be ""predictions.",['1_1_3']
That material has been used to produce the hockey stick graph which is relatively flat for centuries before rising steeply in recent decades.,['0_0_0']
"The IPCC drew that conclusion from the Jones et al 1990 Letter to Nature which examined temperature data from regions in Eastern Australia, Western USSR and Eastern China, to conclude that 'In none of the three regions studied is there any indication of significant urban influence..' That has led to the IPCC claim that for decades, urban warming is less than 0.05 per century.",['0_0_0']
"By the end of the century, assuming the current emissions trends, Bostons average summer high temperatures will be more than 10F hotter than they are now, making it feel as balmy as North Miami Beachis today. Summers in Helena, Mont., will warm by nearly 12F , making it feel like Riverside, Calif.",['0_0_0']
"The past decade has been one of unprecedented weather extremes. Scientists of the Potsdam Institute for Climate Impact Research (PIK) in Germany argue that the high incidence of extremes is not merely accidental. From the many single events a pattern emerges. At least for extreme rainfall and heat waves the link with human-caused global warming is clear, the scientists show in a new analysis of scientific evidence in the journal Nature Climate Change. Less clear is the link between warming and storms, despite the observed increase in the intensity of hurricanes.",['0_0_0']
Startling satellite pictures taken three days ago show that melting ice has opened up the fabled North-West and North-East Passages making it possible to sail around the Arctic ice cap.,['0_0_0']
"BAZELL: How do they know? Dr. Michael Mann and his team analyze human historical recordstree rings, glaciers, and all sorts of other evidence from as far back as the year 1400. Their conclusion: The earth has never been as warm as it is now. The reason: We burn things. And everything we burn from a match, to gasoline for cars, to coal for plants that generate electricity, pours the invisible gas carbon dioxide into the atmosphere, where it traps the suns heat, the greenhouse effect.",['0_0_0']
"You may also note that rate of sea level rise over recent years has been less than the long-term average. This is believed to be due to the recent La Ninas we have been experiencing, though research on this is continuing.",['1_6_0']
"Emissions reductions alone won’t get us there—carbon capture technology can pull CO₂ straight from the air and help us reach our climate goals faster. #CarbonRemoval #CleanTech""",['4_2_13']
I believe that most of the warming over the last 50 years is due to the increase in greenhouse gas concentrations.,['0_0_0']
"Compared to other types of data, the Princeton study shows that ice is melting from West Antarctica at a far greater rate than was previously known and that the western ice sheet is much more unstable compared to other regions of the continent, said first author Christopher Harig, a Princeton postdoctoral research associate in geosciences. Overall, ice-loss rates from all of Antarctica increased by 6 billion tons per year each year during the 11-year period the researchers examined. The melting rate from West Antarctica, however, grew by 18 billion tons per year every year, Harig and Simons found. Accelerations in ice loss are measured in tons per year, per year, or tons per year squared.",['0_0_0']
"First, let's start with what everyone knows: that atmospheric carbon dioxide concentrations, and global-averaged surface temperature, have risen since the Mauna Loa CO2 record began. These are illustrated in the next two figures.",['0_0_0']
"FOCUS also quotes Stefan Rahmstorf of the Potsdam Institute for Climate Impact Research, who says the recent Greenland high that forced hurricane Sandy into Americas east coast and a cold snap to grip Europe at the same time could be a consequence of the ice melt in the Arctic. Both the models simulations and measured data indicate a relationship between sea ice retreat and more frequent highs over Greenland.",['0_0_0']
"Reef-building corals are under increasing physiological stress from a changing climate and ocean absorption of increasing atmospheric carbon dioxide. We investigated 328 colonies of massive Porites corals from 69 reefs of the Great Barrier Reef (GBR) in Australia. Their skeletal records show that throughout the GBR, calcification has declined by 14.2% since 1990, predominantly because extension (linear growth) has declined by 13.3%. The data suggest that such a severe and sudden decline in calcification is unprecedented in at least the past 400 years.",['0_0_0']
"For example, in the new report, the IPCC says it is extremely likely 95 per cent certain that human influence caused more than half the temperature rises from 1951 to 2010, up from very confident 90 per cent certain in 2007.",['0_0_0']
"The thick ice that has for ages covered the Arctic Ocean at the pole has turned to water, recent visitors there reported yesterday. At least for the time being, an ice-free patch of ocean about a mile wide has opened at the very top of the world, something that has presumably never before been seen by humans and is more evidence that global warming may be real and already affecting climate",['0_0_0']
"California, New Mexico and other Western states have begun to suffer longer droughts , rapidly melting snowpacks and other effects thatscientists attribute to human-induced global warming.'",['0_0_0']
"Recent estimates from satellite data show a trend of -36 Gt/yr2 ice loss from Greenland and Antarctica, or about 0.1 mm/yr acceleration. This means by 2050, temperature expansion alone yields 9 cm, mountain glaciers yield 8 cm, and Greenland and Antarctica yield 15 cm, for a total of 32 cm (~1 foot) according to Rignot et al",['0_0_0']
The increase of carbon dioxide reduces the Earths long-wave emissions to space (greenhouse effect) so within half a century the average air temperature will increase by approximately 2 or 3C; the polar ice will dissolve and a sizeable sea level increase will submerge several coastal cities .,['0_0_0']
The recorded rise in CO 2 from 1958 of about 100ppm is larger than anything apparent in the proxy record. This unprecedented rise is seen as a fingerprint of recent human activity,['0_0_0']
"If China and if the U.S. oil companies have their way when we are facing a global warming crisis, there will be no future. The science supports this predictable fate. No living species or plants can survive in temperatures and droughts on this planet that exceed 130-150 degrees or more. Temperatures have risen to 115 degrees in the last few summers in the U.S. and globally. This is not hyperbole. Its not even a matter of coping with a new normal: were talking existential survival. The Arctic ice is rapidly melting and will soon vanish within the next two summers.",['0_0_0']
"A new NASA study shows Earths climate likely will continue to warm during this century on track with previous estimates, despite the recent slowdown in the rate of global warming.",['0_0_0']
"Sea levels are rising faster than they did 50 years ago and its very likely to get worse in the future, Nerem said.",['0_0_0']
":The SSTs (Sea Surface Temperatures) in the Gulf have been running perhaps 2 deg F above pre 1970 values. Warm waters also extend across the tropical Atlantic north of the equator in the region favored for hurricanes, and hence the recent NOAA forecast for an above average hurricane season (although the La Nina is fading and will likely be over by August, so there may be more competition from the Pacific).",['0_0_0']
"We have a great solution to America's current energy crisis, and we  do have one. And the great news is that the answer is here in our  backyard. We have more coal in the United States than any other country  in the world. We have abundant sources of natural gas","['7_1_0,', '7_3_0']"
"Mauna Kea had a large glacial ice cap of about 70 square kilometers until 14,500 years ago, which has now all disappeared, said Peter Clark, a professor of geosciences at OSU. Weve been able to use new data to determine specifically when, where and most likely why the glacier existed and then disappeared.",['0_0_0']
"Even if zero emissions of greenhouse gases were to be achieved, the worlds temperature would continue to rise by about a quarter of a degree over a decade. Thats a best-case scenario.","['4_2_0,', '4_3_0']"
A dramatic loss of sea ice covering the Barents and Kara Seas above northern Russia could explain why a chill Arctic wind has engulfed much of Europe and killed 221 people over the past week.,['0_0_0']
"Carbon is an essential part of natural and man-made systems. However, carbon dioxide becomes a pollutant when the concentration in the atmosphere results in harm to the functioning of the Earths climate system. The current global concentration of carbon dioxide is almost 400 parts per million (ppm), well beyond the natural range of the last 800,000 years of between 172 and 300 ppm. While many pollutants occur naturally, it is not until they reach a certain level of concentration that they become harmful. The harmful impacts of increases in carbon dioxide are already being observed, including warming of the Earths climate system and increasing acidity of the oceans. Coal-fired power stations are a major source of anthropogenic carbon dioxide emissions globally.",['0_0_0']
"The debate over whether global warming is natural or manmade is an artificial one: scientists know that both factors can affect the planets temperature. The real question is which factor is doing the heavy lifting and a new report in Nature released Wednesday says that on the Antarctic Peninsula, at least, human-generated greenhouse gases have almost certainly been by far the most important driver of warming over the past half-century.",['0_0_0']
"A new study on Northumberlands Chillingham cattle, published in the British Ecological Societys Journal of Animal Ecology, shows climate change is altering when the animals breed, and fewer calves are surviving as a result. (Independent)",['0_0_0']
"Bill Chameides, dean of Duke Universitys Nicholas School of the Environment and Earth Sciences, said Spencers arguments are what magicians call ignoratio elenchi or logical fallacy.Weve looked at every possible form of heat, including clouds, and the only source of heat is greenhouse gases, he said, adding its insulting that Spencer would suggest scientists are paid to come to this conclusion. Scientists make their reputation on debunking theories.",['0_0_0']
Our study is the first to provide a direct link between the establishment of an ice sheet on Antarctica and atmospheric carbon dioxide levels and therefore confirms the relationship between carbon dioxide levels in the atmosphere and global climate.,['0_0_0']
2. What is absolutely clear is that we have continued to see a trend of warming .,['0_0_0']
Their conclusion: the current extent of Arctic ice is at its lowest point for at least the last few thousand years.,['0_0_0']
"The most important thing to know about Antarctica and ice is that a large part of the South Poles great sheet of land ice is close to or at a point of no return for irreversible collapse, ThinkProgresss Joe Romm wrote in his piece about the new study . Only immediate action to sharply reverse CO2 emissions could stop or significantly slow that.",['0_0_0']
Cook: The warming over the past 60 years is consistent with the IPCC climate sensitivity range and inconsistent with Lindzen and Moncktons lowball climate sensitivity claims. Monckton claims the observational data supports his low sensitivity claims reality is that observational data contradicts them.,['0_0_0']
"In 2006, Dr. Hoegh-Guldberg warned that high temperatures might kill 30-40 percent of the coral on the Great Barrier Reef 'within a month.' In 2007, he said global warming temperatures were bleaching [potentially killing] the reef.",['0_0_0']
"Eight of the ten hottest years ever recorded have occurred during the past ten years. Scientists predict a daunting range of likely effects from global warming. Much of Florida and Louisiana submerged underwater. More record floods, droughts, heat waves, and wildfires. Diseases and pests spreading to new areas. Crop failures and famines. Melting glaciers, stronger storms, and rising seas. These are not Biblical plagues. They are the predicted result of human actions. They can be prevented only with a new set of human actions ' big choices and new thinking.'",['0_0_0']
"If carbon dioxide emissions aren't reduced in time, the Earth will pass a tipping point with irreversible, catastrophic consequences, including the disintegration of ice sheets and large-scale extinction of species, according to the scientific analysis Hansen provided to the lawsuit.",['0_0_0']
"The chances of our planet being hit by a global warming of 3 degrees Celsius by 2050 is as likely as it being hit by an increase of 1.4 degrees, new research shows. Presented in the journal Nature Geoscience, the British study ran close to 10 000 climate simulations on home computers via a sophisticated climate model to get the results, which suggest that failure to stop emissions will force Earth to cross the two-degree barrier before this century ends.",['0_0_0']
"This study demonstrates that ocean acidification not only affects external sensory systems, but also those inside the body of the fish. The ears of fish are buried deep in the back of their heads, suggesting lowered pH conditions may have a profound impact on the entire functioning of the sensory system.",['0_0_0']
The U.S. was already a climate leader long before the IIJA and the IRA became law.,['4_4_1']
There are many good reasons why most Americans and nearly all Republicans reject costly new restrictions on carbon dioxide.,['4_1_1']
"But even as global warming skeptics point out that there has been no warming since the late 1990s, news reports have been popping up about record heat in some parts of the world.",['0_0_0']
"From LED lighting to fuel-efficient vehicles, focusing on energy efficiency allows us to tackle climate change within our existing systems, avoiding the need for sweeping reforms.",['4_2_12']
"The next graph is the number of years above freezing per decade. As you can see, there were fewer years above freezing in the last decade than there were in the 1980s.",['0_0_0']
"Indeed, more recent studies confirm that the IPCC overestimated the level of greenhouse gas emissions humans are likely to create in the rest of this century, and may also overestimate overall population growth, economic growth, technological progress, and other factors that drive aggregate greenhouse gas emissions.",['5_0_0']
"The other study, herein dubbed the West Coast study, was published by the National Research Council and publicized with a Los Angeles Times headline that reads California sea levels to rise 5-plus feet this century, study says.",['0_0_0']
EPA Administrator Gina McCarthy admitted that the new regulations are unlikely to have measurable impact on world climate.,['4_2_2']
"The glass is opaque to that IR radiation, which cannot pass outward through the glass, and is thus retained within the enclosure and heats it further. Several definitions refer to the radiation as being trapped. It is argued that atmospheric gases that absorb IR thus trap radiation within the Earth and its atmosphere analogous to the glass top of the greenhouse.",['0_0_0']
"According to researchers, the ice cap covered 6 sq km (2 sq miles) 50 years ago. It is now less than 1 sq km.",['0_0_0']
"The authors introduce their study by writing that ""regional climate models project that future climate warming in Central Europe will bring more intense summer-autumn heavy precipitation and floods as the atmospheric concentration of water vapor increases and cyclones intensify,"" citing the studies of Arnell and Liu (2001), Christensen and Christensen (2003) and Kundzewicz et al . (2005).",['0_0_0']
"What can we conclude from all this? First, periods of slowing down and pauses in surface warming are not unusual in the instrumental temperature record. Second, climate model simulations suggest that we can expect such a period of a decade or more to occur at least twice per century, due to internal variability alone. Third, recent research suggests that ocean heat re-arrangements, with a contribution from changes in top of the atmosphere radiation, could be important for explaining the recent pause in global surface warming.",['0_0_0']
"The ocean is warming about 50 per cent faster than reported two years ago , according to an update of the latest climate science.",['0_0_0']
"Despite all the hype, there's no solid evidence that global warming is actually happening.",['1_0_0']
"The amount of rain falling in the heaviest downpours has increased approximately 20 percent on average in the past century, and this trend is very likely to continue",['0_0_0']
"The creation of a ""CO2 Greenhouse Effect Doom"" dogma will easily give more power and money to politicians and government officials, letting them introduce legislation and taxation on energy consumption and people\'s way of living by implementing policies infringing on technology, industry, and freedom.","['4_1_5,', '6_1_3']"
"If we continue to emit greenhouse gases at our current rate, we risk doubling that atmospheric CO2 level in roughly 2050.",['0_0_0']
"In order to gain knowledge of the temperature variability prior to the establishment of a widespread network of instrumental measurements c. AD 1850, we have to draw information from proxy data sensitive to temperature variations. Such data can be extracted from various natural recorders of climate variability, such as corals, fossil pollen, ice-cores, lake and marine sediments, speleothems, and tree-ring width and density, as well as from historical records (for a review, see IPCC 2007; Jones et al. 2009; NRC 2006). Considerable effort has been made during the last decade to reconstruct global or northern hemispheric temperatures for the past 1000 to 2000 years in order to place the observed 20th century warming in a long-term perspective (e.g., Briffa, 2000; Cook et al., 2004; Crowley and Lowery, 2000; DArrigo, 2006; Esper et al., 2002; Hegerl et al., 2007; Jones et al., 1998; Jones and Mann, 2004; Juckes et al., 2007; Ljungqvist, 2010; Loehle, 2007; Mann et al., 1999; Mann et al., 2008; Mann et al., 2009; Mann and Jones, 2003; Moberg et al., 2005; Osborn and Briffa, 2006).",['0_0_0']
"Green hypocrisy: Fighting climate change by slaughtering eagles, financed by taxpayers",['4_1_3']
"Carbon dioxide levels rose from approximately 180 parts per million to 280 parts per million at the end of the last Ice Age, which spanned nearly 7,000 years. Following more than a century of industrialization, carbon dioxide levels have now risen to approximately 400 parts per million.",['0_0_0']
Reliance on mechanisms like the Asia-Pacific Partnership to transfer technology to developing countries can also be a strong factor in global greenhouse gas reductions.,['4_2_15']
"The Willis et al. measured heat storage of 0.62 W/m2 refers to the decadal mean for the upper 750 m of the ocean. Our simulated 1993-2003 heat storage rate was 0.6 W/m2 in the upper 750 m of the ocean. The decadal mean planetary energy imbalance, 0.75 W/m2 , includes heat storage in the deeper ocean and energy used to melt ice and warm the air and land. 0.85 W/m2 is the imbalance at the end of the decade .",['0_0_0']
"Biologists are dubious that the species could survive in regions with little spring snow or significantly higher summertime temperatures. Concerned over habitat loss and the potential threat of climate change, the U.S. Fish & Wildlife Service announced in December 2010 that the wolverine warrants protection under the Endangered Species Act, but delayed that protection because other species took higher priority.",['0_0_0']
"Mann: In the Arctic, loss of sea ice and thawing permafrost are wreaking havoc on indigenous peoples and ecosystems.",['0_0_0']
"But lower math also argues in favor of anthropogenic contributions to global warming. On my other blog I note that concentrations of CO2 in the atmosphere are climbing more rapidly than just 30 years agofrom 1980 through 1993I notice that the mean rise in concentrations from has a fairly modest average of 1.45 ppm. However, the average from 1993 to 2013 jumps to 1.96 ppm. Early in the data series, there is only one year over 1.6 ppm increase. In 1994 the increase jumps to 1.75 ppm and from 1994 to 2013 there are only twoyears with an increase below 1.6 ppm.",['0_0_0']
The emissions trading scheme is at the heart of the Rudd Governments plan to reduce greenhouse emissions. It is the best way to tackle climate change at lowest cost to families and business.,['0_0_0']
"According to theUniversity of Nebraska-Lincolns National Drought Mitigation Center, western and central parts of the state experienced the worst conditions . Droughts in these areas were categorized as Extreme and Exceptional.",['0_0_0']
"Pioneering projects like this are what will help the U.S. recapture the lead when it comes to supporting innovation in the global clean energy economy, he said. Not only is this investment creating thousands of jobs, but it is also increasing our renewable energy manufacturing capacity and putting us on the path for our future prosperity.",['0_0_0']
"The implications are far-reaching, and once more imply that the Intergovernmental Panel on Climate Changes projections are conservative : temperatures are likely to rise higher than predicted .",['0_0_0']
"Unilateral imposition of such a tax would offer little to no climate benefit. The idea that China and India would follow the US ""lead"" on this issue is absurd. As I like to say, China is as likely to follow the example of the U.S. on carbon controls as it has with regard to human rights, civil rights, religious freedoms, etc. China and India will act on their economic interests, and theyve been quite honest about that.",['4_2_4']
All ten of the hottest years on record have occurred since 1990. The warmest year since global records,['0_0_0']
"And he has the legal authority to do it. Under the terms of a sweeping 1990 law, the Clean Air Act Amendments, EPA must regulate harmful pollutants that endanger human health. And in 2009 [sic, should read 2007] , prodded by a Supreme Court ruling, the agency designated carbon dioxide a harmful pollutant, adding it to the ranks of other toxins such as mercury, lead, soot, and sulfur dioxide. So the law now says Obama cannay, mustregulate carbon. But heres the tricky part: The law doesnt quite say how to do it.",['0_0_0']
The co-authors of 'Fate of Mountain Glaciers in the Anthropocene' list numerous examples of glacial decline around the world and the evidence linking that decline to human-caused changes in climate and air pollution. The threat to the ways of life of people dependent upon glaciers and snow packs for water supplies compels immediate action to mitigate the effects of climate change and to adapt to what changes are happening now and are projected to happen in the future.,['0_0_0']
"If the planet warms at a faster pace, the world could see 59 percent of the permanently frozen underground layer of earth thaw out; as that happens, organic matter that has been trapped in the permafrost for tens of millennia will begin to decay, releasing carbon into the atmosphere.",['0_0_0']
"CCS requires capturing of carbon dioxide, a normal waste product from the combustion of fuel, transporting CO2 by pipeline, and then storing it underground. EPA Administrator Gina McCarthy says , CCS technology is feasible and its available.",['0_0_0']
"Sometimes harsh, he admits, but as exact as possible. Is his hockeystick the proof that man warms up the world? Surely not, we expect that on the basis of our climate models. Do the IPCC base themselves on one study, that of Mann? Surely not, at that time there already four studies and now there are as much as twelve independent climate reconstructions which show all that the 20th century is abnormal.",['0_0_0']
"Greenhouse gases like water vapour, carbon dioxide, methane and nitrous oxide trap the infrared radiation released by the Earths surface. The atmosphere acts like the glass in a greenhouse, allowing much of the shortwave solar radiation to travel through unimpeded, but trapping a lot of the longwave heat energy trying to escape back to space. This process makes the temperature rise in the atmosphere just as it does in the greenhouse. This is the Earths natural greenhouse effect and keeps the Earth 33C warmer than it would be without an atmosphere, at an average 15C. In contrast, the moon, which has no atmosphere, has an average surface temperature of -18C. http://www.enviropedia.org.uk/Climate_Change/Greenhouse_Effect.php",['0_0_0']
Future generations will be richer and will be better able to solve climate change,['4_2_10']
"Further, the researchers find that if atmospheric carbon dioxide concentrations were 3000 parts per million by volume or higher, fitting within estimates for the Permian-Triassic boundary, the ocean pH would have been 7.34 or lower. At those levels, the authors say the ocean's acidity would have had significant negative impacts on mollusks, corals, and other species that rely on oceanic calcium carbonate, suggesting ocean acidification may have been the main culprit in the Permian-Triassic boundary extinction.",['0_0_0']
"If the Arctic ice cap continues to melt, polar bears will be extinct by the end of this century",['0_0_0']
"Mountain glaciers cover between 500 000 and 600 000 km 2 of the Earth's surface (around the size of France), which is little compared to the area of the Greenland (1.6 million km 2 ) and Antarctic (12.3 million km 2 ) ice sheets. Despite their small size, mountain glaciers have played a major role in recent sea-level rise due to their rapid melting in response to global climate warming.",['0_0_0']
"An article in Science magazine illustrated that a rise in carbon dioxide did not precede a rise in temperatures, but actually lagged behind temperature rises by 200 to 1000 years.  A rise in carbon dioxide levels could not have caused a rise in temperature if it followed the temperature.",['2_3_3']
Scientists are predicting the disappearance of another vast ice shelf in Antarctica by the end of the century that will accelerate rising sea levels.,['0_0_0']
"The Clean Power Plan is an illegitimate exercise in executive authority. It is an affront to federalism; it usurps the states' long-held, exclusive authority to oversee retail electricity markets.",['4_1_5']
"In the Journal of the American Chemical Society , they report that their patent-pending design'which combines a solar cell and a battery into a single device'now achieves a 20 percent energy savings over traditional lithium-iodine batteries.",['0_0_0']
"As more ice melts under glaciers and ice sheetsparticularly in Greenland and Antarcticathe water lubricates the ice masses, sending them to sea, and eventual breakup, at a faster rate.",['0_0_0']
"There is very high confidence that models reproduce the more rapid warming in the second half of the 20th century, and the cooling immediately following large volcanic eruptions.",['0_0_0']
"The teams observations indicate that the process was not limited to the glacier they visited; it is a large-scale effect. Its a sign that not only do albedo and other variables play a role in acceleration of melting, but that this acceleration is happening in many places all over Greenland, he cautioned. We are currently trying to understand if this is a trend or will become one. This will help us to improve models projecting future melting scenarios and predict how they might evolve.",['0_0_0']
"What has been the role of human-induced climate change in the Russian heat wave of 2010? As indicated at the beginning of this report, globally averaged surface temperatures during the first 6 months of 2010 were the warmest since about 1880 based on NOAA and NASA analyses.",['0_0_0']
"Direct solar forcing has played a relatively minor role in the last four decades, as TSI has been flat-to-modestly-decreasing during that period.",['0_0_0']
"For several years, scientists had been watching a long crack near the tip of the northerly Petermann Glacier. On Monday, NASA satellites showed it had broken completely, freeing an iceberg measuring 46 square miles.",['0_0_0']
"The statement recognizes an ""urgent need to intensify global efforts to reduce greenhouse gas emissions ... is more critical than ever."" It goes on to say, ""Such action is crucial both to contain climate change and to set the kind of powerful example that can inspire the world."" The two sides state that manmade climate change is having ""worsening impacts, including the sharp rise in global average temperatures over the past century, the alarming acidification of our oceans, the rapid loss of Arctic sea ice, and the striking incidence of extreme weather events occurring all over the world.""",['0_0_0']
"2. Almost all of the warming in the second half of the 20 th century, perhaps a half a degree Celsius, is due to man-made greenhouse gasses, particularly CO2",['0_0_0']
"In the Northern Hemisphere since 1979, the average temperature rose by about 0.7 degrees Celsius, whereas the global average temperature rose by about 0.45 degrees, Flanner said.",['0_0_0']
"Dr Ahlmann has pointed out another effect which the new climate may have. If the Antarctic ice regions and the major Greenland ice-cap should continue to melt at their present rates, he says, the surface of the ocean may rise lo catastrophic proportions. 'People living in lowlands along the shores would be inundated,' he warns.",['0_0_0']
"A CSIRO atmospheric scientist, Paul Fraser, said the world was now on track to pass the 400 parts per million level for CO2 emissions in under five years.",['0_0_0']
They included severe floods and record hot summers in Europe; a record number of tropical storms and hurricanes in the Atlantic in 2005; the hottest Russian summer since 1500 in 2010 and the worst flooding in Pakistans history.,['0_0_0']
"Corn-based ethanol, instead of producing a 20% savings, nearly doubles greenhouse emissions over 30 years and increases greenhouse gases for 167 years.",['4_1_3_2']
"We're not supposed to call global warming ""global warming"" any more. That's so very 20th century. Now it's ""climate change,"" just in time.",['1_8_0']
"In an effort to bring some clarity to this situation, Tedstone et al . used ""observations of ice motion to examine the surface melt-induced dynamic response of a land-terminating outlet glacier in southwest Greenland to the exceptional melting observed in 2012,"" when on 12 July of that year 98.6% of the Greenland ice sheet experienced melting (the most significant melt event since 1889), and when one week later 79.2% of the ice sheet melted and summer ice sheet runoff was ~3.9' above the 1958-2011 mean, which mean value had been matched most recently in 2009.",['0_0_0']
"Global mean surface air temperature has increasedby 0.3C to 0.6C over the last 100 years, with thefive global-average warmest years being in the1980s. Over the same period global sea level hasincreased by 10-20cm. These increases have not beensmooth with time, nor uniform over the globe",['0_0_0']
"Even if we are willing to assume very large multipliers from renewable power, its impact on employment will be trivial, whether taken as a fraction of all energy, clean economy jobs, or the entire labor force.",['4_2_1']
There hasn't been any sea level rise in the San Francisco Bay for at least 70 years.,['1_6_0']
"Many scientists believe that global warming will come to an end if, some day, human succeeds in stopping the release of greenhouse gas emissions into the atmosphere. It is very possible that the Earths atmosphere could continue to warm for hundreds of years even after a complete stop of CO2  emissions, and that temperature levels stabilise at an even higher level at a later stage.",['0_0_0']
"Further, satellites show atmospheric trends that are smaller than surface trends even though atmospheric theory (and the models incorporating that theory), show the opposite. Instead, models predict that there should be an ""amplification"" of the surface warming trend to produce a ""hot spot"" in the tropical troposphere. Instead, both satellite data and independent balloon data show a near-zero trend from 1979 to 1997, followed by a well-known 1998 temp ""spike"" which is universally attributed to a Super-El-Nino. This absence of an observed hot spot suggests that the land-surface temperature warming trend (1979-1997) is greatly overestimated, and should be close to zero in the Tropics.","['5_4_0,', '2_3_5']"
"For example, a recent issue of Global Change Biology contains an article about global warming and a positive fitness response in mountain lizards in Europe.  Did these lizards not get the memo about extinctions? Maybe the lizards havent read their e-mail about global warming making things tough on lizards around the world?",['3_2_0']
Arctic meltdown that could result in summers without sea ice as soon as 2013 instead of 2100 (!). So much for our confidence in the 2007 IPPC report suggestion that we have until 2015 to level off emissions.,['0_0_0']
The IPCC developed three lines of evidence forits conclusionthat GHG emissions are causing dangerous global warming.The first is based onthe IPCC's understanding of the physics of the climate system. The second is theclaimthat recent decades are unusually warmcompared to previous centuries during the current interglacial period known as the Holocene. The thirdline of evidence is the asserted agreement between observations andcomputer model simulations.,['0_0_0']
"Using a host of different model specifications and alternative measures of drought, heat, and civil war, the paper concludes that climate variability is a poor predictor of armed conflict. Instead, African civil wars can be explained by generic structural and contextual conditions: prevalent ethno-political exclusion, poor national economy, and the collapse of the Cold War system.",['3_5_0']
"Meteorologists have developed remarkably effective techniques for predicting global climate changes caused by greenhouse gases. One paper, by Stott and Myles Allen of Oxford University, predicted in 1999, using temperature data from 1946 to 1996, that by 2010 global temperatures would rise by 0.8C from their second world war level. This is precisely what has happened.",['0_0_0']
"The Moral Case for Fossil Fuels is the finest case for the role coal, oil and natural gas has played in our lives.",['7_2_0']
"However, the real reason that Solyndra failed and the real reason that solar prices are plummeting is spelled C-H-I-N-A.",['0_0_0']
"Without wanting to sound too impolite, is it asking too much of environmentalists that they begin to act their age? Making shrill demands and showing no regard for the rights of other people was, perhaps, acceptable when the movement was still in its infancy, trying to get attention and to be taken seriously. But today, over 70 percent of Americans call themselves “environmentalists.” Today, over $150 billion is spent each year complying with environmental regulations. (Over $1 trillion has been spent on pollution abatement since the first Earth Day in 1970.) Maybe today, a more mature and rational approach to protecting the environment is in order.","['4_1_0,', '4_1_5']"
STOCKHOLM An island of ice more than four times the size of Manhattan is drifting across the Arctic Ocean after breaking off from a glacier in Greenland.,['0_0_0']
"Sea Level Rise . The study estimates a sea level rise of 71 cm and 49 cm by 2100 under the unmitigated and mitigation scenarios, respectively. It interprets its results as follows: '[I]ndependent of the level of mitigation, adaptation reduces global overall costs rather effectively, which illustrates the necessity for engaging in adaptation even under ambitious mitigation. At the aggregated scale more damages can be avoided through an adaptation-only strategy than through a mitigation-only strategy, although a combination of the two has the strongest positive impact.' It notes that the cost of adaptation would be a 'relatively small fraction of global GDP' but could be much larger for the small island states, but no specific numeric results are provided.",['0_0_0']
"What is at issue is whether the rapid increase in atmospheric CO2 and other greenhouse gases is capable, to first order, of inducing or accelerating global warming. To this end a number of climate research centers have been developing computer models that might show the response of climate to increasing CO2 would be; their consensus is that the increasing CO2 is responsible for most of the global warming over the last century, and they predict substantially more global warming over the next century based on various scenarios regarding future anthropogenic greenhouse gas emissions. The article that you sent, and other critiques of these models, have made several points:",['0_0_0']
"Global warming theory proponents have ,resorted to the politics of fear to drive their point home.",['6_1_0']
"If the Greenland ice sheet, which is well over a mile thick in places, were to melt completely, sea level would rise 23 feet. And if the West Antarctic ice sheet were to break up entirely, sea level would rise 16 feet. Together, the melting of these two ice sheets, which scientists believe to be the most vulnerable, would raise sea level 39 feet. And this does not include thermal expansion as ocean water warms, an important contributor to sea level rise.",['0_0_0']
In modern conditions the overwhelming thermostatic influence of the two giant atmospheric heat-sinks -- the oceans and outer space -- dampens the already small direct warming from a doubling of CO2.,['3_1_0']
"The second supposed breakthrough is the claim that the AIRS data remove 'most of the uncertainty about the role of water vapor [feedback]' in climate change. 'AIRS temperature data have corroborated climate model predictions that the warming of our climate produced as carbon dioxide levels rise will be greatly exacerbated ' in fact, more than doubled ' by water vapor,' said climate scientist Andrew Dressler of Texas A&M University. According to Dressler, 'We are virtually certain to see Earth's climate warm by several degrees Celsius in the next century, unless some strong negative feedback mechanism emerges elsewhere in the Earth's climate system.' Dressler is talking about the assumption, common to all IPCC climate models, that the initial warming from rising CO2 levels increases concentrations of the atmosphere's main greenhouse gas, water vapor, trapping more outgoing longwave (heat or infrared) radiation (OLR) and increasing global average rainfall.",['0_0_0']
"If we fail to act soon, we will face an economic, social, and political crisis that will threaten our free institutions. But we still have another choice. We can begin to prepare right now. We can decide to act while there is still time. That is the concept of the energy policy that we will present on Wednesday.",['0_0_0']
"The sea ice is going rapidly. Its 80% less than it was just 30 years ago. There has been a dramatic loss. This is a symptom of global warming and it contributes to enhanced warming of the Arctic, said Jennifer Francis, research professor with the Rutgers Institute of Coastal and Marine Science.",['0_0_0']
"The U.S. and Peruvian researchers found there had been 'a dramatic decline in species richness of amphibians' ' a mean decline of 38% in the area of their study over the ten-year period ' with stream-breeding species being 'disproportionally represented among the missing taxa in 2008 and 2009.' Of this result, they say that it 'is consistent with observations in other Neotropical (Lips, 1998) and Australian (Laurance et al ., 1996; Williams and Hero, 1998) sites where the species richness and abundance of frogs have declined or frogs have been extirpated,' while noting that 'declines in these other areas are unequivocally linked to the introduction of Bd to nave amphibian populations (Berger et al ., 1998; Lips et al ., 2006).'",['0_0_0']
"Neither CBS nor ABC have included a skeptical scientist in their news shows within the past 1,300 days, but both networks included alarmists within the past 160 days CBS as recently as 22 days ago. When the networks did include other viewpoints, the experts were dismissed as out of the scientific mainstream or backed by oil and coal companies.",['6_1_2']
"The claim was both simple and terrifying: that temperatures on planet Earth are now likely the highest in at least the past 1,300 years.",['0_0_0']
"The following figure (from a very nice article in EOS by Terry Gerlach of the Cascades Volcanic Observatory in Vancouver, 14 June 2011, volume 92, No. 24, pg 201-202): shows the ratio (the ACM) between human and volcanic CO2 emissions (shown by the dots). The range of uncertainty (based on the uncertainty in volcanic emissions) is show by the brackets. What one should conclude is that human emissions dwarf volcanoes and the ratio is increasing. Today we put out well OVER A HUNDRED TIMES more than volcanoes.",['0_0_0']
Warming in the 20th century was greater than at any time during the past 400 to 600 years.,['0_0_0']
In September we visited the Fox glacier on the West coast. We passed a sign some kilometres fromits face telling us that this marked where the glacier was in 1750.,['0_0_0']
"Climate Science: We have dozens of lines of evidence, Models, measurements, paleoclimate data, environmental data, its all in agreement. We must act now.",['0_0_0']
"Lean and Rind then go on to detail the analyses they performed. Under the heading of Amplitudes and Patterns of Natural and Anthropogenic Influences, they state, Natural changes cannot account for the significant long-term warming in the historical global surface temperature anomalies. Linear trends in temperature attributed to ENSO, volcanic aerosols and solar irradiance over the past 118 years (depicted by the lines in Figure 2) are, respectively, 0.002, -0.001 and 0.007 K per decade. Only by associating the surface warming with anthropogenic forcing is it possible to reconstruct the observed temperature anomalies.",['0_0_0']
"Scientists have been developing models and simulations of Earths climate that can be used to help understand the impact of global warming on extreme rainfall around the world. For the most part, OGorman says, existing models do a decent job of simulating rainfall outside the tropics for instance, in mid-latitude regions such as the United States and Europe. In those regions, the models agree on the rate at which heavy rains intensify with global warming.",['0_0_0']
"According to James Hansen of NASAs Goddard Institute for Space Studies (GISS), global temperature is rising as fast during the past decade as in the prior two decades, despite year-to-year fluctuations associated with the El Nio-La Nia cycle of tropical ocean temperature. According to GISS data, 2010 tied 2005 as the warmest year since people began to keep records around 1880. The next warmest years were 1998, 2002, 2003, 2006 and 2007, which are statistically tied for third warmest year.",['0_0_0']
Rising sea temperatures provoke an increase in bleaching or loss of pigmentation in coral reefs.,['0_0_0']
This is straight from the science...we've seen from the evidence that if we go above global warming of more than 2 degrees we will be facing very severe risks that the world has not seen for millions of years...,['0_0_0']
"Yes, the world has warmed 1F to 1.5F (0.6C to 0.8C) since 1880 when relatively good thermometers became available. Yes, part of that warming is due to human activities, mainly burning unprecedented quantities of fossil fuels that continue to drive an increase in carbon dioxide (CO2) levels. The Atmospheric 'Greenhouse' Effect is a scientific fact!",['0_0_0']
"Here is what we know: The Earth is round, smoking is linked to lung cancer, and humans are changing the climate by emitting massive amounts of heat-trapping carbon dioxide and other gases. Like extra blankets at night, those emissions are warming the planet. The physics of greenhouse gases has been understood for more than 100 years. It is not new science.",['0_0_0']
"At the event, Secretary of the Navy Ray Mabus said: Its important to emphasize, especially on Earth Day, the Navys commitment to reducing dependence on foreign oil as well as safeguarding our environment. Our Navy, alongside industry, the other services and federal agency partners, will continue to be an early adopter of alternative energy sources.",['0_0_0']
"North America is likely to be the market of choice. Why? There are millions of sunny rooftops in America and only about 130,000 of them now have solar PV systems installed according to Sungevity CEO Andrew Birch. California alone has a goal of a million solar roofs and wants 3 million homes using renewable energy. No doubt many of them will target California after Governor Jerry Brown announced his clean energy plan this past week calling for adding 12 gigawatts of renewable electricity by 2020 or enough to power roughly 3 million homes.",['0_0_0']
"CO2 and the End of the Ice Age: A new study published in Nature states that for much of the globe, for the period 20,000 to 10,000 years ago, increases in CO2 preceded increases in temperatures, which is contrary to what is found in the Antarctic ice cores. The study suggests that CO2 is the primary driving force for the end of the ice age, which is being trumpeted by the popular press including BBC. The study is based on proxy data found in several parts of the world other than Antarctica.",['0_0_0']
"..the Kolahoi glacieris the Kashmir valleys only year-round source of water. But it is melting at an alarming rateIf present trends, which are blamed on climate change, continue, he concludes with a shrug, In ten years there will be no Kolahoi glacier'.",['0_0_0']
"Average Northern Hemisphere temperatures during the second half of the 20th century were very likely higher than during any other 50-year period in the last 500 years and likely the highest in at least the past 1,300 years.",['0_0_0']
"Were seeing the reality of a lot of the North Pole starting to evaporate , and we could get to a tipping point. Because if it evaporates to a certain point ' they have lanes now where ships can go that couldnt ever sail through before. And if it gets to a point where it evaporates too much, theres a lot of tundra thats being held down by that ice cap. .",['0_0_0']
"The record thin, record rotten ice is melting like crazy in the record heat. Maybe it will get down to 2.0, 1.0. or 0.0 this summer?",['0_0_0']
"With cap and trade projected to cost an average of 1.15 million jobs annually between 2012 and 2030, this could translate into tens of millions of Americans losing their health insurance coverage.",['4_1_1_2']
The new global temperature record announced today completely exposes the myth that global warming has stopped.,['0_0_0']
"Farmers need to adapt for a drier future as once-in-a-lifetime events like the North Island drought become closer to the norm, a top climate scientist warns.",['0_0_0']
"The Filchner-Ronne Ice Shelf fringing the Weddell Sea on the eastern side of Antarctica has so far not seen ice loss from global warming and much of the observation of melting has focused on the western side of the continent around the Amundsen Sea. But new research from the Alfred Wegener Institute for Polar and Marine Research in Germany says the 450,000-sq-km ice shelf is under threat.",['0_0_0']
"Of the Arctic sea ice, 75% has been lost over the past 30 years. Last year saw sea-ice levels plummet to the second-lowest since records began. It is estimated that the North Pole could be ice-free in the summer within the next 10-20 years.",['0_0_0']
"The existence of a strong and positive water-vapor feedback means that projected business-as-usual greenhouse gas emissions over the next century are virtually guaranteed to produce warming of several degrees Celsius. The only way that will not happen is if a strong, negative, and currently unknown feedback is discovered somewhere in our climate system.",['0_0_0']
"The Urban Climate Change Governance Survey (UCGS), based on responses from 350 cities worldwide, underscores the extent to which city leaders recognize climate change as a major challenge even as they are trying to figure out how their responses can create jobs, growth, and cost savings in areas ranging from cities' transportation networks to their distribution of businesses.",['0_0_0']
"Jonathan: Wind is contributing over 6GW of energy already. Out of all renewable technologies it's the one we've got the most experience in, so the bulk of generation is going to come from on and offshore wind. But there's also a big role for solar photovoltaics, biogas and tidal generation too, as those technologies establish themselves.",['0_0_0']
"The authors note that the decline in ocean water pH and changes in carbonate saturation states caused by anthropogenically-mediated increases in atmospheric CO 2 levels ""may pose a hazard to marine organisms"" that ""may be particularly acute for those species reliant on calcareous structures like shells and exoskeletons."" And they say that ""this is of particular concern in the case of valuable commercially exploited species such as the king scallop, Pecten maximus ."" What was done",['0_0_0']
There has only been one year in the last 20 years of the record that was colder (by just 0.2F) than the warmest year during the first twenty years of record.,['0_0_0']
So what we are seeing is not only rising temperatures but some parts of the country are getting disproportionally hotter,['0_0_0']
"If you want to have a serious chance at averting catastrophic global warming, then we need to start phasing out all fossil fuels as soon as possible. Natural gas isnt a bridge fuel from a climate perspective. Carbon-free power is the bridge fuel until we can figure out how to go carbon negative on a large scale by the end of the century.",['0_0_0']
"According to recent revelations made by NASA scientists, the consequences of the global rise in sea levels might be even more frightening than the worst predictions made by top climate models i.e. models that dont justify fast breaking up of glaciers and ice sheets. Whats more significant is that sea level rise has already begun. As a result, for NASA scientists, the open question right now is at what pace the seas will be rising from now on.",['0_0_0']
"The Greenland ice sheet comprises about 80 percent of the land mass of Greenland and previous studies have documented that the ice sheet is melting at a faster rate due to climate change. The movement of meltwater beneath the ice sheet, from the interior to the ocean, is the topic of many investigations as it can control the speed at which the ice sheet moves. This is the first study to document that surface water can penetrate to the bottom of an ice cap and be trapped in place. Researchers say this process could also occur at other large bodies of ice.",['0_0_0']
Carbon dioxide is an environmentally beneficial atmospheric trace gas.,['3_3_1']
"Under the current program, those who wish to buy power from wind turbines pay a $4.30 per month premium for three years. Due to the lack of significant participation, the program is currently losing about $12,000 per month.",['0_0_0']
"Hansen has previously suggested that scientists are often too hesitant to say just how dire the situation is. A 2007 paper he co-authored, titled Scientific Reticence and Sea Level Rise, suggested that scientists felt constrained from sounding a full-fledged alarm on how high the waters will get, in part because of the cautious nature of scientific inquiry and the scientific method. But, he says in that papers abstract, there is a danger in excessive caution. The new paper, he told reporters yesterday, is significantly more persuasive than anything previously published about just how dangerous 2C warming would be.",['0_0_0']
"The Union of Concerned Scientists, an environmental group, says that sea level is rising and at an accelerating rate especially along the U.S. East Coast and Gulf of Mexico. The group adds that even if global warming emissions were to drop to zero by 2016, sea level will continue to rise in the coming decades as oceans and land ice adjust to the changes we have already made to the atmosphere.",['0_0_0']
We have at least 25 years to research this issue before CO2 emission cuts need to be considered.,['4_2_10']
"From what I can tell reading the paper, their claim is that, since our primary greenhouse gas water vapor (and clouds, which constitute a portion of the greenhouse effect) respond quickly to temperature change, vapor and clouds should only be considered 'feedbacks' upon temperature change ' not 'forcings' that cause the average surface temperature of the atmosphere to be what it is in the first place.",['0_0_0']
"Thus, it is the greenhouse effect that continuously de-stabilizes the atmosphere, trying to create a temperature profile that the atmosphere cannot sustain, which then causes all different kinds of weather as the atmosphere convectively overturns. Thus, the greenhouse effect is actually required to explain why weather occurs.",['0_0_0']
"The evidence is accumulating that climate change is likely disrupting the atmospheric and oceanic processes that drive our ocean system, said Jane Lubchenco , a professor of marine biology at Oregon State University.",['0_0_0']
"Whether it is the President or the Pope, or the countless politicians and bureaucrats, along with multitudes of ""environmental"" organizations, as well as self-serving ""scientists"", all aided by the media, a virtual Green Army has been deliberately deceiving and misleading the citizens of planet Earth for four and a half decades. It won't stop any time soon, but it must before the charade of environmentalism leaves us all enslaved by the quest for political control over our lives that hides behind it.",['6_2_0']
This paper criticizes the mathematical algorithms of several papers that claim that the temperature data show a significant solar signature. They conclude that such algorithms are nonrobust and conclude that the most likely contribution from solar forcing a global warming is 7 1% for the 20th century and is negligible for warming since 1980.,['0_0_0']
"AR5 states that the atmosphere can hold an upper limit of around 880 billion tonnes of Carbon if temperature rise has to be contained within 2 degrees C. Of this, about 531 billion tonnes have already been emitted till 2011, leaving only about 350 tonnes of Carbon from future emissions that the atmosphere can hold. AR5 also states categorically that temperature rise and cumulative emissions have a linear correlation, that is, they rise more or less in the same proportion.",['0_0_0']
"For the past four years, wind power has been the second-largest new resource added to the U.S. electrical grid in terms of nameplate capacity, behind natural gas. In 2008, wind power generation made up 42% of all new generation added to the grid. Although wind turbine prices have risen in recent years, largely due to increased commodity prices and high demand for turbines, wind power prices have become competitive with wholesale power market prices. Furthermore, several studies that model the integration of significant amounts of wind generation into the electric grid systems have found that that wind powers variability and uncertainty imposed integration costs of less than $5 per megawatt-hour (MWh) of electricity. The Wind Program works to decrease integration costs further through research into improving wind forecasting and resource modeling, assessing and validating the nations wind resources, and modeling wind integration.",['0_0_0']
"Similarly, there is no trend in direct measurements of the Suns ultraviolet output and in cosmic rays. So for the period for which we have direct, reliable records, the Earth has warmed dramatically even though there has been no corresponding rise in any kind of solar activity.",['0_0_0']
"In other words, the AMO plays no role in Atlantic SSTs in the area that influences Atlantic hurricane patterns, and further, the real reason behind the hurricane patterns, including the recent increase in activity, is anthropogenic climate change.",['0_0_0']
"Over the past century, global sea level has risen by about 8 inches. Since 1992, the rate of global sea level rise measured by satellites has been roughly twice the rate observed over the last century .",['0_0_0']
"5 the Northern Hemisphere, the period 19832012 was very likely the warmest 30-year period of the last 800",['0_0_0']
"The most damaging aspect of the storm was the massive storm surge that struck the coastline from Massachusetts to Maryland. Global warming-related sea level rise gave the surge a higher launching pad than it would have had a century ago, making it more damaging than it otherwise would have been. This is only going to get worse as sea level rise continues as a result of warming ocean waters and melting polar ice caps and glaciers.",['0_0_0']
"Michaels refers to greenhouse gas scenarios A, B, C in our 1988 paper, failing to note that precisely measured greenhouse gas climate forcing since 1988 fall almost exactly on our scenario B, which we had described as the most likely . Our climate model did a good job of simulating global temperature change , predicting a warming that so far is about 1/3 greater than observations just about what we should expect, because the model used in that paper had sensitivity 4.2C for doubled CO2, while we now know that real world sensitivity is 3C.",['0_0_0']
"And here in the first month of the New Year, its the message from the most informed scientists in the world. Theyre scared, for real. And they say that unless we slow the release of global emissions from fossil fuels, slow it enough to keep the planets temperature from rising by two degrees Celsius, or 3.6 degrees Fahrenheit, the earths polar ice sheets will melt away with catastrophic consequences.",['0_0_0']
"Weve got sort of the perfect storm of stressors from multiple places really hammering reefs around the world, said Lubchenco, who was in Australia to speak at the International Coral Reef Symposium in the northeast city of Cairns, near the Great Barrier Reef. Its a very serious situation.",['0_0_0']
"If the current pace of the buildup of these gases continues, the effect is likely to be a warming of 3 to 9 degrees Fahrenheit from the year 2025 to 2050, according to these projections. This rise in temperature is not expected to be uniform around the globe but to be greater in the higher latitudes, reaching as much as 20 degrees, and lower at the Equator.",['0_0_0']
"The situation worsened in 11 percent of the power plants, which would shut production at any time as coal reserves could not support for three days of power generation.",['0_0_0']
"By mid-century, night-time temperatures in cities could rise by more than 5.6C, they say.",['0_0_0']
"Arctic Ice Melt, Sea Level Rise May Pose Imminent Threat To Island Nations, Climate Scientist Says",['0_0_0']
"The chief economist for the International Energy Agency said Monday that current global energy consumption levels put the Earth on a trajectory to warm by 6 degrees Celsius (10.8 degrees Fahrenheit) above pre-industrial levels by 2100, an outcome he called a catastrophe for all of us.",['0_0_0']
"BY many measurements, this summers drought is one for the record books. But so was last years drought in the South Central states. And it has been only a decade since an extreme five-year drought hit the American West. Widespread annual droughts, once a rare calamity, have become more frequent and are set to become the new normal.",['0_0_0']
"Global warming is the increase in temperature of the oceans, land surface and near surface air of earth which has been increasing since the middle of the 20th century.",['0_0_0']
"Meanwhile, China, India, Germany, Poland and other countries are building some 1,200 new coal-fired power plants, and numerous gas plants, to spur economic growth, preserve jobs and lift people out of poverty. So the sacrifices Mr. Obama is imposing will do nothing to reduce global CO2 levels.","['4_2_4,', '7_2_1']"
"Nevertheless, we have substantial confidence that models can predict at least the broad-scale features of climate change. There are similarities between results from the coupled models using simple representations of the ocean and those using more sophisticated descriptions, and our understanding of such differences as do occur gives us some confidence in the results.",['0_0_0']
"Over the last few decades, satellites have shown a downward trend in the area of Arctic Ocean covered by ice.",['0_0_0']
"Perhaps the most frightening thing about climate change is that we dont have a great idea about exactly how fast its going to get really frighteningif global warming activates any number of known feedback loops, temperatures could spiral out of control faster than our models currently predict.",['0_0_0']
"Dr. Hansen and his colleagues cite the observed surface temperatures of Mars and, particularly, Venus as support for their predicted greenhouse effect . The surface of Venus, with an atmosphere formed largely of carbon dioxide, is at about 900 degrees Fahrenheit.",['0_0_0']
"The western Antarctic Peninsula is one of the fastest warming regions on the planet, and the fastest warming part of the Southern Hemisphere.",['0_0_0']
"That consensus, simply put, states that the planet is warming, and that most of the temperature rise is very likely due to an increase in greenhouse gases in the atmosphere caused by human activity. Barring a reduction in greenhouse-gas emissions, the 21st century will see more frequent heat waves, intense storms and, in the tropics, declines in rainfall.",['0_0_0']
"[Corals'] skeletal records show that throughout the GBR, calcification has declined by 14.2% since 1990, predominantly because extension (linear growth) has declined by 13.3%. The data suggest that such a severe and sudden decline in calcification is unprecedented in at least the past 400 years.",['0_0_0']
"The projected impacts on water availability, ecosystems, agriculture, and human health could lead to large-scale displacement of populations and have adverse consequences for human security and economic and trade systems. The full scope of damages in a 4C world has not been assessed to date.",['0_0_0']
Meanwhile ABC News reminds us that Modelling predicts sea ice in Antarctica could decline by 35 per cent by the end of the century .,['0_0_0']
"Sceptics who still doubt anthropogenic climate change have now been stripped of one of their last-ditch arguments: It is true that there has been a warming hiatus and that the surface of the earth has warmed up much less rapidly since the turn of the millennium than all the relevant climate models had predicted. However, the gap between the calculated and measured warming is not due to systematic errors of the models, as the sceptics had suspected, but because there are always random fluctuations in the Earths climate. [emphasis added]",['0_0_0']
"Countries that are the most economically free will also have the resources to address their climate concerns. By contrast, those with the tightest regulations will settle for having electricity — no matter how dirty.",['4_2_8']
"Gedzelman sees nothing strange in the weather pattern this year. But year-to-date, tornadoes have killed more than 500 people. That's seven times the average, making this the deadliest tornado season in more than half a century.",['0_0_0']
"Half of all households in Britain could face water restrictions unless exceptionally heavy and prolonged rain falls by April, water companies and the environment agency have warned. The environment secretary, Caroline Spelman, will hold a crisis meeting next week after the Centre for Hydrology and Ecology (CEH) stated that the average rainfall so far this winter has been the lowest since 1972, and the English Midlands and Anglian regions have had their second driest years in nearly a century. Last year was the driest in south-east England in 90 years. One more dry winter could force then drier areas of the country will have to start looking at more drastic measures like desalination plants or transporting water from wetter areas in the north or west. 'John Vidal, The Guardian, 14 February 2012",['0_0_0']
"If we do not act, average temperatures across Australia are expected to rise by over five degrees compared to 1990 by the year 2100 , he said.",['0_0_0']
"In IPCC climate models, decline of Arctic sea ice is treated as both a consequence ofrising greenhouse gas (GHG) concentrationsand as an important 'positive feedback' that amplifies the directGHG warming effect. Al Gore popularized thisidea in An Inconvenient Truth ,noting that as Arcticice melts, lesssolar energy is reflected back to space and more absorbed bythe oceans.",['0_0_0']
This means that we should prioritize adaptation over mitigation strategies as we may deny the right to affordable energy desperately needed.,"['4_2_11,', '4_3_2']"
"However, the real point of the photo (and as we discuss in the chapter that uses it), is that climate change is really only an issue because of the impacts whether on human society or ecosystems. Areas that are already under water stress, such as the American South West are very vulnerable to changes in rainfall regime. And in fact, there is some evidence that long-term trends in precipitation in this region are already being affected by ongoing changes.",['0_0_0']
"Australia's blistering summer has only just begun but reservoir levels are dropping fast, crop forecasts have been slashed, and great swaths of the continent are entering what scientists yesterday called a 'one in a thousand years drought'.",['0_0_0']
"After evaluating a range of possible climate-altering approaches to dissipating greenhouse gases and reducing warming, the interdisciplinary team concluded there's no way around it. We have to reduce the amount of carbon being released into the atmosphere.",['0_0_0']
"By century's end, rising sea levels will turn the nation's urban fantasyland into an American Atlantis. But long before the city is completely underwater, chaos will begin",['0_0_0']
"Compo's team came to a conclusion that supports land-based instruments' reporting that, since 1952, the Earth has shown a 1.18 degree Celsius increase in air temperature over land.",['0_0_0']
"A diminished latitudinal pressure gradient is associated with a weakening of the winds associated with the polar vortex and jet stream. Since the polar vortex normally retains the cold Arctic air masses up above the Arctic Circle, its weakening allows the cold air to invade lower latitudes.",['0_0_0']
"Both Greenland and Arctic sea ice are melting at record rates, with Greenlands ice sheet losing 19 billion more tons of ice than ever recorded and summertime Arctic sea ice volume declining by 50 percent over the past four years. While just a year ago scientists predicted an ice-free Arctic sea by 2040, they now say the Arctic Ocean could be nearly ice-free at the end of summer by 2012.",['0_0_0']
"The global trend for the last three decades has been temperatures increasing on average about 0.2 degrees per decade. In Switzerland its actually higher, at about 0.3 degrees.",['0_0_0']
"Curiously, the post-World War II period of increasing fossil fuel use and associated increase in atmospheric carbon dioxide is concurrent with the most sustained lull in landfalling hurricane activity throughout the record.",['1_7_0']
"In setting the stage for their study, the authors write that ""as the most important production area of food grains in China,"" the North China Plain (NCP) ""is suffering from a serious water shortage problem, due to increasing water demand and limited available water resources,"" which situation could, in their words, ""be exacerbated due to climate change, particularly changes in precipitation.""",['0_0_0']
"Gore advised the audience to compare the blue orb of the Earth to Venus, where daytime temperatures reach 867 degrees Fahrenheit and it rains sulphuric acid. The two planets have the same amount of carbon, Gore explained, but Venus just happens to be in the atmosphere, while most of the Earths is still locked underground. The habitability of this planet for human beings really is at risk, he said.",['0_0_0']
"(2) The radiative forcing by the non-condensing greenhouse gases is accurately known, and fully understood. Of the GHGs, atmospheric CO 2 is the principal contributor, hence the principal control knob that governs the strength of the greenhouse effect and global temperature. The greenhouse physics, and the increase of atmospheric greenhouse gases as the fundamental basis for global warming, are well founded.",['0_0_0']
"(a) There is a clustering of warmer years during the past 20 years or so. This does suggest an overall warming. Taking the HadCRUT data for good (otherwise there would be no point examining them), it is also possible to say that the warmest X years happened within the past Y years.",['0_0_0']
"The team recorded data on air temperatures, wind speed, exposed ice and its movement, the emergence of streams and lakes of melt water on the surface, and the waters eventual draining away beneath the glacier. This lost melt water can accelerate the ice sheets slide toward the sea where it calves new icebergs. Eventually, melt water reaches the ocean, contributing to the rising sea levels associated with long-term climate change.",['0_0_0']
"Ice mass loss from the Pine Island-Thwaites sector dramatically contributes to the sea level of the West Antarctic Ice Sheet. The Pine Island Glacier is currently experiencing significant acceleration, thinning and retreat. The rate of thinning from 2002-2007 on the grounding line (the part where the glaciers export the ice down the continent and lose contact to the ground and become a floating ice shelf) was between 1.2 meters per year and 6 meters per year.",['0_0_0']
"JS: And its also fairly logical and rational, even for an ordinary person who isnt a scientist to understand that if polar bears need sea ice to hunt for seals and that sea ice disappears, then those polar bears are going to be in trouble. And thats exactly what you are seeing is happening today.",['0_0_0']
"The evidence for this corruption is everywhere, but it does not mean that all of the science is bad. Climate scientists like to claim the emails represent a small problem in a local group of people. The global warming isnt proven wrong they say. They contend that we still have disasters looming and we need to address them.  Its true that climate science wasnt proven wrong,  but it was proven corrupt.  The very fact that climatologists sit in groups and insist/believe they have full agreement of their peers demonstrates, not the quality of understanding the science, but rather the quality of the penetrations of politics into an uncertain and VERY YOUNG science.","['6_1_5,', '6_2_0']"
"Right now, we have too many taxes and regulations, too much secrecy and fraud, too many extremists, and far too little accountability in EPA.","['4_1_5,', '6_1_3,', '6_2_0']"
"As expected, for the doubled water vapor experiment, there is enhanced rapid rainout, while for the zeroed water vapor experiment there is rapid evaporation into a very dry atmosphere. This is because the condensation and evaporation are significantly faster acting processes than the changes in atmospheric and ocean temperature in response to the applied radiative forcings (which diminish rapidly as atmospheric water vapor returns to its control-run equilibrium distribution). Within a year, atmospheric water vapor distribution is back to being virtually indistinguishable from the control-run climate with no significant long term impact.",['0_0_0']
"The greenhouse gas report shows us that the concentration of CO2 in the atmosphere is long way from going down. We have to reverse this trend, and reduce the emsissions of CO2 and other greenhouse gases across the board. Were running out of time.",['0_0_0']
For the National Climate Assessment NASA has produced a model-based prediction of eight degrees Fahrenheit for the continental US by 2100 as the most likely scenario,['0_0_0']
"Here is what they say about ocean acidification: Coral reef growth may stop as CO2 concentration approaches 450 ppm over the coming decades (corresponding to a warming of about 1.4C in the 2030s). By the time the concentration reaches around 550 ppm (corresponding to a warming of about 2.4C in the 2060s), it is likely that coral reefs in many areas would start to dissolve. The combination of thermally induced bleaching events, ocean acidification, and sea-level rise threatens large fractions of coral reefs even at 1.5C global warming. The regional extinction of entire coral reef ecosystems, which could occur well before 4C is reached, would have profound consequences for their dependent species and for the people who depend on them for food, income, tourism, and shoreline protection.",['0_0_0']
"Few studies to date have focused on climatic extremes and the changes occurring in maximum and minimum temperatures and in warm day and cold night variables. Until now, most research studies had analysed average temperature changes on a global scale. These results indicated an increase 'most probably' caused by human factors.",['0_0_0']
Competition is working in the Texas electricity market. It is government interference with the marketled by the PTC that is causing the current reliability challenges.,['4_2_8']
"The new research takes a closer look at how multi-year ice, ice that has made it through at least two summers, has diminished with each passing winter over the last three decades. Multi-year ice 'extent' which includes all areas of the Arctic Ocean where multi-year ice covers at least 15 percent of the ocean surface is diminishing at a rate of -15.1 percent per decade, the study found.",['0_0_0']
"6. Change in cyclone routes. There is no doubt that the increase in air temperatures, increase in Atlantic water temperatures, intensification of ice drift, etc., are closely connected with an intensification of atmospheric circulation, and in particular with a change in cyclonic activity at high latitudes. Vize shows that Atlantic cyclones are now shifting considerably north, by several hundred km, from their courses in the period before the warming of the Arctic.",['0_0_0']
"Esoteric and academic arguments about the response of the atmosphere to a doubling of CO2 may be interesting for those steeped in the peer-reviewed literature, but for the public and policy makers the important and unfortunate fact is that climate change is continuing unabated. This was the hottest September on record, after the hottest August on record (yielding the hottest summer on record), and the oceans continue to warm rapidly. In fact, some parts of the ocean have been shown to be warming even more rapidly than we thought.",['0_0_0']
"Well, certainly, and it is not just in the list that I was referring to. It is in the program itself. The House bill has a very much more structured program with USDA authority to implement it. And this bill is much vaguer, leaves the implementation of offsets, frankly, up to the President through an advisory committee. We think that creates too much uncertainty.",['4_1_4']
"PREDICTIONSfor the planet are dire indeed, if we do not drastically cut our carbon dioxide emissions in the very near future.",['0_0_0']
"BAU scenarios result in global warming of the order of 3-6C. It is this scenario for which we assert that multi-meter sea level rise on the century time scale are not only possible, but almost dead certain.",['0_0_0']
"Like Penny Wong before him, Minister Combet has been captured by the self-seeking, alarmist global warming rhetoric of the United Nations IPCC and its supporters. Surely the Government should conduct an inquiry before acting on such impaired advice, yet the advice stands unaudited? There are no checks and balances, and no formal oversight. ",['6_1_3']
"127. India - Himalayan glaciers retreating. Glaciers in the Himalayas are retreating at an average rate of 50 feet (15 m) per year, consistent with the rapid warming recorded at Himalayan climate stations since the 1970s. Winter stream flow for the Baspa glacier basin has increased 75% since 1966 and local winter temperatures have warmed, suggesting increased glacier melting in winter.",['0_0_0']
"The authors write that the majority of marine invertebrates ""have complex life cycles that include an intricately controlled metamorphic process involving the transformation from swimming (planktonic) larvae to sessile (attached or benthic) adults in a few minutes,"" citing Qian (1999) and Hadfield (2000), which transformation, in their words, ""is one of the most challenging processes in the life history of an organism, requiring the simultaneous performance of multiple tasks."" And they go on to say that ""with rising anthropogenic CO 2 -driven changes to the global climate system, larvae now face unprecedented threats from multiple stressors associated with climate change,"" one of which is ocean acidification (OA).",['0_0_0']
"If there’s no action before 2012, that’s too late. What we do in the next two to three years will determine our future. This is the defining moment.",['0_0_0']
The latest report said it is extremely likely with at least 95 per cent certainty that the burning of fossil fuels and other human activities are the main cause of rising temperatures since the 1950s.,['0_0_0']
So Global Warming causes droughts up until a week ago. No doubt they are  working on a paper that proves that Global Warming can cause a flood now and then. A peer reviewed article in Nature will appear soon. Data freely available on request except of course to anyone who has dealings with CA. Thats the way science is done after all.,"['1_7_0,', '6_1_5']"
CU-Boulder study shows Greenland may be slip-sliding away due to surface lake melt,['0_0_0']
"OGDEN The greatest snow on earth could be in danger, according to an environmental advocate and writer who spoke to students at Weber State University Tuesday about the effects climate change will have on snow and the ski industry. By the end of the century, some scientists predict Utah will no longer be a skiing destination, because global warming will prevent snow from falling and in turn will affect the ski industry.",['0_0_0']
2014 was the hottest summer on record. The seas near Pensacola are rising 2.1 mm/year (thats 8.2 or 0.69 per century) due to climate change. Sea level rise is happening because all the glaciers are melting.,['0_0_0']
"Carbon dioxide is the predominant so-called 'greenhouse gas' that acts as sort of an atmospheric blanket, trapping the Earth's heat. Over time, an abundance of carbon dioxide can change the global climate, according to generally accepted scientific theory. A warmer climate melts polar ice, causing sea levels to rise.",['0_0_0']
"In coming decades, the only policies that can effectively be used to manage the immediate effects of climate variability and change will be adaptive. For example, even accepting a large role for human-caused influences on hurricane intensities, greenhouse gas mitigation offers little prospect for significantly reducing future hurricane damages.","['4_2_11,', '4_2_2']"
It is extremely likely that more than half of the observed increase in global average surfacetemperature from 1951 to 2010 was caused by the anthropogenic increase in greenhouse gasconcentrations and other anthropogenic forcings together. The best estimate of the human inducedcontribution to warming is similar to the observed warming over this period.,['0_0_0']
"The study also said that that the 2001-2010 decade was the warmest since the records started, with a temperature averaging 0.40 degrees Celsius (32.7 Fahrenheit) higher than that of the previous decade .",['0_0_0']
"Furthermore, although quantitative attribution studies have not explicitly considered solar and volcanic effects, our best information indicates that the observed patterns of vertical temperature change are not consistent with the responses expected for these forcings.",['0_0_0']
"With December 2010 ending up the coldest since 1890, its yet more anecdotal evidence that something significant seems to be happening to our climate, driven by a jet stream that continues to be forced regularly further south than normal, across all seasons.",['0_0_0']
"In comparison to water in all of its forms, the effect of the carbon dioxide increase over the last century on the temperature of the earth is about as insignificant.",['2_3_4']
And until the models can explain what happened in the past they should not be trusted for guiding policy into the future.,['5_4_0']
"Climate change deaths have no correlation with CO2, and have declined over the last hundred years.","['3_6_0,', '2_3_0']"
"""The increase of global average temperature has to be limited to 2 degrees Celsius compared to the pre-industrial level."" Again, this temperature increase is principally of natural origin.  Unfortunately humans cannot end sunspot activities.",['2_1_1']
"Qin Dahe, co-chairman of IPCCs group one, said: Our assessment of the science finds that the atmosphere and ocean have warmed, the amount of snow and ice has diminished, the global mean sea level has risen and that concentrations of greenhouse gases have increased.",['0_0_0']
"To build their shells, sea butterflies need calcium carbonate. But the burning of fossil fuels is making the ocean more acidic, and reducing the amount of calcium in the water",['0_0_0']
"Without sea ice many penguins cant survive. The largest of the species, the majestic Emperor penguin, has become the most vulnerable, because it needs stable land-locked sea ice for breeding. High winds and thinning ice has meant many eggs and baby birds are being blown away.",['0_0_0']
"Greenhouse gases in the atmosphere intercept some of the long-wave infrared radiation and transfer some of the energy to excite other molecules in the atmosphere, some of the radiation goes back to the surface (this is called down-welling infrared radiation), and some of the radiation is radiated into space (this is called out-going long-wave radiation).",['0_0_0']
"The April mean temperature is almost 5 standard deviations above the mean, a 5 sigma event in statistical parlance. Under the assumption of stationary normal statistics, such an event is considered astronomically improbable (< 1 in 10^6), and, like the summer heat wave in Europe in 2003 (which was a 5 sigma event in Switzerland, 3 sigma over Europe as a whole), deserves special attention. As we have nonetheless remarked before on RC, particular events, even seasonally-persistent anomalies as unusual as these, do not prove anthropogenic warming. But in a statistical sense, large outliers like this make it more probable that the underlying distributions are shifting and give us a glimpse into the types of anomalies we might expect to become more common in the decades ahead.",['0_0_0']
"Glaciers in the Himalaya are receding faster than in any other part of the world (see Table 10.9 ) and, if the present rate continues, the likelihood of them disappearing by the year 2035 and perhaps sooner is very high if the Earth keeps warming at the current rate. Its total area will likely shrink from the present 500,000 to 100,000 km 2 by the year 2035 (WWF, 2005).",['0_0_0']
"I'd guess that's slim to none. The Republicans may well move to the center, and embrace some kind of domestic greenhouse gas control scheme (which would be a bad idea for the same reasons discussed earlier), but I'd say there's little or no chance they'll ever join in the United Nations process.",['4_1_0']
"JAMES HANSEN: There are two things that are cause of concern. First of all, if we look at the history of the Earth, we know that at the warmest interglacial periods, which were probably less than 1 degree Celsius warmer than today, it was still basically the same planet. Sea level was perhaps a few metres higher. But if we go back to the time when the Earth was two or three degrees Celsius warmer, thats about three million years ago, sea level was about 25 metres higher, so that tells us we had better keep additional warming less than about one degree. And the other piece of evidence is not from the history of the Earth but from looking at the ice sheets themselves, and what we see is that the disintegration of ice sheets is a wet process and it can proceed quite rapidly. We see that the ice streams have doubled in their speed on Greenland in the last few years and even more concern is west Antarctica because its now losing mass at about the same rate as Greenland, and west Antarctica, the ice sheet is sitting on rock that is below sea level. So it is potentially much more in danger of collapsing and so we have both the evidence on the ice sheets and from the history of the Earth and it tells us that were pretty close to a tipping point, so weve got to be very concerned about the ice sheets.",['0_0_0']
"Figure 1. Cumulative loss of ice area in Greenland. As you can see, Greenland is toast it's losing well over a hundred square kilometres of ice per year, and the chart shows it heading to the cellar, looks like a total meltdown coming up.",['0_0_0']
"for the time being, an ice-free patch of ocean about a mile wide has opened at the very top of the world, something that has presumably never before been seen by humans and is more evidence that global warming may be real and already affecting climate. The last time scientists can be certain the pole was awash in water was more than 50 million years ago.",['0_0_0']
"In its 2001 report on global climate, the Intergovernmental Panel on Climate Change of the United Nations prominently featured the Hockey Stick, a chart showing global temperature data over the past one thousand years. The Hockey Stick demonstrated that temperature had risen with the increase in industrialization and use of fossil fuels. The inescapable conclusion was that worldwide human activity since the industrial age had raised CO2 levels, trapping greenhouse gases in the atmosphere and warming the planet.",['0_0_0']
"Abstract: Recent years rapid melting of the Greenland ice sheet has shown that the southern dome is the icesheets most vulnerable part. The southern ice sheet dome, the area south of c. 67N, is a highlandice cap with its base c. 500 m a.s.l. It contains c. 15% of the Greenland ice sheets volume, equal toc. 1 m global sea level, and is characterised by very high accumulation and melting. Two of themost active outlets from the ice sheet, Jakobshavn Isbr and Helheim Gletscher drain the saddlebetween the northern and southern ice sheet domes.",['0_0_0']
Green Hell: How Environmentalists Plan to Control Your Life and What You Can Do to Stop Them,['4_1_5']
"We take climate change seriously, but we are unhappy with how the issues are being presented, particularly regarding what we need to do next.",['4_4_1']
"For the first time since we began tracking carbon dioxide in the global atmosphere, the monthly global average concentration of this greenhouse gas surpassed 400 parts per million in March 2015,according to NOAAs latest results.",['0_0_0']
"I believe they do and they merely jump on the climate change bandwagon because it is the most effective way to get headlines. Simply talking about poverty reduction or a sensible renewable energy policy has been tried and it failed. Hence the more alarmist the message the better, regardless of the actual truth.",['6_1_0']
"Evidence is quickly mounting against the idea that Antarctic melt will contribute to global sea level rise during the 21st century. In fact, the real debate might be concerning the degree to which an increase in mass balance on Antarctica will counterbalance melt elsewhere across Earth.","['1_1_1,', '1_6_0']"
"The concern is that a threshold may soon be passed beyond which well be committed to losing most or all of the Greenland ice sheet, said Professor Steffen. This would lead to 6 metres of sea level rise (with enormous implications for Australia ), although the time frame required to lose this amount of ice is highly uncertain, ranging from a century to a millennium or more.",['0_0_0']
"MANY scientists are so sure that the sea level will rise visibly in the coming decades that they are advising planners to adopt new strategies now. A predicted rise in sea level of one foot within the next 30 to 40 years will drive much of the Atlantic and Gulf shoreline inward by a hundred feet and some of it by more than a thousand feet, according to marine geologists. The environmental and economic consequences will be felt much farther inland.",['0_0_0']
"The IPCC dismisses in its AR4 report of 2007 natural climate variability as a major reason for the global temperature increase in the second half of the 20th century. The basic arguments are greenhouse physics, increasing and accelerating temperatures in the second half of the 20th century, and the inability of climate models to reproduce the temperature changes if only natural processes are considered.",['0_0_0']
"We have to be careful because we are only talking about a couple of years and the history of Greenland happened over millennia,' cautioned Professor Tedesco. 'But as far as we know now, the warming that we see in the Artic is responsible for triggering processes that enhance melting and for the feedback mechanisms that keep it going. Looking over the past few years, the exception has become part of the norm.'",['0_0_0']
"Last month, the Seattle Times ran a glossy, three-part story called "" Sea Change: The Pacific's Perilous Turn "" where it discussed the impacts of ocean acidification resulting from increasing CO2 in the atmosphere. The article made some strong claims that increasing atmospheric CO2 and the resulting acidification of the oceans and coastal waters were causing acute problems today for the shellfish industry in the Northwest. The third part of this series described how oyster larvae grown in Northwest shellfish farms had high mortality in 2005-2009, mortality that the ST blames on CO2-induced acidification of the coastal ocean by the atmosphere.",['0_0_0']
"The loss of the islands is part of a natural process of delta barrier island evolution that may well be accelerated due to more frequent storms resulting from climate change,' Lopez said. 'The loss of the islands is a tragedy that can be averted.'",['0_0_0']
Climate change appears to be just mainly a multi-decadal natural fluctuation.,['2_1_0']
"These events give a glimpse of the future. Weather changes and volatility after warming of 3 degrees could cut staple crop yields significantly. This could happen around the world, for years at a time, despite our best efforts at agricultural adaptation. Damages and human displacements from extreme flooding will add to stresses.",['0_0_0']
"Because ""Antarctica is so harsh and remote...scientists only began true investigation of its ice sheet in the 1950s. It didn't take long for the verdict on the West Antarctic Ice Sheet to come in. ""Unstable,"" wrote Ohio State University glaciologist John Mercer in 1968 . It was identified then and remains today the single largest threat of rapid sea level rise.""",['0_0_0']
"Wrong. The British Antarctic Survey, working with NASA, last week confirmed ice around Antarctica has grown 100,000 sq km each decade for the past 30 years",['1_1_1']
GLOBAL warming may be putting a freeze on Atlantic salmon sex. Fishing records from anglers on 59 Norwegian rivers show that more and more salmon are staying out at sea for two or more winters instead of one before migrating back upriver to mate.,['0_0_0']
"New research by NOAA, University of Alaska, and Woods Hole Oceanographic Institution in the journal Oceanography shows that surface waters of the Chukchi and Beaufort seas could reach levels of acidity that threaten the ability of animals to build and maintain their shells by 2030, with the Bering Sea reaching this level of acidity by 2044.",['0_0_0']
"The July heat wave that wilted crops, shriveled rivers and fueled wildfires officially went into the books Wednesday as the hottest single month on record for the continental United States.",['0_0_0']
"The good news is that 27 coal-based generating units and plants representing more than 15,000 megawatts of electricity are currently being constructed throughout the United States. Given the demand forecast, even more facilities would likely be underway were it not for the uncertainty regarding the form and timing of efforts to reduce greenhouse gas emissions.","['7_3_0,', '4_1_4']"
"Much of this thermal radiation emitted by the land and ocean is absorbed by the atmosphere, including clouds, and reradiated back to Earth. This is called the greenhouse effect.",['0_0_0']
"Since about 2019, I have believed that there's little to nothing that we can do to actually reverse climate change on a global scale.",['4_3_2']
"We need to take a global perspective. Climate change is not the only issue on the agenda. There are many other issues and we need to ask, where we can do the most good first?",['4_2_14']
"Heat waves, droughts, wildfires, floods all are now more frequent and more intense, President Barack Obama said during his State of the Union speech last February. We can choose to believe that Superstorm Sandy, and the most severe drought in decades, and the worst wildfires some states have ever seen were all just a freak coincidence. Or we can choose to believe in the overwhelming judgment of science and act before its too late.",['0_0_0']
"The main culprit behind the cold temperatures in December 2010 was the same one which caused the cold winter of 2009-2010; a strongly negative North Atlantic Oscillation (NAO) and Arctic Oscillation (AO). When these atmospheric oscillations are in the strong negative phase, they essentially flip the weather pattern across North America, with upper-level high pressure and relative warmth over Greenland and Northeastern Canada and upper-level low pressure and cold over the eastern Continental United States, including Florida (Figure 1). This pattern forces the jet stream to plunge south from northern Canada into the southeastern U.S., transporting Arctic air masses into Florida.",['0_0_0']
"Jonathan Gregory, a climatologist at the University of Reading, UK, says global warming could start runaway melting on Greenland within 50 years, and it will probably be irreversible this side of a new ice age",['0_0_0']
"The authors write that ""ocean acidification is predicted to have significant effects on benthic calcifying invertebrates, in particular on their early developmental states,"" and they note that ""echinoderm larvae could be particularly vulnerable to decreased pH, with major consequences for adult populations.""",['0_0_0']
"Other scientists noted that temperature is only one factor in climate change. Even if the thermometer had never been invented, the evidence is there from deep ocean changes, from receding glaciers, from rising sea levels and receding sea ice and spring snow cover, Thorne said.",['0_0_0']
Investing in clean energy will lead to lower bills than the alternative high-carbon scenario and all the evidence shows that the benefits of strong and early action far outweigh the costs of not acting on climate change.,['0_0_0']
"The climate might be changing, but it's silly to blame this on us.",['2_0_0']
"Marine life, including that part that fixes CO2 as the carbonate in limestones such as coral reefs, evolved on an Earth with CO2 levels many times higher than those of today. It may be true to say that todays marine life is getting by in a CO2-deprived environment.","['3_2_3,', '3_3_0']"
"They conclude that there is a 'heavy extinction risk' given current global warming predictions of a 0.4C rise over two decades, which cuts the chance of survival from 95 per cent to 80 per cent.",['0_0_0']
"Having a record of previous melt intensity for the Peninsula is particularly important because of the glacier retreat and ice shelf loss we are now seeing in the area. Summer ice melt is a key process that is thought to have weakened ice shelves along the Antarctic Peninsula leading to a succession of dramatic collapses, as well as speeding up glacier ice loss across the region over the last 50 years.",['0_0_0']
"So Ill say, as Ive said before, that while volcanoes can certainly affect local areas, rumors of the power of volcanoes to affect global average temperatures have been greatly exaggerated.",['0_0_0']
"Warming will increase the frequency of these high-intensity storms at least in the North Pacific and North Atlantic Ocean basins, causing most of the increase in damage.'",['0_0_0']
"A new NASA-supported study reports that 2007 marked an overall rise in the melting trend over the entire Greenland ice sheet and, remarkably, melting in high-altitude areas was greater than ever at 150 percent more than average. In fact, the amount of snow that has melted this year over Greenland could cover the surface size of the U.S. more than twice.",['0_0_0']
"While it is encouraging to see such clear recovery, we need to be mindful of the fact that the coral recovery at Scott Reef still took over a decade. If, as the climate change trend suggests, we start to see coral bleaching and other related disturbances occurring more frequently, then reefs may experience a ratcheting down effect, never fully recovering before they suffer another major disturbance.",['0_0_0']
"Mays decline was about average, the center notes. But given the thinness of the ice that emerged from winter and its growing predominance over hardier multi-year ice, NSIDC researchers say they expect 2009 to be another year when the amount of sea ice left at summers end will fall short of the 1979-2000 average.",['0_0_0']
"A foundation of facts established that ocean temperatures have climbed by half a degree in the past decade, ocean acidity has increased by 25 per cent and sea levels have risen by around 30 centimetres.",['0_0_0']
"(ii) Most of the increase in the concentrationof these gases over the last century is due to human activities, especially the burning of fossil fuels and deforestation.",['0_0_0']
"Oceans absorb excess carbon dioxide in the atmosphere, leading to an increase in acidity. Scientists are worried about how that increase will affect sea life, particularly reefs, as higher acid levels make it tough for coral skeletons to form. Lubchenco likened ocean acidification to osteoporosis a bone-thinning disease because researchers are concerned it will lead to the deterioration of reefs.",['0_0_0']
"The authors state that climate change is predicted to threaten a large proportion of earth's animal life, citing Parmesan and Yohe (2003) and Thomas et al . (2004), while further noting that the Arctic is predicted to be especially susceptible to potential threats from climate change, citing Overpeck et al . (1996). And if the Arctic region is mountainous , the predictions are extremely dire; for in testimony presented before the Select Committee of Energy Independence and Global Warming of the U.S. House of Representatives on 26 April 2007, NASA's James Hanson said that life in alpine regions is in danger of being ""pushed off the planet"" as the earth warms, for he declared that it has ""no place else to go.""",['0_0_0']
There is no doubt that climate change is occurring and that the burning of fossil fuels is contributing to an anthropogenic warming of the Earth. The debate surely has moved on from that starting point.,['0_0_0']
"Climate change has occurred repeatedly throughout Earths history, but the recent rate of global warming far exceeds that of any previous episode in the past 10,000 years or longer. Knowing how climate change altered the interactions between plants and animals in the past may help us understand whether there are identifiable patterns that could give us clues into what will happen in the future.",['0_0_0']
"The Levitus group looked particularly at the data for the deep waters of the North Atlantic, choosing to address a depth of 1,750 meters. They learned that that ocean had warmed in the period between 1955 and 1974, and again between 1974 and 1988. The warming was not uniform, horizontally or vertically, but they determined that the changes were not small, and could have made appreciable contributions to the Earths heat balance on decadal time scales. Maximum heat storage was at depths greater than 300 meters.",['0_0_0']
"Michael Gooseff follows water to the end of the earth. The Pennsylvania State University hydrologist works in remote regions of the Arctic and Antarctic, where ice and frozen ground are thawing. He expects polar warming and melting to continue at an accelerating pace if no significant reductions are made in climate-changing greenhouse-gas emissions.",['0_0_0']
"The net effect of a warming of the climate of Shanghai would likely be reduced mortality on the order of 0.5% per degree Celsius increase in temperature, or perhaps even more.",['3_6_0']
"Our analysis strongly suggests that recent Northern Hemisphere tropical expansion is driven mainly by black carbon and tropospheric ozone, with greenhouse gases playing a smaller part.",['2_2_0']
Unilaterally cutting U.S. emissions would be pointless and would handicap negotiators in any effort to reach an agreement with developing economies like China and India.,['4_2_4']
"When the researchers at CICERO and the Norwegian Computing Center applied their model and statistics to analyse temperature readings from the air and ocean for the period ending in 2000, they found that climate sensitivity to a doubling of atmospheric CO2 concentration will most likely be 3.7C, which is somewhat higher than the IPCC prognosis.",['0_0_0']
"So, it is now almost certain we will see this scam blow up in the run up to US presidential election with a massacre of the Democrats and any other climate extremists caught into the crossfire will just be collateral damage!","['6_2_0,', '6_1_0']"
"""U.S. fossil fuels are some of the cleanest in the world! With innovations like clean coal, we can keep energy affordable and reliable without hurting the planet. 🌎 #EnergyIndependence #CleanCoal""","['7_2_3,', '7_2_4,', '7_3_0']"
It is extremely likely {95%+ certainty } that more than half of the observed increase in global average surface temperature from 1951 to 2010 was caused by the anthropogenic increase in greenhouse gas concentrations and other anthropogenic forcings together.,['0_0_0']
"CCS strips out, purifies, and concentrates CO 2 emissions from fossil fuel combustion at large single sources such as power plants (Fig. 1). Three methods of CO 2 capture are currently being investigated. Postcombustion capture separates the CO 2 with the use of chemical solvents, precombustion capture chemically strips off the carbon, leaving hydrogen to burn, and oxyfuel combustion burns coal or gas in denitrified air to yield only CO 2 and water. After leaving the power plant, the captured CO 2 is pressurized to 70 bar, forming a liquid that can be transported to a storage site, where the fluid is injected into rock pores deeper than 800 m below the surface. Good choices of storage sites will retain CO 2 without appreciable seepage for tens of thousands of years. Monitoring will be required for decades into the future, combined with techniques to remediate deficient storage.",['0_0_0']
"Coral abundance in the Caribbean Sea has gone down about 80% in the past 30 to 40 years, and about one-third of the corals around the world are threatened with extinction,' said lead author Rebecca Vega-Thurber, an assistant professor of microbiology at Oregon State University.",['0_0_0']
"The seas around Greenland have also been remarkably open in later years. The east coast, which frequently remained completely blocked by pack-ice, in 1931-33 was almost free from ice.",['0_0_0']
The six scientists report their study found that the offspring of female turtles nesting on the naturally hot (black sand) beach survived better and grew larger at hot incubation temperatures compared with the offspring of females nesting on the cooler (pale sand) beach,['3_2_1']
"On the worlds coldest continent of Antarctica, the landscape is so vast and varied that only satellites can fully capture the extent of changes in the snow melting across its valleys, mountains, glaciers and ice shelves. In a new NASA study, researchers [including Marco Tedesco] using 20 years of data from space-based sensors have confirmed that Antarctic snow is melting farther inland from the coast over time, melting at higher altitudes than ever and increasingly melting on Antarcticas largest ice shelf.",['0_0_0']
"Using a highly simplified climate model, they examined various climate scenarios to verify their theory. It showed that the temperature variability in mid-latitudes indeed decreases as the temperature difference between the poles and the equator diminishes. Climate model simulations by the Intergovernmental Panel on Climate Change (IPCC) showed similar results: as the climate warms, temperature differences in mid-latitudes decrease, and so does temperature variability, especially in winter.",['0_0_0']
"However, it is also clear that since about 1980, while the total solar radiation, its ultraviolet component, and the cosmic ray intensity all exhibit the 11-year solar periodicity, there has otherwise been no significant increase in their values. In contrast, the Earth has warmed up considerably within this time period. This means that the Sun is not the cause of the present global warming.",['0_0_0']
"Todays Arctic sea ice anomaly is negative, and represents an area of 'lost sea ice' roughly half the size of Hudsons Bays 1.6 Mkm^2.",['0_0_0']
"The speed bump only applies to surface temperatures, which only represent about 2 percent of the overall warming of the global climate. Can you make out the tiny purple segment at the bottom of the above figure? That's the only part of the climate for which the warming has 'paused'.",['0_0_0']
"That is truly amazing, considering that the center of the ice sheet didnt make it above freezing at any time this summer, and that the Petermann Glacier has grown a kilometer since 2010.","['1_1_2,', '1_1_3']"
"Even if the climate is changing, who are we to think that our actions are the cause? Clearly, we play a minor role.",['2_0_0']
"As a preamble, I definitely agree that global warming has occurred (around a degree F [or half degree C] in the last several decades at the earth's surface).",['3_4_0']
"The biggest concern with global warming is, arguably, that warming itself will cause further warming. For example, the polar ice caps reflect sunlight back into space (thereby cooling Earth); if the caps shrink, due to warming, then they will reflect less sunlight, and so Earth will warm further. It is claimed to bepossible that Earth warms so much that it reaches what is called a tipping point , where the global climate system is seriously and permanently disruptedlike when a glass of water has been tipped over, and the water cannot realistically be put back into the glass.",['0_0_0']
"The government floods green energy niche market that supplies 2.5% of our energy needs, with billions of dollars of subsidies a year. Wind isn't commercially feasible with natural gas prices below $6 per thousand cubic feet. Right now its price is below $4. This may explain the administration's hostility to the fossil-fuel renaissance.","['4_1_1_3,', '4_2_7_2,', '7_2_0']"
"1. Introduce wind plants, which produce no CO 2 emissions at the point of wind electricity generation.",['0_0_0']
"One of the most promising avenues for reducing our national dependence on imported oil, lowering greenhouse gases and boosting domestic fuel production is biofuel from non-food plant seed oils.",['0_0_0']
"Yes, you read that right: the runaway global warming scenario is now off the table;  a new ice age is coming for sure, and whatever human warming effects there may be will only make our descent into the deep freeze a little more comfy.","['1_2_0,', '3_0_0']"
"Early spring in Europe matches recent climate warming August 25, 2006 Conclusive proof that spring is arriving earlier across Europe than it did 30 years ago is published today in the journal Global Change Biology.",['0_0_0']
John the fact that you appear to take the Oregon Petition seriously does not inspire confidence in your own powers of critical thinking. Have a look at the Wikipedia entry on this notoriously fraudulent document to see what I mean.,['0_0_0']
"FT.com / Business education - The silent Suns uncertain course Although some people who are sceptical about the human influence on global warming like to emphasise the link between solar variability and climate, Prof Mayewski turns their argument on its head: The fact that we are not in conditions like the little ice age today shows that the atmosphere is being perturbed by human activities , he says. If the Sun stays quiet for the next few years, it may temper the effects of man-made global warming for a while but most experts believe that rising levels of carbon dioxide in the atmosphere will eventually push temperatures higher again.",['0_0_0']
"Scientists explain that the rising Arctic temperatures that have reduced floating ice cover by 20 percent over the last three decades, and the suns rays that are now absorbed by dark-blue sea rather than being bounced back into space by reflective ice and snow, together with extreme heat, has created a strong high-pressure system that has brought the cold polar air into Europe this week.",['0_0_0']
Climate change is a hoax.,['6_2_0']
"""We also know that as we warm the oceans, we end up with more water vapor in the atmosphere"" 4 percent more than was in the atmosphere just a few decades ago. That is why another basic prediction of climate science has been more intense deluges and floods.",['0_0_0']
"Nov. 24 (Bloomberg) Greenland and Antarctic ice sheets are melting faster than expected and the future rise in sea level will be much higher than previously forecast, a group of 26 climate scientists said in a report today.",['0_0_0']
"The last thing I want to talk about is the very fact that we are  talking about not using resources we have. Even if you buy everything  that the alarmists with climate change and global warming would have  you, and let's assume they are all right, everybody agrees it is going  to take us 20 to 30 years to get off of hydrocarbons as a method of  energy production, as a source of energy. We know that. If we were to  start building nuclear plants today, we would have every alternative  energy that we had, and it would still take us 15 to 20 years to start  to begin to do that. So what is it that we fear about utilizing our own  energy resources?","['7_3_0,', '6_1_0']"
Carbon capture is the real game-changer we need to reverse climate change. Let’s focus on scalable solutions that remove CO₂! #CarbonCapture,['4_2_13']
"These scientists came to the same conclusions the global warming trend is done, and a cooling trend is about to kick in.",['1_2_0']
"Keystone XL will have little environmental impact, but create 42,100 U.S. jobs.",['7_2_1']
"Stern presented the world with a stark choice: pay 1% of GDP to fix climate change now, or lose at least 5% of GDP in the future.",['0_0_0']
"As you increase temperature, you decrease the efficiency soil microorganisms release more carbon dioxide to the atmosphere but only for the more complex food sources,' Frey explains. 'You could infer that as the soil warms, more carbon dioxide will be released into the atmosphere, exacerbating the climate problem.'",['0_0_0']
"Working in the same general region of the continent, Hall et al . (2010) write that 'over the past 50 years, the Antarctic Peninsula warmed ~2C,' and that resultant rapid ice breakups 'have destroyed several small, thin ice shelves fringing the Antarctic Peninsula (i.e., Cook and Vaughan, 2009, and references therein),' leading them to ask, 'is the recent warming of the Antarctic Peninsula unique in the Holocene'",['0_0_0']
"[3] A review of the published literature on climate simulations of the 20th century indicates that a large number of fully coupled three dimensional climate models are able to simulate the global surface air temperature anomaly with a good degree of accuracy [Houghton et al., 2001]. For example all models simulate a global warming of 0.5 to 0.7C over this time period to within 25% accuracy. This is viewed as a reassuring confirmation that models to first order capture the behavior of the physical climate system and lends credence to applying the models to projecting future climates.",['0_0_0']
"There are also uncertainties in ocean temperatures. This is no small issue, as oceans cover 71% of Earths surface.",['5_3_0']
"The Greenland ice sheet is an archive of knowledge about the Earth's climate more than 125,000 years back in time. The ice was formed by the precipitation that fell as snow from the clouds and remained year after year, gradually being compressed into ice. By drilling down through the approximately three kilometer thick ice sheet, the researchers draw up ice cores, which provide detailed knowledge of the climate of the past annual layer after annual layer. By measuring the content of the special oxygen isotope O18 in the ice cores, you can get information about the temperature in the past climate, year by year.",['0_0_0']
"And if you STILL don't see how this demonstrates the greenhouse effect, imagine what would happen if you suddenly removed all of that atmosphere and clouds: there would be a sudden increase in the rate of net IR flow from the surface of the Earth to outer space, and temperatures would drop. THAT is the greenhouse effect.",['0_0_0']
"And my prediction is that the talks will achieve as much as all the previous climate talks, i.e. precisely nothing.",['4_3_0']
"c) Min et al. ( 2011 ) found that ' human-induced increases in greenhouse gases have contributed to the observed intensification of heavy precipitation events found over approximately two-thirds of data-covered parts of Northern Hemisphere land areas '. Pall et al. ( 2011 ) found that ' nine out of ten cases our model results indicate that twentieth-century anthropogenic greenhouse gas emissions increased the risk of floods occurring in England and Wales in autumn 2000 by more than 20%, and in two out of three cases by more than 90% .'",['0_0_0']
"Although it is not discussed in the CoreLogic report, sea level rise from global warming and land elevation changes is already making it easier for damaging storm surge flooding to take place, even during weaker hurricanes.",['0_0_0']
"3. Human-induced climate change is projected to continue, and it will accelerate significantly if global emissions of heat-trapping gases continue to increase. Heat-trapping gases already in the atmosphere have committed us to a hotter future with more climate-related impacts over the next few decades. The magnitude of climate change beyond the next few decades depends primarily on the amount of heat-trapping gases that human activities emit globally, now and in the future.",['0_0_0']
"It is a plain fact that human activities have significantly increased the concentrations of greenhouse active gases in the atmosphere, particularly since the mid-20th century.",['0_0_0']
Wotts: My understanding from reading the paper is that these ratings indicated that anthropogenic influences have provided most (more than 50%) of the recent warming.,['0_0_0']
"Scientists have only begun assessments, with dive teams looking for 'bleaching' that is a telltale indicator of temperature stress in sensitive corals, but initial reports are bleak. The impact could extend from Key Largo through the Dry Tortugas west of Key West, a vast expanse that covers some of the prettiest and healthiest reefs in North America.",['0_0_0']
"The 2nd Law of Thermodynamics applies to net flows of heat , not to each individual photon, and it does not prevent some heat flowing from a cooler body to a warm one.'",['0_0_0']
"Even under projected high concentrations of atmospheric CO2, the pH remains above that of an acid.",['1_9_0']
"Global climate change is partly to blame for the abnormally hot and dry weather in Moscow, cloaked in a haze of smoke from wildfires, say researchers.The UK Met Office has said there are likely to be more extreme high temperatures in the future.",['0_0_0']
"The break up of the Larson Ice Shelf in 2002 was a very timely reminder that there is rapid change occurring in certain regions of Antarctica, Dr Massom said.",['0_0_0']
"By the way, since we are talking about retreating ice, here is a picture showing the retreat of the Glaciers at beautiful Glacier Bay, Alaska.",['0_0_0']
"Moreover the chart shows that wind energy output was close to zero for a period of three days. Little wonder that wind and solar have yet to replace a single conventional coal power plant in Germany. No matter how much installed solar/wind capacity the country has, it still has to rely on conventional power on windless nights, which are frequent enough.","['4_2_7,', '7_3_0']"
"The additional warming of land surface air temperatures could  be caused by anthropogenic greenhouse gases, but it is just as likely the warming was caused by other factors such as land-use changes, urban heat island effect, or black soot on snow.",['2_2_0']
"The decadal rate of increase between 1991-2000 and 2001-2010 was unprecedented, WMO Secretary-General Michel Jarraud said in a statement. Rising concentrations of heat-trapping greenhouse gases are changing our climate, with far-reaching implications for our environment and our oceans.",['0_0_0']
"The latest report, released in September, concluded that global warming is unequivocal, and that it is extremely likely that human activity has been the main cause of the temperature rise since the 1950s.",['0_0_0']
"One of the most dramatic developments since the last IPCC Report is the rapid reduction in the area of Arctic sea ice in summer. In 2007, the minimum area covered decreased by about 2 million square kilometres as compared to previous years. In 2008, the decrease was almost as dramatic.",['0_0_0']
"The batteries developed for plug-in EVs will also revolutionize the electrical distribution system and the use of renewable energy. Wind energy is already expected to reach grid parity in less than a decade. Unless we develop new business models with utility companies and other stake holders, we will not be able to take full advantage of the accelerating pace of technology.",['0_0_0']
No matter how much people believe in the reality of climate change just wait till you start taking their stuff away. See how that goes.,['4_1_5']
"The greatest climate change the world has seen in the last 100,000 years was the transition from the ice age to the warm interglacial period. New research from the Niels Bohr Instituteat the University of Copenhagen indicates that, contrary to previous opinion, the rise in temperature and the rise in the atmospheric CO 2 follow each other closely in terms of time. The results have been published in the scientific journal, Climate of the Past.",['0_0_0']
"In developing federal climate change legislation, it is essential that Congress gets it right. The consequences for getting it wrong are starkly described in the National Energy Technology Laboratory's recent analysis wherein NETL finds that dramatic shifts away from coal will lead to, and I quote, ``Spectacular price increases for households and industry with serious and damaging implications for the reliability of electricity supply and the viability of the U.S. economy.''","['4_1_1,', '4_1_2,', '4_3_1']"
"Instrumental records from around the globe indicate that Earth has warmed by almost 1 degree Celsius (about 1.5F) over the past century. That may seem a small amount, but it is already noticeable in glacier retreat, rising sea level, more frequent heat waves, and more intense hurricanes, among many other phenomena.",['0_0_0']
"Writing in the journal Geophysical Research Letters (GRL) , Diffenbaugh concluded that hot temperature extremes could become frequent events in the U.S. by 2039, posing serious risks to agriculture and human health.",['0_0_0']
Global warming theory says that increasing emissions of CO2 will inevitably lead to rising global temperatures.,['0_0_0']
"Dr. James E. Hansen of the Goddard Space Flight Centers Institute for Space Studies said research by his institute showed that because of the greenhouse effect that results when gases prevent heat from escaping the earths atmosphere, global temperatures would rise early in the next century to well above any level experienced in the past 100,000 years. Steeper Rise in Next Century",['0_0_0']
"Finally, there is the problem of enforcement of any international agreement. If countries do not adhere, then global mitigation objectives cannot be met, and new rounds of negotiations become necessary. Global GHG emissions-detection technologies may be insufficient to identify breaches when there are many sources of the GHG that vary in size, location, timing, production technologies, and sectors.",['4_2_6']
"Given the uncertainty inherent in estimating ancient temperatures, the scientists conservatively concluded that the last decade has brought global average temperatures higher than they have been for at least 75 percent of the last 11,300 years. The recent increase in global average temperature is so abrupt compared to the rest of the time period that when the scientists make a graph of the data, the end of the line is nearly vertical.",['0_0_0']
"Ice extent shrank in June at an average rate of 80,800 square kilometres per day, about 50 per cent faster than the average drop recorded from June 1979 to 2000.",['0_0_0']
"[1]This study compares observed and model-simulated spatiotemporal patterns of changes in Chinese extreme temperatures during 19612007 using an optimal detection method. Four extreme indices, namely annual maximum daily maximum (TXx) and daily minimum (TNx) temperatures and annual minimum daily maximum (TXn) and daily minimum (TNn) temperatures, are studied. Model simulations are conducted with the CanESM2, which include six 5-member ensembles under different historical forcings, i.e., four individual external forcings (greenhouse gases, anthropogenic aerosol, land use change, and solar irradiance), combined effect of natural forcings (solar irradiance and volcanic activity), and combined effect of all external forcings (both natural and anthropogenic forcings). We find that anthropogenic influence is clearly detectable in extreme temperatures over China. Additionally, anthropogenic forcing can also be separated from natural forcing in two-signal analyses. The influence of natural forcings cannot be detected in any analysis. Moreover, there are indications that the effects of greenhouse gases and/or land use change may be separated from other anthropogenic forcings in warm extremes TXx and TNx in joint two-signal analyses. These results suggest that further investigations of roles of individual anthropogenic forcing are justified, particularly in studies of extremely warm temperatures over China.",['0_0_0']
"Warming of the climate system is unequivocal, as is now evident from observations of increases in global average air and ocean temperatures",['0_0_0']
Doubling the carbon dioxide concentration will increase the mean near-surface air temperature by about 3 degrees centigrade. This is a crude way to infer the warming effect of emissions without using a climate model. The scientifically accepted range of uncertainty for this increase is 2 to 4.5 degrees. This gives an idea of the risk of coming in higher or lower than the 3 degree estimate would suggest in isolation.,['0_0_0']
"The increased concentration of greenhouse gases in the atmosphere enhances the absorption and emission of infrared radiation. The atmospheres opacity increases so that the altitude from which the Earths radiation is effectively emitted into space becomes higher. Because the temperature is lower at higher altitudes, less energy is emitted, causing a positive radiative forcing. This effect is called the enhanced greenhouse effect, which is discussed in detail in Chapter 6.",['0_0_0']
"On average, the enhanced greenhouse effect is responsible for about 0.5 to 1.0 degree of observed warming around the globe (more in some areas, less in other areas).",['0_0_0']
"GORE: Well, the majority of it is caused by human activity, and a cutting-edge study now quantifies the different causes of global warming. About 43 percent or almost half is from CO2. Twenty-seven percent, a little more than a quarter, is from methane. Then there is black carbon, also referred to as soot, which in some areas of the world is a very, very pronounced cause. And then you have the nitrous oxides and carbon monoxide and so forth. But the largest single source is manmade CO2.",['0_0_0']
"Short-term warming studies have documented that rising temperatures increase the rate of soil respiration. As a result, scientists have worried that global warming would accelerate the decomposition of carbon in the soil, and decrease the amount of carbon stored there. If true, this would release even more carbon dioxide into the atmosphere, where it would accelerate global warming.",['0_0_0']
"No climate model using natural forcings [i.e., natural warming factors] alone has reproduced the observed global warming trend in the second half of the twentieth century.",['0_0_0']
"The bears will do their best to keep up with a changing climate, just as they have done since their species grew separate from brown bears some 200,000 years ago.","['3_2_1,', '3_2_2']"
"Shanghai is the most vulnerable major city in the world to serious flooding, a study suggests.",['0_0_0']
"""For a problem as potentially catastrophic as climate change, taking no action poses a dangerous risk for our planet,"" they argue. The first three paragraphs say:",['0_0_0']
The study concluded that massive life-style changes -- such as requiring new vehicles to achieve 63 mpg by 2010 and retrofitting existing homes with state-of-the-art appliances and other energy-saving technologies -- would not allow the U.S. to reduce emissions below 1990 levels.,['4_2_7']
"Abstract: Global climate change results from a small yet persistent imbalance between the amount of sunlight absorbed by Earth and the thermal radiation emitted back to space 1 . An apparent inconsistency has been diagnosed between interannual variations in the net radiation imbalance inferred from satellite measurements and upper-ocean heating rate fromin situmeasurements, and this inconsistency has been interpreted as missing energy in the system 2 . Here we present a revised analysis of net radiation at the top of the atmosphere from satellite data, and we estimate ocean heat content, based on three independent sources. We find that the difference between the heat balance at the top of the atmosphere and upper-ocean heat content change is not statistically significant when accounting for observational uncertainties in ocean measurements 3 , given transitions in instrumentation and sampling. Furthermore, variability in Earths energy imbalance relating to El Nio-Southern Oscillation is found to be consistent within observational uncertainties among the satellite measurements, a reanalysis model simulation and one of the ocean heat content records. We combine satellite data with ocean measurements to depths of 1,800m, and show that between January 2001 and December 2010, Earth has been steadily accumulating energy at a rate of 0.500.43Wm 2 (uncertainties at the 90%confidence level). We conclude that energy storage is continuing to increase in the sub-surface ocean.",['0_0_0']
"Species that depend on snow cover for their survival are likely to be very vulnerable to climate change, Peacock said. Its highly uncertain whether wolverines will continue to survive in the Lower 48, given the changes that are likely to take place there.",['0_0_0']
"A switch from a permanent cover of thick ice to a new state where thinner ice vanishes in the summer will have far-reaching implications, they say.",['0_0_0']
The IPCCs 2007 report (4AR) said: Most of the observed increase in global average temperatures since the mid-20 th century is very likely due to the observed increase in anthropogenic greenhouse gas concentrations.,['0_0_0']
"The shear margins that bound these ice shelves laterally are now heavily rifted, resembling a cracked mirror in satellite imagery until the detached icebergs finally drift out to the open sea. The calving front then retreats along these disintegrating margins. The pattern of marginal rifting and retreat is hypothesized to be a symptom, rather than a trigger, of the recent glacier acceleration in this region, but this pattern could generate additional acceleration.",['0_0_0']
"By 2050, a majority of U.S. coastal areas are likely to be threatened by 30 or more days of flooding each year due to dramatically accelerating impacts from sea level rise, according to a new NOAA study, published today in the American Geophysical Union's online peer-reviewed journal Earth's Future .",['0_0_0']
"Environmental pressure groups, renewable energy companies and some public officials who keep each other well supplied with lavish funds, scare stories and green tape.","['6_1_3,', '6_1_4,', '6_2_0']"
The emissions-reduction commitments by developed countries in the Cancun pledges cannot effectively curb climate change.,['4_2_2']
"The world is getting warmer and US scientists now know precisely how much warmer. They calculated the radiation from the sun, the heat reflected back into space, and the rising temperature of the seas and say the extra warmth is equivalent to a 1 watt lightbulb shining constantly over an area of 1 sq metre everywhere on the planet.",['0_0_0']
"Scientists argue risk is greater on the upside: the lower bound of warming has barely changed at an expected further 2 degrees Celsius warming this century, but the upper bound has if anything risen with scientific understanding, and is more open at 4 degrees or more.",['0_0_0']
"The U.S. is already a global leader in climate action, with significant investments in renewable energy and emission reductions, so further drastic measures aren’t necessary.",['4_4_2']
"If we want to keep oil (and coal) in the ground, we need to make other forms of energy cheaper. That means promoting another technology that environmentalists love to hate.",['4_1_1_3']
"Beddington BS: Flooding rains plain truth of climate change: scientist LONDON: Australia can expect more frequent devastating floods like those in Queensland this year, and the world is facing decades of unprecedented hardship as a result of climate change, according to the chief scientific adviser to the British government.",['0_0_0']
"Between advances in renewable energy, stricter emissions regulations, and companies adopting green practices, we’re already making great strides against climate change. Additional measures would only add unnecessary costs when we’re already on the right track.","['4_4_2,', '4_1_1']"
"We will end up seeing more drought and starvation on a grand scale. Weather patterns will become even more terrifying and there will be less and less rainfall, he said.",['0_0_0']
"The Met Office says despite the change, we will continue to see near-record levels of global temperatures in the next few years.",['0_0_0']
"However, the new approach also suggests that rapid climate trends foreseen for this century will likely outpace species range shifts considerably. In particular, many of the plant populations predicted to persist in the near future will actually do so under local climate conditions that are already unsuitable for their long-term survival because long live spans and clonal reproduction strategies of many high mountain plants allow them to retard extinction.",['0_0_0']
"Model experiments show that even if all radiative forcing agents were held constant at year 2000 levels, a further warming trend would occur in the next two decades at a rate of about 0.1C per decade, due mainly to the slow response of the oceans.",['0_0_0']
"It is implausible to expect that small changes in the concentration of any minor atmospheric constituent such as carbon dioxide, can significantly influence that radiative equilibrium.",['2_3_1']
"New findings indicate the rate of sea level rise over the past two decades in on the order of 1.7-0.8 mm/year, which is far less than that projected by climate alarmists.",['1_6_0']
"As representatives of the business community, we understand the importance of certainty and clear market signals and believe a national standard to reduce carbon pollution from new power plants will both clarify risks and opportunities for U.S. businesses, while also leading to technological innovation and investment in the domestic clean energy market. Investing in cleaner technologies and more efficient resources can be a pathway to profit and prosperity, boosting economic growth and creating jobs while also providing competitive returns to investors. We look forward to reviewing the proposal and identifying opportunities for increased investment in innovative low and no-carbon technologies as well as new energy infrastructure and energy efficiency",['0_0_0']
"Methane Hydrate: Methane is a greenhouse gas that is at least 26 times stronger than Co2. When released in large quantities it will spike temperatures very quickly from 4-16 degrees on average. Methane is stored in vast quantities in the frozen tundra of the Siberian lakes regions. If Co2 emissions continue to warm temperatures, it will melt the frozen tundra and release large quantities of methane into the atmosphere, spiking temperatures beyond our threshold to survive.",['0_0_0']
"I think we need to recognize that climate change and addressing the potential threat of climate change is a global problem. Imposing carbon caps on one industry and one country or even in the industrialized world will make virtually no difference in global concentrations of CO2 in the next hundred years. 84 per cent of the growth in CO2 over the 1990-2010 period is coming from China and India. So we need a global solution that helps transfer existing technologies for clean coal and other energy sources to the developing world, so that they can try to meet the aspirations of their population for faster economic growth, as well as emitting less CO2 and other emissions.","['4_2_2,', '4_2_4']"
"In conclusion, the rise in CO 2 concentration and global temperature has continued to closely match the projections over the past five years",['0_0_0']
"So, if past is prologue, this current plateau will end at some point, too, and a new era of rapid global warming will begin. That will put extra energy and moisture into the atmosphere that can fuel weather extremes, like heat waves and torrential rains.",['0_0_0']
Climate change over the next 20 years could result in a global catastrophe costing millions of lives in wars and natural disasters..,['0_0_0']
"The United States and many other heavily populated countries face a growing threat of severe and prolonged drought in coming decades, according to a new study by National Center for Atmospheric Research (NCAR) scientist Aiguo Dai. The detailed analysis concludes that warming temperatures associated with climate change will likely create increasingly dry conditions across much of the globe in the next 30 years, possibly reaching a scale in some regions by the end of the century that has rarely, if ever, been observed in modern times.",['0_0_0']
"A remarkable 20 percent of the Canadian Basin has become more corrosive to carbonate minerals in an unprecedented short period of time. Nowhere on Earth have we documented such large scale, rapid ocean acidification according to lead researcher and ocean acidification project chief, U.S. Geological Survey oceanographer Lisa Robbins.",['0_0_0']
"As part of a DOE grant we are testing climate models against satellite observations, particularly regarding the missing hotspot in the tropics, that is, the expected region of enhanced warming in the tropical mid- and upper troposphere as the surface warms.  Since 1979 (the satellite period of record), it appears that warming in those upper layers has been almost non-existent, despite some surface warming and increases in low-level humidity.","['5_4_0,', '2_3_5']"
"Greenhouse gasses are gasses are in the earths atmosphere that collect heat and light from the sun.With too many greenhouse gasses in the air, the earths atmosphere will trap too much heat and the earth will get too hot.As a result people, animals, and plants would die because the heat would be too strong.",['0_0_0']
"Internationally, no third party institutions exist to enforce agreements, and nations differ widely in their interest in restricting GHG emissions. Therefore, high transaction costs will attend efforts to reach and maintain broad GHG controls. So far, those transaction costs have blocked agreement, and there seems little reason to expect that these constraints will soon vanish.",['4_3_1']
"As country after country abandons, curtails or reneges on once-generous support for renewable energy, Europe is beginning to realise that its green energy strategy is dying on the vine. Green dreams are giving way to hard economic realities.","['4_2_7,', '4_1_1']"
"So why is climate change a priority? Because it is so easy to blame everything on it, however tenuously, and thereby attach your own agenda  even a nuclear energy or a trading paper agenda. However the downside that few people want to look for is the huge chance of unintended consequences from bad policy.",['4_1_4']
"I am arguing that the version constructed by Briffa, and relied on so extensively in the literature since then, is not robust in its late-20th century portion to a small and reasonable inclusion of additional data.",['5_2_0']
"Antarctica is shedding an average of 190 million tonnes of ice every day, according to a landmark study that used satellites to ""weigh"" the vast land mass.",['0_0_0']
"So, the satellites and surface measurements are in general agreement so far: The temperature rose.",['0_0_0']
a new study published in the journal Climate Change today by Stanford scientists finds that large areas of the globe will warm up so quickly that even the coolest summers will be hotter than the hottest summers of the past 50 years.,['0_0_0']
"CO2 is a greenhouse gas, and it warms the planet. The modellers guessed that as the world warmed, more water would evaporate, and the rising humidity would lock in more heat. Makes sense. Humid nights are warmer than clear nights.",['0_0_0']
"We are in the midst of a major environmental change that will continue to stress corals over the coming decades, so the lesson from this study is that there are these systems such as coral reefs that are sensitive to environmental change and can go through this kind of wholesale collapse in response to these environmental changes,' Cobb said.",['0_0_0']
"Snowfall at our study area has declined over the past 25 years (Fig. 1a), typical of what has occurred across western North America and other mountain regions of the world 1,7,8.",['0_0_0']
"A proper analysis of ice core records from the past 650,000 years demonstrates that temperature increases have come before, and not resulted from, increases in CO2 by hundreds of years.",['2_3_3']
"The scientists have done their work by now. The planet is heating up in precisely the ways they predicted, albeit more quickly. The amount of carbon dioxide in the atmosphere edged past 390 parts per million (ppm) in the months since Copenhagen, far above the 350 ppm that researchers have set as the upper boundary for a planet that works the way we're used to.",['0_0_0']
"Based on observations since the mid-1800s, the paper reports a 3.5% slowdown in the Walker circulation, which corresponds closely to the number predicted by theory. To establish whether human-induced climate change is at work, Vecchi and colleagues analyzed 11 simulations using the latest version of the GFDL climate model spanning the period 1861 to 2000. Some of the simulations included the observed increase in greenhouse gases; others included just the natural climate-altering factors of volcanic eruptions and solar variations. Only the simulations that included an increase in greenhouse gases showed the Walker circulation slowing, and they did so at a rate consistent with the observations.",['0_0_0']
"I was extremely interested in this particular graphic because Mann et al themselves, in effect, conceded that the differences arose out of only a few series.",['0_0_0']
"The results of oxygen isotope measurements from ice cores in the Greenland and Antarctic ice sheets several decades ago stunned the scientific world. Among the surprises from the cores was the recognition of multiple, late Pleistocene, extraordinarily abrupt, intense periods of warming and cooling. The most precise records of late Pleistocene climate changes are the ice cores of the Greenland Ice Sheet Project (GISP) and the Greenland Ice Core Project (GRIP). These cores are especially important because the ages of the ice at various levels in the core have been measured by counting annual layers in the ice, giving a very accurate chronology of climatic fluctuations determined by measurement of annual layers.",['0_0_0']
"These strong negative cloud feedbacks resulted in a low climate sensitivity of only 0.41 K/(W m-2), described as being at the ""low end"" of traditional GCMS.",['3_1_0']
The model predicts CO2 levels in future years as in Figure 3. The doubling from 260 to 520 ppm occurs in the year 2050.,['0_0_0']
"However, it may not be paradise for long. The Intergovernmental Panel on Climate Change says sea levels could rise by as much as 59cm by 2100 in Vanuatu, which would obliterate much of beachfront property. ( source )",['0_0_0']
"Eleven wind turbines capable of providing enough energy to meet the needs of more than 49,000 homes will be built offshore",['0_0_0']
"Above the 3C raised level, which may be after 2070, the effects will be catastrophic: the Arctic sea ice will disappear, and species such as polar bears and walruses may disappear with it, while the main prey species of Arctic carnivores, such as wolves, Arctic foxes and the collared lemming, will have disappeared from 80 percent of their range.",['0_0_0']
"Ethanol subsidies damage the environment by wiping out forests, polluting water supplies, and eroding the soil. By converting food into fuel, they cause famines and food riots in the world's poorest countries.","['4_1_3_2,', '4_1_1_2']"
Observational data and climate records make clear that heat waves have already increased in duration and intensity. Climate models have shown that heat waves are virtually certain to get worse as greenhouse gases warm the planet.,['0_0_0']
"In contrast, short-sighted policies aimed at achieving U.S. energy independence can jeopardize U.S. economic and energy security. By restricting trade or picking winners and losers, government hinders investment and innovation.","['4_1_2,', '4_1_5']"
"Those human changes, he says, are driven by burning fossil fuels that pump out greenhouse gases like CO2, carbon dioxide. Hansen says his research shows that man has just 10 years to reduce greenhouse gases before global warming reaches what he calls a tipping point and becomes unstoppable. He says the White House is blocking that message.",['0_0_0']
4. I have previously described why the solar effect on climate is not as generally thought but for convenience I will summarise the issue here because it will help readers to follow the logic of the NCM.Variations in total solar power output on timescales relevant to human existence are tiny and are generally countered by a miniscule change in the speed of the hydrological cycle as described above.,['0_0_0']
"CO2 in the atmosphere has some warming effect on Earths climate, but undisputed science shows that each additional CO2 molecule we emit has less warming effect than all its predecessors already in the air.",['2_3_2']
"We’ve already implemented strong policies, invested in renewable energy, and set emissions goals, so there’s no need to go overboard with additional climate measures.","['4_4_1,', '4_4_2']"
"Nevertheless, despite the movement in the right direction, global fossil fuel subsidies are still much higher than renewable energy subsidies, despite the fact that fossil fuels and associated technologies have been established for decades to centuries. Fossil fuels also receive another massive subsidy which is rarely taken into account in these types of calculations carbon emissions.",['0_0_0']
"The classic demonstration for this involves adding CO2 to the air in only one of a pair of similar, closed, containers; exposing both to a radiant heat source until the containers reach equilibrium with the surrounding atmosphere; and then comparing one or both of the internal temperature and/or duration of the cool down period for the two. Do it, and you'll find that the one containing some additional CO2 retains more heat and the claim is that this demonstrates the greenhouse effect.",['0_0_0']
"By far the largest number of localglaciers in north-east Greenland hadreceded very greatly during recent decades, and it would not be exaggeratingto say that these glaciers were nearinga catastrophe.",['0_0_0']
"Human-induced climate change is one of the biggest problems that we face today. Millions could suffer hunger, water shortages, diseases and coastal flooding because of climate change. The latest science suggests that we may be near or even beyond the point of no return.",['0_0_0']
"shows that climate models can and do simulate short, 10- to 12-year hiatus periods with minimal warming, even when the models are run with historical increases in greenhouse gases and sulfate aerosol particles. tropospheric temperature records must be at least 17 years long to discriminate between internal climate noise and the signal of human-caused changes in the chemical composition of the atmosphere.",['0_0_0']
"It is...irresponsible to ignore the preponderance of evidence on floods, extreme precipitation events (and if it is winter, these are snow storms), wildfires, etc. These were anticipated to occur as the climate changes. They have occurred around the world (U.S., Russia, Indonesia, Japan, Argentina, etc..), and they are getting worse and more frequent [ 2 ] .",['0_0_0']
"Extreme weather has hit not only Alaska. It's also struck the lower 48, where the first three months of 2012 has seen twice the normal number of tornadoes and one of the warmest winters on record.",['0_0_0']
"National Geographic cites: A recent study says we can expect the oceans to rise between 2.5 and 6.5 feet by 2100, enough to swamp many of the cities along the U.S. East Coast. More dire estimates, including a complete meltdown of the Greenland ice sheet, push sea level rise to 23 feet, enough to submerge London.",['0_0_0']
"Gas is no panacea. It still puts a lot of carbon into the atmosphere and has created a range of new pollution problems at the local level. Methane leakage The current gas revolution suggests the long-standing emphasis on emissions targets and pricing has been misplaced. resulting from the extraction and burning of natural gas threatens to undo much of the carbon benefit that gas holds over coal. And even were we to make a full transition from coal to gas, we would then need to transition from gas to renewables and nuclear in order to reduce U.S. emissions deeply enough to achieve the reductions that climate scientists believe will be necessary to avoid dangerous global warming.",['0_0_0']
"A central conceit in the climate change debate is not just that experts can forecast the planet's weather a century from now. It is the implicit, and explicit, assumption that anyone might forecast technology in the year 2110. The world's future energy choices and appetites are the central features of all climate mitigation schemes. But it is not today's technology that is relevant here, but the technology of the 22nd century that will determine how we will then obtain energy and what kind, how it is used, how much is used and for what.",['4_2_10']
"Climate change: A new religion complete with evangelists, tithes, indulgences and superstitions.",['6_1_1']
"Because long-term direct ocean current measurements are lacking, the scientists mainly used sea-surface and atmospheric temperature data to derive information about the ocean currents, exploiting the fact that ocean currents are the leading cause of temperature variations in the subpolar north Atlantic. From so-called proxy data ' gathered from ice-cores, tree-rings, coral, and ocean and lake sediments ' temperatures can be reconstructed for more than a millennium back in time. The recent changes found by the team are unprecedented since the year 900 AD, strongly suggesting they are caused by man-made global warming.",['0_0_0']
he pH profile for the middle Eocene tropical Pacific Ocean shows that atmospheric  CO2 was probably similar to modern concentrations or slightly higher .,['2_3_6_1']
"A much more straightforward and logical explanation is one that fits  Plate Climatology Theory . The NASA observed western Pacific Ocean warming is due to increased heat flow from deep ocean volcanoes, hydrothermal vents, and heat emitting fault zones, not man-made atmospheric global warming.",['2_1_2']
"The frequency of deep (sea level pressure of less than 975 mb) cyclones, which represented approximately one-third of all identified cyclone systems, was found to be increasing at a linear rate of 0.21 cyclones per year, although substantial year-to-year and decadal variability were noted in the record. In addition, the intensity of deep cyclones was shown to have increased with time.",['0_0_0']
"Professor Mike Lockwood, of Reading University, said erratic and extreme weather patterns could be the norm in 20 years. He said the risk of harsh winters and wet miserable summers has gone up to 25 to 30 per cent compared with 10 per cent a few years ago.",['0_0_0']
"Our analysis shows that corals in the study areas are now regularly experiencing temperatures above84 F during July, August and September; average temperatures that were seldom reached 120 years ago, said Ilsa Kuffner, a USGS research marine biologist and the studys lead author. When corals are exposed to water temperatures above 84 F they grow more slowly and, during extended exposure periods, can stop growing altogether or die.",['0_0_0']
"Global climate change could cause the sea level to rise high enough submerge 4,000 islands in Indonesia, it said in a report.",['0_0_0']
"If there is no tropical upper troposphere hotspot, then there is no positive feedback, and thus, no climate change crisis as predicted by the IPCC. If there is no hotspot, then the IPCC hypothesis of CO2 caused global warming (AGW) is essentially proven false.",['2_3_5']
"Global warming has occurred. He writes: '?_ global warming is real, and some of it at least has been caused by the CO2 emitted by fossil fuels'.",['0_0_0']
The people of my State don't understand why we are blocking access to  U.S. oil reserves. They don't understand why we are withholding new  supplies needed to get prices down. They don't understand why we are  denying ourselves the relief we need and deserve.,"['7_2_1,', '7_3_0']"
"If we do nothing to reduce our emissions of greenhouse gases, future warming will likely be at least two degrees Celsius over the next century .' (emphasis added)",['0_0_0']
"The Union of Concerned Scientists say that the NC coast could flood daily. From phys.org, Flooding could become a daily problem in North Carolina by 2045, report says",['0_0_0']
"The ongoing global glacier retreat causes rising sea-levels, changing seasonal water availability and increasing geo-hazards. While melting glaciers have become emblematic of anthropogenic climate change, glacier extent responds very slowly to climate changes. 'Typically, it takes glaciers decades or centuries to adjust to climate changes,' says climate researcher Ben Marzeion from the Institute of Meteorology and Geophysics of the University of Innsbruck.",['0_0_0']
"At present, the polar bear is one of the best managed of the large arctic mammals. If all the arctic nations continue to abide by the terms and intent of the Polar Bear Agreement, the future of polar bears is secure.",['3_2_2']
"However rather than admit that there might be a flaw in the theory,  warmists simply rebranded ""global warming"" into ""climate change"", so  that cold weather as well as hot can be taken as evidence of our  upcoming destruction.",['1_8_0']
"A draft UN report three years in the making concludes that man-made climate change has boosted the frequency or intensity of heat waves, wildfires, floods and cyclones and that such disasters are likely to increase in the future. The document being discussed by the world's Nobel-winning panel of climate scientists says the severity of the impacts vary, and some regions are more vulnerable than others. ' AFP, 1 November 2011",['0_0_0']
"WASHINGTON Warm ocean currents attacking the underside of ice shelves are the dominant cause of recent ice loss from Antarctica, a new study using measurements from NASAs Ice, Cloud, and land Elevation Satellite (ICESat) revealed.",['0_0_0']
"Mr Davey said in his interview - and others echoed the point later - that we should not concentrate just on land temperatures, but look at what was happening to ocean temperatures and the polar ice melt for evidence that global warming was continuing unabated.",['0_0_0']
"Its no surprise to those who follow climate science that temperature patterns have shifted as the world has warmed up. But in a new study, outspoken climate scientist James Hansen goes a step further, saying devastating heat waves in recent years are the result of global warming.",['0_0_0']
There has been a big change in public opinion in Australia over the last year particularly following Al Gores movie An Inconvenient Truth. Various opinion polls suggest that Australians are increasingly concerned about global warming and they want something done.,['0_0_0']
"Due to very warm water off the cast of California the last two years, there has been a spike in temperatures. Climate experts have determined that this spike is due to CO2, and it is causing drought.",['0_0_0']
"A paper published today finds that prior claims about the effects of ocean ""acidification"" on calcifying plankton are highly exaggerated because the artificial laboratory conditions utilized do not correctly simulate the effects in natural seawater.",['3_2_3']
"Near the midpoint of the melt season, Arctic sea ice is closely tracking 2006. That was the year with the highest summer minimum of the past decade.",['1_1_3']
"Natural gas is widely hailed as cleaner than other fossil fuels, but new research says using it instead of diesel to power trucks and buses could actually exacerbate global warming over a 100-year period.",['0_0_0']
"According to the Deep Earth Academy's The PETM in Review , the PETM was likely triggered by the rapid emission of greenhouse gases, probably methane (CH 4 ), which was rapidly oxidized to carbon dioxide (CO 2 ). The result of this sudden increase in atmospheric greenhouse gases was global warming. The consequences of the PETM were significant in magnitude and truly global in scope:",['0_0_0']
"Although solar power can provide a cost-effective alternative for off-grid applications, we believe the principal challenge to widespread adoption of solar power for on-grid applications is reducing manufacturing costs so that the cost of installed solar panels is equal to or less than the cost of grid-generated electricity without impairing product reliability. This concept is known as reaching grid parity.",['0_0_0']
"Denmark may have surrounded itself with wind turbines, but could not afford such feel good luxuries if it were not for the vast income and energy it derives from Danish North Sea oil and  gas.","['4_1_1_3,', '7_2_1']"
"This report spells out what the world would be like if it warmed by 4 degrees Celsius, which is what scientists are nearly unanimously predicting by the end of the century, without serious policy changes '_.The science is unequivocal that humans are the cause of global warming, and major changes are already being observed: global mean warming is 0.8C above pre industrial levels; oceans have warmed by 0.09C since the 1950s and are acidifying; sea levels rose by about 20 cm since pre-industrial times and are now rising at 3.2 cm per decade;",['0_0_0']
Jensen said the biggest ice sheets Greenland and West Antarctica were already contributing 1 millimeter (.04 inch) a year to those rising sea levels. She said this could double within the next decade.,['0_0_0']
The African penguin was recently reclassified as an endangered species because of its declining population across South Africa.,['0_0_0']
Recent alarm about the release of methane gas from areas of permafrost failed to recognise that the main absorption peak for methane is at a wavelength of about 3.3 microns.,['2_3_2']
"The retreat is not entirely due to man-made global warming , though scientists say that plays a major role. While the rate of melting has alternately sped up and slowed in lock step with decades-long climate cycles , it has risen steeply since about 1980.",['0_0_0']
"There is stunningly a second example of misrepresented AGW signal to noise in the new Australian hockey stick paper by Gergis et. al., Evidence of unusual late 20th century warming , Journal of Climate (2012), formerly available at journals.ametsoc.org as JCLI-D-11-00649.1. This paper used 27 proxies but rejected 35 others using a version of the screening fallacy. The chosen 27 were then improperly detrended. This paper has been put on hold (quoting the senior author) after selection bias and inability to replicate results were outed by Climate Audit. (Postings 5/31, 6/3, 6/4, 6/6, and 6/8).","['5_2_0,', '6_1_5']"
"Add that to the fact that CO2 levels were relatively consistent in the Pliocene, and we're increasing them much more rapidly today, and it really highlights the importance of understanding how sea level responds to rising temperatures. Estimates of Pliocene sea level might provide a powerful tool for testing the ability of our ice sheet models to predict future changes in sea level.'",['0_0_0']
The Climate Crisis Hoax,['6_2_0']
"In 2004, scientists claimed that the troposphere had warmed faster then the surface, and that this was consistent with climate models.",['0_0_0']
"On and on it has gone, throughout Earth and human history: wild weather and climate swings on a recurring basis. But now, climate advocatate want us to believe such events began only recently, and we could stop today's climate and weather aberrations, if we would just eliminate fossil fuels.","['2_1_4,', '4_2_0']"
The problem is that there is no technology in existence which can extract enough energy to eliminate fossil fuel usage and cover our energy demand.,"['4_2_7,', '7_3_0']"
"The ocean cushions the increase in CO2 that would otherwise occur in the atmosphere, but with far-reaching impacts. The current rate of ocean acidification appears unprecedented at least over the last 300 million years, according to an analysis in the report.",['0_0_0']
Claims about climate change are overblown.,['6_1_0']
"An increase of 6C would have irreversible consequences, rendering large parts of the globe uninhabitable and destroying much of life on Earth.",['0_0_0']
"Ozones reversal from a positive (preindustrial) to a negative feedback supports results showing that solar forcing has been a relatively minor contributor to late 20th-century surface warming ( 7 , 19 , 31 ).",['0_0_0']
"As a prime example of the difficulties we face in this regard, consider the rising carbon dioxide content of earths atmosphere, which is nearly universally acknowledged to be a direct consequence of humanitys ever-increasing usage of fossil fuels. Some people believe that this rise in CO 2 will intensify the atmospheres natural greenhouse effect, leading to a warming of the globe that will be so rapid that many plants (and some of the animals that are dependent upon them) will not be able to migrate fast enough to remain within the climatic regimes to which they are currently accustomed, with the end result that they will ultimately face extinction.",['0_0_0']
Temperatures in the interior of Greenland have gotten nowhere near the melting point this summer.,['1_1_2']
"Countries like India and Brazil have huge potential for emissions reductions at a fraction of the cost compared to what it would take in the United States. By funding renewable energy projects or forest conservation efforts in these countries, we can make a more significant impact on global emissions than by focusing solely on reducing emissions domestically.",['4_2_15']
"In 2012, polar bear experts Ian Stirling and Andrew Derocher (who predicts by the middle of this century, two-thirds of the polar bears will be gone due to rising CO2) published Effects of climate warming on polar bears: a review of the evidence. 16 To illustrate the importance of ringed seal pups they wrote, In the mid-1970s and again in the mid-1980s, ringed seal pup productivity plummeted by 80% or more for 23 years. A comparison of the age-specific weights of both male and female polar bears from 1971 to 1973 (productive seal years), to those from 1974 to 1975 (years of seal reproductive failure), demonstrated a significant decline in the latter period. 16",['0_0_0']
"The multiyear ice covering the Arctic Ocean has effectively vanished, a startling development that will make it easier to open up polar shipping routes, an Arctic expert said on Thursday.",['0_0_0']
"We have a classic Malthusian case of exponential growth against a finite source'_. Since World War II, we have had a phenomenal rate of mal-usage so that in each decadethe '50s and the '60sthe world consumed more than had been used up in all previous human history. Oil production should peak out around the world in the early 1990s. The world, which is now consuming about 60 million bbl. a day, faces a limit on production somewhere around 75 million or 80 million bbl. a day. That means in five years' time we may have chewed up most of the possibility of further expansion of oil production.'",['0_0_0']
Average global atmospheric and oceanic temperatures will drop significantly beginning between 2015 and 2016 and will continue with only temporary reversals until they stabilize during a long cold temperature base lasting most of the 2030s and 2040s.,['1_2_0']
But researchers have recently been startled to see big changes unfold in both Greenland and Antarctica.,['0_0_0']
"Remarkably, neither AMO nor ENSO shows a strong correlation with the temperature in the United States, although ENSO reaches strongly up the west coast of the US.",['0_0_0']
CO2 was not the primary control knob of Earths temperatures.,['2_3_0']
We keep an eye on the sea surface temperatures there because El Nio and La Nia events are the primary cause of the yearly variations in global sea surface temperatures AND the primary cause of the long-term warming of global sea surface temperatures over the past 30 years.,['2_1_3']
We aren't causing climate change.,['2_1_0']
"Overall, depending on the species, both genetic and plastic responses exist in phenology and other life-history traits,' and it is clear 'these traits are changing in response to climate'?_ Read More",['0_0_0']
"We are now using the system to predict changes out to 2014. By the end of this period, the global average temperature is expected to have risen by around 0.3 C compared to 2004, and half of the years after 2009 are predicted to be hotter than the current record hot year, 1998. Met Office Hadley Centre 2007",['0_0_0']
"As to the question of what most scientists are saying about mans culpability, we can return to the University of Illinois study and see that 82% of the respondents agreed that human activity is a significant contributing factor in changing mean global temperatures.",['0_0_0']
"According to leaked details from the most recent report from the Intergovernmental Panel on Climate Change in the Sydney Morning Herald yesterday, the worlds ice sheets are melting rapidly as the planet warms. Greenlands ice added six times more to sea levels in the decade up to 2011 than in the previous 10 years and the Antarctic melt produced a five-fold increase.",['0_0_0']
This is interesting because I accept atmospheric carbon dioxide levels are increasing dramatically and something should be done about this.,['0_0_0']
"Of course, the chance of editors at Science allowing such a response paper to get published is virtually zero. The editors at Science choose which scientists will be asked to provide peer review, and they already  know who they can count on to reject a skeptics paper.",['6_1_5']
"A slightly shocking finding,' Tripati said, 'is that the only time in the last 20 million years that we find evidence for carbon dioxide levels similar to the modern level of 387 parts per million was 15 to 20 million years ago, when the planet was dramatically different.'",['0_0_0']
"Dr Ian Stirling, now at Polar Bears International, said the bear had been in apparently good health when it was examined by scientists in April in southern Svalbard. It was found dead three months later [July] in northern Svalbard, far from its normal range. Stirling said most of the fjords in Svalbard did not freeze normally last winter, driving the bear further afield in the hunt for food. From his lying position in death, Stirling said, the bear appears to simply have starved and died where he dropped, having been reduced to little more than skin and bone.",['0_0_0']
"A further comparison with the monthly sunspot number, cosmic galactic rays and 10.7 cm absolute radio flux since 1950 gives no indication of a systematic trend in the level of solar activity that can explain the most recent global warming.",['0_0_0']
"A team of Federal scientists says it has detected an overall warming trend in the earths atmosphere extending back to the year 1880. They regard this as evidence of the validity of the greenhouse effect, in which increasing amounts of carbon dioxide cause steady temperature increases.",['0_0_0']
All developed nations are dependent upon oil mostly because its the best transportation fuel by far.,['7_3_0']
Another factor is because the oceanat the Australian coasthas apparently warmed up due to climate change. The sea surface over the Great Barrier Reef off the coast of Queensland has been more than 2C warmer than normal in some parts over the last few months. This excess was enough to fuel Yasi into a killer.,['0_0_0']
"CESA makes a valuable contribution in highlighting the importance of adaptation. Fortunately, much can be done to minimize the social costs that climate change might otherwise cause. Indeed, for the next century, adaptation to climate change is likely to do more to reduce its costs than will GHG controls.",['4_2_11']
"Carbon dioxide increased by 2.60 parts per million in the atmosphere in 2010, which is more than the average annual increase seen from 1980-2010, Karl added. Carbon dioxide is the major greenhouse gas accumulating in the air that atmospheric scientists blame for warming the climate.",['0_0_0']
Climate criminals will immediately jump on this and claim that glaciers are losing mass even if the surface is gaining it. This is also a lie  as you can see in this time lapse of the Petermann Glacier which is clearly growing.,"['1_1_4,', '1_1_2,', '6_2_0']"
"Climate scientists have linked the massive snowstorms and bitter spring weather now being experienced across Britain and large parts of Europe and North America to the dramatic loss ofArcticsea ice. ""The sea ice is going rapidly. It's 80% less than it was just 30 years ago. There has been a dramatic loss. This is a symptom of global warming and it contributes to enhanced warming of the Arctic,"" said Jennifer Francis, research professor with the Rutgers Institute of Coastal and Marine Science. John Vidal, The Guardian 25 March 2013",['0_0_0']
"Dr. James E. Hansen of the Goddard Space Flight Centers Institute for Space Studies said research by his institute showed that because of the greenhouse effect that results when gases prevent heat from escaping the earths atmosphere, global temperatures would rise early in the next century to well above any level experienced in the past 100,000 years.",['0_0_0']
"Drafts seen by Reuters of the study by the U.N. panel of experts, due to be published next month, say it is at least 95 percent likely that human activities chiefly the burning of fossil fuels are the main cause of warming since the 1950s.",['0_0_0']
"For the refining and petrochemical industries, the question that Congress must now ask itself: Do we want gasoline, diesel fuel, and plastics and other products to continue being manufactured in the United States, or do we want this manufacturing outsourced so that we increase reliance on foreign sources of supply.",['7_2_2']
"Global sea level is currently rising as a result of both ocean thermal expansion and glacier melt, with each accounting for about half of the observed sea level rise, and each caused by recent increases in global mean temperature. For the period 1961-2003, the observed sea level rise due to thermal expansion was 0.42 millimeters per year and 0.69 millimeters per year due to total glacier melt (small glaciers, ice caps, ice sheets) (IPCC 2007). Between 1993 and 2003, the contribution to sea level rise increased for both sources to 1.60 millimeters per year and 1.19 millimeters per year respectively (IPCC 2007). Source NSIDC",['0_0_0']
Great Barrier Reef species more likely to face extinction from climate change than other marine life [ link ],['0_0_0']
"Hansen, echoing work by other scientists, said that in five to 10 years, the Arctic will be free of sea ice in the summer.",['0_0_0']
If we could continue to focus on encouraging the technology transfer that would enable China and India to modernize their capital stock. There is a table in my testimony that shows that they are four times less energy efficient than we are. So modernizing their capital stock could go a long way toward reducing the global growth in greenhouse gas emissions.,['0_0_0']
"Im not talking about those who think we should be working toward new forms of energy to eventually displace our dependence of fossil fuels. Even I believe in that; after all, fossil fuels are a finite resource.",['0_0_0']
"Improving observations of ocean temperature confirm that Earth is absorbing more energy from the sun than it is radiating to space as heat, even during the recent solar minimum. The inferred planetary energy imbalance, 0.59 \pm 0.15 W/m2 during the 6-year period 2005-2010, provides fundamental verification of the dominant role of the human-made greenhouse effect in driving global climate change. Observed surface temperature change and ocean heat gain constrain the net climate forcing and ocean mixing rates. We conclude that most climate models mix heat too efficiently into the deep ocean and as a result underestimate the negative forcing by human-made aerosols. Aerosol climate forcing today is inferred to be -1.6 \pm 0.3 W/m2, implying substantial aerosol indirect climate forcing via cloud changes. Continued failure to quantify the specific origins of this large [negative] forcing is untenable, as knowledge of changing aerosol effects is needed to understand future climate change. A recent decrease in ocean heat uptake was caused by a delayed rebound effect from Mount Pinatubo aerosols and a deep prolonged solar minimum. Observed sea level rise during the Argo float era can readily be accounted for by thermal expansion of the ocean and ice melt, but the ascendency of ice melt leads us to anticipate a near-term acceleration in the rate of sea level rise.",['0_0_0']
"In fact, scientists can calculate how much extra heat should be accumulating from the human-caused increases in greenhouse gases, and the energies involved are staggering. By a conservative estimate, current concentrations are trapping an extra amount of energy equivalent to 400,000 Hiroshima bombs exploding across the face of the earth every day.",['0_0_0']
"Instead of seeking greenhouse gas reductions, what we need to foster, as Wildavsky called it, is resilience: the ability to withstand changes, and bounce back from them. We need to encourage others to build their own climate resilience as well.",['4_2_11']
"Jim: It is one of several reasons, as we explained in our 2008 Target CO2 paper. For example, there is also ocean acidification. As atmospheric carbon dioxide increases the ocean becomes relatively more acidic. Ocean biologists conclude that for the sake of life in the ocean we need to aim for an atmospheric carbon dioxide amount no higher than 350 ppm.",['0_0_0']
"Larval and juvenile shellfish are highly sensitive to acidic (low pH) seawater because their shells are formed from calcium carbonate, and dissolves when pH is low",['0_0_0']
"Misguided environmental regulations, green obstructionism, and the NIMBY (not in my backyard) syndrome have combined to delay the construction of desperately needed new power plants and transmission lines. Needless economic regulation has prevented the development of more appropriate pricing structures.","['4_1_1,', '4_1_5']"
"Most scientists, on both sides, also agree on how much a given increase in the level of carbon dioxide raises the planets temperature, if just the extra carbon dioxide is considered. These calculations come from laboratory experiments; the basic physics have been well known for a century.",['0_0_0']
"Now the United States is the global climate leader, despite having neither a carbon price nor emissions trading, thanks to 35 years of public-private investment leading to the shale gas revolution.","['4_4_2,', '7_2_4']"
Over the last 20 years substantial amounts of CO2 derived from fossil fuel have been released into the atmosphere. This has moved from 5.0 gigatonnes of carbon in 1980 to 6.2 gigatonnes in 1990 to 7.0 gigatonnes in 2000 Over 95% of this CO2 has been released in the Northern Hemisphere,['0_0_0']
Polar bear numbers in Hudson Bay of Canada on verge of collapse | Environment | The Guardian,['0_0_0']
President Obamas CO2 Plan Hurts Americans,['4_1_1']
"Second, an insurance policy worthy of the name should help make the insured whole after some unfortunate event has struck. Kyoto can do nothing of the kind. Quite the contrary, whatever resources we apply to prevent climate change are resources we cannot use to adapt to climate change if and when it occurs. Kyoto is all premium and no coverage.","['4_2_11,', '4_2_2']"
"Such events are, however, terribly inconvenient for the global warming narrative. In 2000 climate scientist David Viner of Britain's Climatic Research Unit (CRU) famously proclaimed that snow was increasingly a thing of the past, saying ""children just aren't going to know what snow is."" Fourteen years later Boston's schoolchildren have run out of snow days.","['1_3_0,', '6_1_5']"
"The BBC reports on a new study that suggests many European species of animals and birds have seen their numbers rebound dramatically. And that recovery has been going on for quite some time. In fact, many of the species studied had seen their numbers increase by as much as 3,000 percent since the 1960s.",['0_0_0']
"The ETS will hurt everyone. Stifling regulations will hurt everyone. Whos next? You are, we are.",['4_1_1']
"The human influence is dominated by the emissions into the atmosphere of greenhouse gases, particularly carbon dioxide",['0_0_0']
"There are more consequential links as well, the link between energy and economic strength for the entire Nation and the link between energy and American security. The question before this committee today and ultimately for the entire Nation is, will the current draft of the American Clean Energy and Security Act of 2009 or similar legislation forge stronger, more viable links than these vital chains or will doing so lead to adverse economic impacts not on just the domestic refining industry but on the Nation's economy. The answers to these questions must be fully investigated, understood and documented before enactment of any legislation. Most likely, we have but one chance to get it right. The Nation simply can't afford anything short of a complete understanding.","['4_1_1,', '4_1_2,', '4_3_1']"
"This week, after reviewing his own new data, NASA climate scientist Jay Zwally said: At this rate, the Arctic Ocean could be nearly ice-free at the end of summer by 2012, much faster than previous predictions.",['0_0_0']
"Under the greenhouse effect, extreme weather increases. Depending on where you are in terms of the hydrological cycle, you get more of whatever youre prone to get. New York can get droughts, the droughts can get more severe and youll have signs in restaurants saying Water by request only.",['0_0_0']
"The Finns pursue their security interests through the EU, Nordic 
defense cooperation with Sweden, Norway, and Denmark, and through close 
cooperation with NATO. While there is growing support among some in the 
government for possible future NATO membership, the majority of the 
general public is not yet in favor of such a decision. Finland has been 
active in Afghanistan (currently 100 troops, soon to reach 200), and 
participates in the Swedish-led Provincial Reconstruction Team (PRT) in 
northern Afghanistan. Other issues discussed included the current 
global economic and financial crisis which has hit Finland, climate 
change, and cooperation on issues involving the ``high north'' and the 
arctic.",['0_0_0']
"In 2010, the Global Alliance for Clean Cookstoves was formed to help 
support the adoption of clean cookstoves in 100 million households in 
the developing world by the year 2020. Recognizing the serious health 
and environmental issues posed by traditional cookstoves, the Alliance 
aims to save lives, improve livelihoods, empower women, and combat 
pollution by creating a thriving global market for clean and efficient 
household cooking stoves. Alliance partners are working together to 
help overcome the market barriers that currently impede the production, 
development, and distribution of clean cookstoves in developing 
countries.",['0_0_0']
"The fact of the matter is that our country's energy future will 
continue to be multifaceted, not reliant exclusively or predominantly 
on one or two energy technologies. For one thing, different areas of 
the country will have different availability when it comes to 
renewables, like the abundance of wind on the Great Plains. Even if we 
significantly improve the storage and transmission situation, it is 
likely that it will always be most efficient for different areas of the 
country to rely most heavily on the energy resources that they have 
closest to home.","['4_2_7_2', '7_3_0']"
"By the end of this century, Massachusetts summers could feel like 
North Carolina's summer--not Philadelphia. By the end of the century, 
the temperatures are going to keep warming. By 2100, Maine could be the 
only State in New England that still has a skiing industry. That is how 
rapidly the snows are disappearing. The economic impact of climate 
change isn't confined to New England because we already feel the cost 
of climate disruption. The GAO added climate change to its 2013 high-
risk list based in large part on two reports they did at my request. 
GAO found that climate change presents a significant financial risk to 
the Federal Government. GAO could just as easily say it presents a 
significant financial risk for all of America.",['0_0_0']
"Coming from a Midwestern State where economic troubles are not new--
in fact, we now have 12 percent unemployment. I could spend a lot of 
time, as I have in the past on this floor, talking about what is 
happening to our families. I understand the risks associated with 
poorly designed climate policy, but I also understand that our 
economy--Michigan's economy, the U.S. economy--cannot go forward with 
the same old policies, dependent on foreign oil and pollution, that 
harms both our health and our economic interests. Climate change 
legislation, if designed right, will be a significant opportunity for 
new jobs and an economic transformation for our country.",['0_0_0']
"   time . . . I think the climate change activists, myself ",['0_0_0']
evidence that pre-industrial climate has frequently varied on,['0_0_0']
"The area of sharpest interest to the People of Louisiana in this 
bill, is also surely one of the areas most in need of reason over 
superstition--oil and gas production, both on shore and on the Outer 
Continental Shelf. As we are all aware, the United States has an 
abundant demand for fossil fuels, but also a great need to use them 
wisely.

",['7_3_0']
"This issue of coal is very important. Coal is the most abundant 
resource that exists in this country. It is our most abundant. It is 
our most secure. It is here. It is the lowest cost American resource. 
It is estimated we have over 600 billion barrels of oil equivalent in 
coal. Compare that, for example, to the largest oil reserves in the 
world, which are held by the Saudis, estimated at about 260 billion 
barrels of oil. Again, the Saudis have the largest repository of oil we 
know of, estimated at about 260 billion barrels. Our coal has an oil 
equivalent of about 600 billion barrels.","['7_1_0', '7_2_2']"
"As a matter of fact, the Senator from Washington just talked about 
the need for Federal encouragement. In fact, her exact statement was: 
We need a policy to encourage the use of renewable energy as part of a 
21st century national plan. I agree we need to encourage, but there is 
a big difference between encourage and require.",['4_1_5']
"Harnessing energy from waves, currents, and tides is an exciting 
frontier in the renewable energy sector. Oregon State University, the 
University of Washington, and the University of Alaska Fairbanks are 
partnering to support marine renewable energy research and development 
at the Pacific Marine Energy Center.",['0_0_0']
"Public lands have huge renewable energy potential. Offshore wind 
alone could produce more than 2,000 gigawatts, nearly double the 
Nation's electricity use in 2021.",['0_0_0']
"  Mr. FITZGERALD. Mr. President, I rise today to offer an amendment 
that excludes the incineration of municipal solid waste from the 
definitions of renewable energy and biomass in the energy bill's 
Federal purchase requirement and renewable portfolio standard. This 
amendment, which is cosponsored by Senators Corzine, Jeffords, and 
Chafee, closes a loophole in the bill that would encourage the use of 
municipal solid waste incinerators that emit harmful pollutants into 
our air. Increased incineration will result in greater pollution which, 
in turn, will lead to greater health problems for all Americans.",['0_0_0']
"Globally, cooperation offers similar benefits. The recovery of the 
Earth's protective ozone layer announced in January is a hopeful 
example. The ozone layer plays a critical role in shielding us from 
harmful ultraviolet radiation from the sun. Human activities, such as 
the use of ozone-depleting substances like chlorofluorocarbons--CFCs--
have caused significant damage to the ozone layer. Fortunately, 
collective action to limit these substances, such as the Montreal 
Protocol on Substances that Deplete the Ozone Layer, an international 
agreement to protect the ozone layer, is allowing it to recover. 
According to the United Nations, if commitments like these stay in 
place, the ozone layer could fully recover to 1980 levels by 2040. 
However,


we must ensure solving one environmental challenge does not create 
another. Hydrofluorocarbons--HFCs--which are often used as substitutes 
for ozone-depleting substances, are even more potent greenhouse gases 
than carbon dioxide.",['0_0_0']
"Mr. Speaker, political theater does nothing to stop rising sea 
levels, extreme weather, and land erosion. Failure to act will risk 
American economic prosperity and will disproportionately impact the 
poorest and most vulnerable communities across our Nation.",['0_0_0']
"I suggest, Mr. President, that what you have proposed to the world 
and to the Nation and to this Congress is unacceptable. It certainly 
appears to be unacceptable at this moment to the U.S. Senate and to all 
who have spent any time studying the critical issue of global warming.",['0_0_0']
"Now, historically speaking we know that the globe and its climate 
have different ebbs and flows, and there have been ice ages in the past 
and there have been tropical ages in the past, without interference 
from man. That is even before man came on the scene.",['2_1_4']
"So there are four steps in the right direction on clean energy which 
would actually lower our prices, instead of a 1,000-page bill, which 
would begin to collect hundreds of billions of dollars a year and put 
much of it in a slush fund that Congress would spend and raise your 
taxes, have all sorts of unforeseen consequences, send manufacturing 
jobs fleeing overseas; that would be what we should not do.","['4_1_1_1', '4_1_1_2', '4_1_4']"
"The transportation sector, which relies almost entirely on oil, is 
not only partly responsible for our dangerous reliance on foreign oil 
but also accounts for 33 percent of carbon dioxide emissions. My 
legislation would help to reduce emissions from this sector through a 
combination of provisions such as CAFE standards for automobiles and 
heavy-duty trucks, tax incentives for consumers to encourage them to 
purchase hybrid and alternative fueled vehicles, incentives for 
manufacturers to produce the next generation of energy-efficient 
vehicles, and a low carbon fuel standard that will help to replace some 
gasoline with biofuels. Taken together, these provisions will 
substantially reduce our reliance on foreign oil, while reducing 
greenhouse gas emissions by hundreds of millions of tons.",['0_0_0']
"I would say one other thing about this. A woman scientist from Sandia 
National Laboratory testified before a subcommittee that I chaired, and 
she said: You think of carbon, CO2 emissions, as a problem. 
Why don't you think of carbon as a product? Then she described what you 
can do with carbon as a value-added product. She is absolutely right.",['3_3_0']
"We have lost more jobs in America than we can count. We blame it on 
trade agreements; we blame it on lots of other things. But the last 6 
to 7 years, natural gas prices were between $1.77 and $2 for years, we 
had a couple of spikes in the seventies and eighties, and then the 
climb started. Then came Katrina. Now we are up in the $7 and $8 
figure. With a storm in the gulf, we could be back up to $14 or $15 
again, because as we enter the heating season, we are at the low ebb of 
the year, about $7 per thousand, but a lot the gas that is in the 
ground for this year's use, we paid $8, $9 and $10, because we put gas 
in storage all for the winter usage. I don't know what the average 
price is coming out, but most of the utilities have told us 9 to 20 
percent more for heating a home with natural gas this year, depending 
on which utility you are on, when they bought their gas or how they 
bought their gas.",['0_0_0']
"This doesn't sound like the path down which America should 
go to build a 21st-century economy. And yet, forces in 
Congress are preparing to renew the expired wind subsidy and 
continue to take us down the path that's currently causing 
problems in Germany. The problem here is not being ``for or 
against renewable'' energy or just wasting taxpayers' tax 
dollars. The problem is that these huge subsidies are 
propping up renewable energy at the expense of reliable 
energy. In the case of wind, this increases the occurrence of 
negative pricing.'","['4_1_1_3', '4_2_7_2']"
"So the question is, what climate action does President Trump support? 
And that is the point of the Climate Action Now Act, which simply 
invites the President to tell us his strategy.",['0_0_0']
"I rise for one purpose, and that is to talk about a prime example of 
what Senators Pryor and Hagel are proposing. A number of years ago, the 
Department of Energy put out competition to ask private sector electric 
generation companies to bid on doing a demonstration project to see if 
coal gasification was possible and through its generation electricity 
could be produced at an economically viable and competitive rate.",['0_0_0']
"China is chomping at the bit right now because China has a great need 
for the very ingredients in the pipeline that we do here in this 
country. They already have talked about transportation to the western 
part of Canada to get it to China. So it is going to happen. In fact, 
you could argue, if you are concerned about some of the environmental 
problems, if they do exist, they would be greater if China did it than 
if we did it. For example, China does not have any emission controls on 
all of the stuff that we are talking about the way we do in this 
country.","['4_2_4', '7_2_3']"
"To break this culture of indifference toward pollution and climate 
disruption, we must reverse the practices and policies which accelerate 
this dramatic and destructive trend in our world.",['0_0_0']
"And the tragedy is if we were allowed to produce, if this Congress 
would stop locking up the Outer Continental Shelf, if they would open 
up the reserves in the Midwest which some of them are taking off in the 
energy bill, we could have adequate natural gas in this country; the 
price could be affordable; Americans could be warm; and, the very best 
jobs in America like petrochemical and polymers and plastic and 
fertilizer and glass and steel plants and bricks could be made in 
America, and middle-class working Americans could continue to have the 
jobs that have historically allowed them to live a quality of life and 
raise their families.","['7_3_0', '7_1_0', '7_2_1', '4_1_1_2']"
scientific evidence that increases in atmospheric carbon,['0_0_0']
"From an environmental standpoint, the Kyoto ``deal'' is completely 
inadequate. The treaty is so flawed that it will do virtually nothing 
to slow the growth of manmade greenhouse gasses in the atmosphere. Even 
if one accepts the validity of the science on global warming, which is 
still uncertain and at best contradictory, this treaty would do nothing 
to stop any of these emissions. The Kyoto ``deal'' excludes the very 
developing nations who will be responsible for more than 60 percent of 
the world's manmade greenhouse gas emissions early in the next century.

","['5_1_0', '4_2_2', '4_2_4']"
"In dissecting the pork-laden bill that emerged from the smoke-filled 
back rooms of the conference committee, let me first highlight one 
provision of extraordinary importance to the State of Connecticut. 
Connecticut has worked for decades to ensure that the construction and 
operation of natural gas pipelines and electric cables across our 
national treasure, the Long Island Sound, fully comply with State and 
Federal environmental and energy laws. The bill before us contains a 
provision to permanently activate the Cross Sound Cable--a provision 
that did not appear in either the House or the Senate bill and as to 
which no one received advance notice. The Cross Sound Cable had been 
temporarily activated by Federal order in emergency response to the 
summer's massive blackout, but had been prevented from permanent 
activation by the State of Connecticut until it complies with State 
laws. So much for States rights and environmental and consumer 
protection. Shameful.",['0_0_0']
"I hope we will look forward and not backward in terms of how we are 
incentivizing this renewable energy. So much of what we see in terms of 
complications or challenges small businesses face in finding investment 
capital is particularly problematic with the pursuit of renewable 
energy opportunities in my home State of Arkansas, where biomass is a 
predominant renewable resource but only gets half the tax credit that 
many other resources receive.",['0_0_0']
"One way that we can do this is by bringing clean energy manufacturing 
jobs to our State. My clean energy jobs bill does just that, by 
transforming our State's abundant wind, sun, and geothermal energy into 
good-paying jobs that can't be shipped overseas. It does this by 
getting our priorities lined up with our values.",['0_0_0']
"The report says: ``A carbon tax would send a powerful market signal 
that encourages technological innovation and largescale substitution of 
existing energy and transportation infrastructures, thereby stimulating 
new investment.''",['0_0_0']
"I am disappointed, however, that the United States remained on the 
sidelines of this latest round of negotiations. I urged the Bush 
administration not to abandon the negotiation process. I think that we 
have seen, in last week's agreement, proof that the rest of the world 
will not sit idly by and wait for the United States. Perhaps this is a 
good lesson for the administration to learn. America must make an 
effort, in concert with both industrialized and developing countries, 
to address the real and serious problem of global climate change.",['0_0_0']
"Those interests, most prominently represented by the Koch brothers, 
do not want us to take on this issue of global warming and carbon 
pollution because to take it on means to transform our energy economy 
from extracting and burning fossil fuels, which they own vast amounts 
of, to clean and renewable energy, which does not create carbon 
dioxide--solar energy and wind energy. This group of companies--the 
Koch brothers and friends--is doing everything it can to make sure that 
this body sustains the subsidies we give to it and not help the success 
of the clean and renewable energy that might replace the fossil fuels.",['0_0_0']
"Mr. Speaker, if there was ever a time for this Congress to take up 
global warming, and if there was ever a question that it was not the 
position of this administration to ignore it, I hope this puts it to 
rest.",['0_0_0']
"Significant forces are coming together that may accelerate wider 
acceptance of hydrogen as an energy source. Industry is moving ahead 
with fuel cell developments at a rapid pace. Many companies are forming 
partnerships to bring new technologies to the market place. Daimler-
Chrysler, Ford, and Ballard have formed a partnership and pledged $1.5 
billion for commercialization of automotive fuel cells. Edison 
Development Company, General Electric, SoCal Gas, and Plug Power have 
agreement to commercialize residential fuel cells. There are other 
companies pursuing the same market sector and are developing high 
performance fuel cell technology for automotive and electrical 
generation systems.",['0_0_0']
"   anticarbon, anti-fossil fuel agenda that the Obama ",['4_1_5']
"I can give another example. Ocean City, MD, is a popular place for 
Marylanders and people from outside our State to enjoy the beautiful 
beaches. I must say that I am very proud that this Congress has 
appropriated millions of dollars for beach renourishment. Those dollars 
have returned multiple times because they prevent the full force of 
these nor'easter storms that are more frequent and more severe in 
Maryland and along the Maryland coast. There is a limit as to what we 
can do if we don't take action to deal with the sources of climate 
change. We want to protect our property owners, and the best way to 
protect our property owners is to do something about the causes of 
climate change.",['0_0_0']
"It is actually evident to our own eyes now from observations and 
measurements--not projections or predictions--of increases in global 
warming air and ocean temperatures, widespread melting of snow and ice, 
and a rising global average sea level--a phenomenon that means a lot to 
my coastal State of Rhode Island and to the Presiding Officer's State 
of Maine. Back home our constituents, our neighbors, get it. On our 
coasts they brace against the unrelenting rise of the seas and watch 
mystifying changes in fisheries they have been familiar with for 
generations. On the Plains they toil to raise crops under unprecedented 
drought. In the mountains they watch as ancient acres of forest are 
killed by the spread of invasive pests. Yet here in Washington we do 
nothing.",['0_0_0']
"Climate change is an engineering problem--not social engineering but 
the real kind. It is a challenge of creativity, ingenuity, and most of 
all, technical innovation. Problems of human imagination are not solved 
by more laws; they are solved by more humans, more people, meaning 
bigger markets for innovation. More babies will mean more forward-
looking adults, the sort we need to tackle long-term, large-scale 
problems.","['4_2_10_2', '4_2_8']"
"I prefer the Hagel approach. It is the right next step. It fits 
easily into this no-carbon, low-carbon Energy bill. I salute the 
Senator from Nebraska and the Senator from Arkansas for their 
leadership. I look forward to voting for it.",['0_0_0']
"H.R. 2 is yet another example of the majority's backward energy 
policy, which doubles-down on dirty fossil fuels instead of investing 
in a clean energy future. I strongly oppose it. While fossil fuels will 
undoubtedly be a significant part of our energy mix for years to come, 
they are really only one piece of a very large energy puzzle.",['7_3_0']
"Just as an example, walk-in coolers and freezers, the rules that have 
been proposed will yield $37 billion in savings, while cutting 159 
million metric tons of carbon dioxide. That is the equivalent of taking 
30 million cars off the road.",['0_0_0']
"The legislation I am introducing today represents a necessary first 
step toward the implementation of such a cap and trade system to 
address global climate change. If severe emissions reduction 
requirements in a cap and trade system take effect before the carbon 
capture and storage technologies are available, the effect on coal 
fired utilities in particular would be severe. They would rapidly 
switch from coal to other fuels. Such fuel switching would 
significantly increase electricity prices to the severe detriment of 
both residential and industrial electricity consumers. Fuel switching 
from coal would most likely result in far greater uses of natural gas 
for electricity generation, severely stressing an already constrained 
natural gas supply and dramatically increasing natural gas prices.
","['4_1_1', '7_3_0']"
"The finance and agriculture sectors and our coastal economies all are 
looking down the barrel of multiple and serious economic crash 
warnings. Banks, insurance companies, Freddie Mac, sovereign banks, 
wherever you look in the world of finance, there are dramatic, dire 
warnings from sober, serious bean-counter people who are not there to 
be green. They are there to make green. So corporate climate concerns 
have moved from the communications shop to business operations and the 
C-suites.",['0_0_0']
"South America's Andean glaciers are retreating at an amazing rate. 
Climatologists from Ohio State University and NASA loaned my office a 
piece of a plant that had been preserved under the Quelccaya icecap in 
Peru for at least 5,200 years, a little bitty piece of plant. But under 
the pressure of the ice and the cold, it had been preserved for 52 
centuries. Today, due to glacial retreat, it was exposed and I now have 
that piece of plant in my office.",['0_0_0']
"  Mr. BYRNE. Mr. Chairman, this amendment seeks to strike all of the 
funding for the Department of Energy's Energy Efficiency and Renewable 
Energy program. This program, under the Department of Energy, allows 
the government to invest millions of taxpayer dollars in high-risk 
research and development schemes for ``green energy'' projects to the 
tune, as we have heard already, of over $1.7 billion.","['4_1_1_3', '4_2_7']"
"And we intend to raise it to 35 miles a gallon, which is certainly 
obtainable, and I'll talk about why we know it's obtainable in a few 
minutes. We know that's a very obtainable goal, and we hope to pass 
that. And this is why this is important. I did a little research on 
this; I've done a lot of research on this. I actually just recently 
wrote a book about this, so this is where I got a lot of this 
information. When you write a book about things, you tend to go out and 
ask a lot of people questions. And what I learned was that if we had 
simply continued making the same improvements in mileage that we made 
from 1976 to 1983, if we had simply continued on that rate of 
improvement, we would be free of Saudi Arabian oil today. Think of what 
that would have meant to our national security if we were free of that 
oil influence in our foreign policy. Well, we have to get back in that 
good habit of expecting more fuel efficient cars.",['0_0_0']
"In addition to being from the energy capital of the world, for the 
past 12 years I have been the Chair of the Energy Braintrust of the 
Congressional Black Caucus. During this time, I have hosted a variety 
of energy Braintrusts designed to bring in all of the relevant players 
ranging from environmentalists to producers of energy from a variety of 
sectors including coal, electric, natural gas, nuclear, oil, and 
alternative energy sources as well as energy producers from West 
Africa. My Energy Braintrusts were designed to be a call of action to 
all of the sectors who comprise the American and international energy 
industry, to the African American community, and to the nation as a 
whole.",['0_0_0']
"If you are really concerned about lowering global greenhouse gas 
emissions, it is the environmental standards that we use in our country 
to produce our national resources--and, by the way, creating our 
American jobs--that have the lowest life cycle carbon emissions.",['7_2_3']
"   The Coastal Plain of the Arctic Refuge, the part of the ",['0_0_0']
"My colleague from the great State of Missouri said it well in so many 
different ways: Now we are pleading with dictators to import more 
energy. That is one element of what, certainly, has been the Biden 
administration's most colossal, strategic mistake of its entire first 
year in office. Trust me. There have been a lot of mistakes on the 
Biden administration's watch. There has been nothing that has 
undermined American interests in terms of working families, in terms of 
skyrocketing inflation, in terms of national security, in terms of 
energy security, and--yes, I am going to talk about it--in terms of 
environmental policy for America and the world. Nothing has been more 
harmful to America's interests and the interests of American working 
families than the reckless policies of the Biden administration's 
approach to American energy.","['4_1_1_1', '4_1_1_2', '4_1_3_1', '4_1_2']"
"The Greenland ice sheet as a whole is shrinking, melting 
and reducing in size as a result of globally changing air and 
ocean temperatures and associated changes in circulation 
patterns in both the ocean and the atmosphere.
",['0_0_0']
"Biodiesel, another great reduction in greenhouse impact at 67 
percent, is an area in which we can, for our large industrial users, 
provide an alternative fuel to help our economy grow. Sugar-based 
ethanol, at 56 percent, as the country of Brazil is doing, is again a 
reduction in the CO2 and an opportunity to scale a 
technology to help an entire nation.",['0_0_0']
"Yet, the Administration has walked away from the negotiating table 
for the Kyoto Protocol. This is a big mistake. The United States is now 
the largest energy consumer in the world, with 4 percent of the world's 
population using 25 percent of the planet's energy. We should be a 
leader when it comes to combating global warming.",['0_0_0']
"In fact, for the year 2012, when this House voted to overturn a 
scientific finding that, in fact, climate change was occurring, we 
experienced the warmest year on record. More than half of this Nation's 
counties were declared Federal disaster areas, due mostly to drought, 
but also to extreme weather events. We experienced the second worst 
year of extreme weather events. In fact, Hurricane Sandy cost the 
Federal Government more than $65 billion and took the lives of 147 
Americans, and we experienced the third worst year for wildland fires; 
more than 9 million acres were burned.",['0_0_0']
"For decades now, Alaskans have been seeking permission to explore and 
to develop oil in the 1002 area. Given the general estimates the USGS 
has indicated, we recognize that it offers this country the best chance 
for a major oil find of any spot onshore in North America, and the 
technology has advanced so that we now have the possibility of 
resolving this dispute to the satisfaction of all sides.",['7_1_0']
"We have had environmental laws in this country that said: if you are 
going to fill in some wetlands to build a road, you have got to create 
some wetlands somewhere else to mitigate for the fact that you have 
taken away some habitat from some species maybe and that sort of thing. 
Well, the road commission put up 100 times the acreage of the wetlands 
that they were going to use for the roadway to mitigate for that. But 
that wasn't good enough for the EPA. As a matter of fact, the EPA 
stopped the road without even listening very well to the mitigation 
plan.",['0_0_0']
"If the President is worried about affordable energy, he needs to stop 
pushing policies that will drive up these prices.",['4_1_1']
"In fact, the administration has had a blackout on this science and 
they are making a bad decision as a result. That is why we are very 
hopeful that the Senate will reject this proposal that is not going to 
solve our energy crisis, is going to damage a precious resource that 
Dwight David Eisenhower started.",['4_2_0']
"America needs to embrace a true energy policy that supports every 
type, from natural gas, oil drilling, nuclear, hydroelectric, and the 
other renewables. We cannot simply declare that some methods of power 
generation are off limits like the Biden administration and others have 
been trying to do to natural gas and oil.","['7_2_0', '7_3_0']"
"There are a number of things it does not do. It does not prohibit 
States from regulating greenhouse gases and addressing climate change. 
The amendment expressly allows States to keep existing policies in 
place and allows States to regulate greenhouse gas emissions as they 
see fit. The bill also makes clear that any changes States have adopted 
in their State implementation programs and title V operating permit 
programs pertaining to greenhouse gases are not federally enforceable.",['0_0_0']
"When the cap-and-trade failed, Obama began aggressively pursuing 
these goals through an executive regulatory barrage of unelected 
bureaucrats. So companies such as Solyndra got big cash payoffs while a 
regulatory train wreck was unleashed by the EPA to destroy America's 
fossil fuel industry.","['4_1_5', '7_2_0']"
"Geothermal, not really much growth. A good, efficient way to heat a 
home. It's costly in the beginning. I know people who have used 
geothermal, and when they build a new home, they go with geothermal 
because they are familiar with it. And it is a less costly way to heat 
your home, especially in milder climates, than traditional fuels.",['0_0_0']
"Oil and natural gas demand is expected to continue to grow for the 
foreseeable future. Alternative energy sources, such as wind and solar 
power, are being pursued but will not alter this outlook for decades to 
come, again making the point that for those who say do not worry about 
these three major sources of energy, we are going to make it up with 
nonrenewables, we can see the large discrepancy.","['7_3_0', '4_2_7_2']"
"What we really need to have in this country in this time of very 
severe economic turmoil when people are losing their jobs and the 
economy is suffering is we need to be looking at producing more 
domestic sources of energy of all kinds. And yet this legislation is 
going to discourage the production of most of the principal sources of 
energy that we utilize in our country today, including coal production 
and nuclear power.","['7_1_0', '4_1_1']"
"I say let's forget this legislation, let's get busy doing things that 
will work. I and the American people are fed up with a dependence on 
foreign oil and the resulting high prices driven by the OPEC cartel 
that meets to decide how much they want to tax the American economy. 
They want to fight back. They are willing to take strong action now. 
But they are not understanding what this bill does. They do not expect 
the Congress to pass a bill that is going to cause them to pay even 
higher prices; that is going to create a huge bureaucracy with more 
regulations, lawsuits, lobbyists, and trillions of new taxes going to 
people who are not accountable to the American people--and they should 
not.","['4_1_1', '4_1_5']"
"   greenhouse gases and climate change. After the election, ",['0_0_0']
"  Mr. HOEVEN. Mr. President, I rise to speak about the Energy Policy 
Modernization Act of 2015--legislation that has been advanced by our 
Energy and Natural Resources Committee chairman, Senator Murkowski, 
along with the ranking member, Senator Cantwell. As a member of the 
committee, I appreciate their leadership on this important issue and 
this legislation we are now considering on the floor.",['0_0_0']
"I am also introducing the Marine and Hydrokinetic Renewable Energy 
Act of 2015, along with my colleagues Senators Merkley, Schatz, and 
King, to spur development of renewable electricity from the water power 
in oceans, rivers, and lakes. This bill reauthorizes the Department of 
Energy's marine renewable energy programs, including the national 
marine renewable energy research, development and demonstration centers 
around the country, one of which is run by Oregon State University in 
my home state. The Department of Energy estimates that there is enough 
potential energy in these nontraditional forms of hydropower to one day 
power millions of homes.",['0_0_0']
"The expenditure in nuclear programs is far beyond what we need to be 
expending in nuclear programs. That is as simple as one can say it. The 
increase in nuclear programs in this budget is by a very significant 
amount over the previous year when we have such great other needs. The 
amendment that the gentleman has proposed returns $56 million to the 
Treasury, which by the way is about similar to the amount that was 
involved in the amendment that had been offered by the gentleman from 
New York seeking only an additional $50 million for renewable energy 
research programs. It seems to me that that would be a far, far better 
way to use the $56 million that otherwise would be returned to the 
Treasury by the gentleman from Ohio and his amendment.",['0_0_0']
"The United States must also be responsive to climate change's impact 
on our friends in the world's least developed and most vulnerable 
countries. As one of the world's largest emitters of carbon emissions, 
we have a responsibility to the world on climate change.",['0_0_0']
"This administration, once again, in pushing the envelope of energy 
and energy technology, has argued that this ought to be the 
transportation fuel of the future, and we ought to begin to invest, 
increasingly so, in this concept.",['0_0_0']
"I must say that last week, like all the rest of my colleagues, I went 
back home and had a chance to visit with a number of my constituents. 
Of course, high gasoline prices was the No. 1 issue on their minds. 
Even though my State is doing relatively well compared to the rest of 
the country, with about a 4.1-percent unemployment rate, we have seen 
some softening in the housing market, but generally speaking, my State 
is prospering. We are grateful for that. But even people who have jobs 
and feel as though they are doing pretty well otherwise are still 
feeling their paychecks shrink as a result of rising energy costs.",['0_0_0']
"In a few hours the House is going to see an interesting discussion. 
The Presiding Officer served in the House. So did I. They are an equal 
partner of ours in the Senate. Over a dozen Members in the House are 
going to take the floor today and express their strong support for 
American jobs and the extension of the PTC. I am pleased these members 
of the House Sustainable Energy and Environmental Coalition will be 
adding their voices to what has become a bipartisan and now bicameral 
push to extend the PTC.",['0_0_0']
"And so we have had a decade of corruption of government by 
billionaire interests who can hide who they are and operate through an 
enormous phalanx of phony front groups whom they have stood up. And if 
you want to know how real this is, look at what we have had to do in 
the reconciliation measure to address climate change--because when I 
got here, there were Republicans willing to address climate change.",['0_0_0']
"However, forcing people into renewable sources of energy only will 
not help families immediately heat their homes this winter or next.",['4_2_7_2']
"As I was showing you the oil chart, oil prices continue to spike, and 
yet we hear nothing from Congress. We don't hear questions and much 
discussion in the Presidential campaigns, and I find that confounding 
because energy, reasonable, affordable energy, is why America is what 
it is today.
",['7_2_1']
"  Mr. ROCKEFELLER. Mr. President, oceans affect human health both 
directly and indirectly from the water quality at our beaches to the 
safety of seafood at U.S. markets; therefore, it is important to 
understand the relationship between environmental stressors, coastal 
conditions, climate change, and human health. Over the last several 
decades ocean and coastal waters have become channels for environmental 
threats to human health including infectious disease, harmful toxins 
from algae, and chemical pollutants from contact with contaminated 
seafood, polluted drinking water, and dirty beaches. Since the 1960s, 
scientists have realized that marine plants, animals, and microbes can 
also produce substances that benefit human health, such as anticancer, 
anti-inflammatory, and antibiotic medicines.",['0_0_0']
"The blue circles are the who's-who of climate denial groups: the 
Heartland Institute--they are the group that compared folks concerned 
about climate change to the Unabomber, to give you a sense of what sort 
of people they are--the American Enterprise Institute, right here, the 
Hoover Institution, the Heritage Foundation, the Cato Institute, the 
Mercatus Center, to name just a few.",['0_0_0']
"Well, No. 1, I hope the President stays focused on cleaning up the 
oil spill--cleaning up the oil spill and taking care of those who have 
been harmed. We need a plan to fix the problem. We need accountability 
in the regulation of energy production. We need to ask the question, 
Where is the President's plan? Where are the people and the equipment 
necessary to implement the President's plan to clean up an oil spill? 
This is not the first time we have had such a spill. After the Exxon 
Valdez tanker spill--that was different, but it was still a big spill 
of oil--the country was convulsed by that, and Congress acted and 
passed the Oil Pollution Act of 1990. It said the President shall 
ensure that he has a plan to clean up a worst-case oil spill and have 
the people and equipment to do it.
",['0_0_0']
"If you figure the price that you could hire a man, the equivalent a 
man to work for you, by buying $10 of fossil fuel, of oil, it will work 
a full year for you. Now let me read what Hyman Rickover said 50 years 
ago and more so today. Man's muscle power is rated at 35 watts 
continuously, \1/20\ of a horse power. That is 24/7. You can do a 
little better than that when you are working, but you have to eat, 
sleep, so forth.",['7_2_1']
"Climate rationalists or skeptics do not need to engage in smoke and 
mirrors to state their case, and we will be offering the world a chance 
to read and decide for themselves, unfiltered from the increasingly 
activist and shrill lens of media outlets such as NBC, Newsweek, Time, 
CBS, ABC, and CNN.",['6_1_2']
"For instance, we in the Senate are now considering an energy 
efficiency bill. Who is working against that more than anyone else? The 
Koch brothers. This bipartisan legislation will spur the use of energy 
efficiency technologies in private homes and in commercial buildings at 
no cost to the taxpayers. This bill will make our country more energy 
independent, protect our environment, and save consumers on their 
energy bills. If that is not enough, it would also create 200,000 
jobs--American jobs that can't be exported. Even the Chamber of 
Commerce--by the way, huge amounts of money come from the Koch brothers 
to the Chamber of Commerce to run ads against Democratic Senators. But, 
in this instance, the Chamber of Commerce even supports Shaheen-
Portman.",['0_0_0']
"Our energy policy has been neglected for far too long. We see the 
effects of this neglect in the sporadic high gas prices at the pump 
during the summer,


in the fact that we import 57 percent of the petroleum we use, and in 
the complexities we must endure in our foreign policy because of that 
energy dependency. To alleviate these problems, the U.S. must produce 
more domestic oil and natural gas while diversifying our energy sources 
with renewable energy sources, as well. Accomplishing this goal means 
we engage in a thorough debate on the matter.
","['4_1_1', '7_2_2', '7_3_0']"
"The personal emails in question do not in any way disprove or 
undercut the mountain of scientific evidence on


global warming. Now the Republicans are attacking the scientists who 
have worked decades on this problem, going so far as to accuse them of 
scientific fascism.",['0_0_0']
"These five components represent a serious challenge that will require 
a great deal of effort, the concentration of substantial intellectual 
power, and the continued efforts of our colleagues and those in the 
environmental, industry, economic, and national security communities. 
We look forward to collaborating in this effort as we continue to shape 
our legislation to its most effective form.",['0_0_0']
"Many Members have discussed passionately how America needs to 
decrease its dependence on foreign energy. In fact, many campaigned on 
promises to decrease our dependence. Sadly, this legislation falls 
drastically short on those promises. In fact it actually increases 
America's dependence on foreign oil. This is a dangerous policy for our 
national and economic security.",['4_1_2']
"This is just a start on a long overdue Federal initiative. But, if we 
are serious about addressing the immense global energy and 
environmental challenges that we commonly share with other nations, 
this initiative must get much greater attention and far more support 
from this administration.

",['0_0_0']
"Mr. Chairman, again, I applaud the intent of the author of the 
amendment to increase our accounts for renewable energy, but as the 
Republican cochairman with the gentleman from Colorado (Mr. Udall) of 
the House Renewable and Energy Caucus, a caucus that includes 180 
members, in a bipartisan way we have worked tirelessly with the 
cooperative efforts of the gentleman from Alabama (Chairman Callahan) 
and the gentleman from Indiana (Mr. Visclosky), ranking member, to 
increase these renewable accounts by $100 million above the President's 
request.",['0_0_0']
"The bill requires that the Intelligence Community determine the 
impacts of global warming. How could we have overlooked this? I thought 
the enemy was al Qaeda, who claimed responsibility for September 11, 
2001. I thought it was Iran, who calls us ``the Great Satan'' and is 
actively pursuing nuclear weapons. I thought it was the Islamic 
terrorists that are attacking our young men and women every day. Now we 
find out it is global warming.","['3_5_0', '4_2_14']"
"Let us vote no on H.J. Res. 30, and let's do more than that. Let's 
call this out as a phony op. This is a scheme, run by the fossil fuel 
industry, to try to solve the problem it has--that its emissions 
problems are now so real that fiduciaries have to address it. That is 
the problem. A fake operation funded by billions of dollars of dark 
money through all of these slimy corporations and entities that doesn't 
disclose who their real donors are and through all of these political 
operatives that get their funding from the fossil fuel industry--that 
is not something we want to encourage in this country. We have had 
enough of the public not being listened to. In this case, actual 
customers, actual clients, are not being listened to because of this 
pressure.",['0_0_0']
"Mr. President, renewable energy technologies represent our best hopes 
for reducing air pollution, creating jobs and decreasing our reliance 
on imported oil and finite supplies of fossil fuels. These programs 
promise to supply economically competitive and commercially viable 
energy, while also assisting our Nation in reducing greenhouse gases 
and oil imports. I believe that the Nation should be looking toward 
alternative forms and sources of energy, not taking a step backward by 
cutting funding for these programs.",['0_0_0']
solar energy back into space and water absorbs solar energy.,['0_0_0']
"As the summer driving season begins, and oil prices remain at near 
all-time record highs, it is simply incredible that the first measure 
debated in this session will not be a bill to lower energy prices by 
producing more of our own energy but a bill that will, in fact, 
substantially increase energy costs.","['4_1_1', '7_3_0']"
"We pay the price for our oil habit when a corrupt regime such as Iran 
feels emboldened to threaten its neighbors with nuclear weapons, and do 
so with impunity because their access to oil makes it possible for them 
to buy influence around the globe.",['0_0_0']
"We have witnessed Antarctic ice grow to records levels since 
satellite monitoring began in the 1970s. We have witnessed NASA 
temperature data errors that have made 1934--instead of 1998--the 
hottest year on record in the United States. We have seen global 
average temperatures flat line since 1998 and the Southern Hemisphere 
cool in recent years.","['1_4_0', '5_3_0', '1_1_1']"
"Over the last 2 years, the Environmental Protection Agency has been 
the most aggressive agency representing environmental causes in many, 
many years. Today, we have an opportunity to try to stop their 
unprecedented power grab. Even the longest-serving Member of this 
House, the distinguished Democrat from Michigan, Mr. John Dingell, whom 
we all respect and admire, said it would be a glorious mess if EPA ever 
tried to regulate greenhouse gases. Carbon dioxide, one of the things 
they are trying to regulate, is necessary for human life.","['4_1_5', '3_3_1']"
"Essentially, they have been using the atmosphere like a private 
garbage dump, like they back their truck full of junk and dump it into 
your county park. We don't let them do that, dump their junk in our 
county park, and we are not going to let them dump their CO2 
in the atmosphere any more with zero cost.",['0_0_0']
